gene	studyA_case01	studyA_case02	studyA_case03	studyA_case04	studyA_case05	studyA_case06	studyA_case07	studyA_case08	studyA_ctrl01	studyA_ctrl02	studyA_ctrl03	studyA_ctrl04	studyA_ctrl05	studyA_ctrl06	studyA_ctrl07	studyA_ctrl08
UBB	45	26	20	64	23	21	36	22	47	56	41	12	33	13	34	10
ATP5F1A	182	373	202	236	457	108	216	196	271	259	165	262	298	248	572	291
PRKACA	16	4	7	13	16	7	24	16	6	27	14	6	23	9	15	7
PRKACB	24	39	8	25	32	24	6	16	42	10	41	28	3	13	17	14
PSMD14	212	39	143	142	113	119	102	143	75	137	193	238	197	408	209	266
UQCRC2	81	75	201	90	113	121	162	50	168	343	181	90	129	112	89	133
CDC42	26	21	15	21	2	19	22	8	35	18	30	39	26	3	34	12
NDUFS4	84	32	22	42	51	102	38	49	53	60	33	41	66	51	104	63
SDHB	277	285	265	394	381	790	383	380	283	335	383	419	297	284	532	361
NDUFB5	47	56	103	68	77	78	84	78	42	57	82	66	84	100	34	70
NDUFV1	145	397	247	195	194	256	188	421	213	188	151	165	196	193	194	451
SNAP25	61	241	196	88	171	139	210	137	325	489	485	556	479	514	447	478
PDHB	88	123	187	56	129	97	64	231	108	70	170	189	62	61	70	157
COX4I1	8	13	5	15	11	1	12	7	9	2	2	14	8	3	4	6
GRB2	24	20	35	14	17	30	11	22	44	7	16	17	22	27	30	19
HDAC1	64	184	90	221	63	87	122	152	72	106	47	222	133	72	214	238
CREBBP	32	32	19	40	30	27	39	28	27	16	20	9	26	42	63	50
NFKB1	10	9	3	5	8	7	5	10	16	21	13	8	5	6	1	4
KAT2B	55	190	147	144	123	67	106	61	47	19	87	33	64	11	21	31
SP1	321	121	198	114	183	138	127	103	52	81	109	180	143	242	285	90
IKBKB	96	264	119	164	166	105	102	83	143	81	75	73	224	114	184	155
ITGB5	296	328	328	252	124	153	215	215	53	74	329	234	181	282	79	212
ITGB8	528	409	513	406	250	312	310	333	745	473	291	407	597	204	486	522
YY1	11	12	12	18	14	10	5	25	23	7	10	4	18	11	28	9
HDAC4	277	153	54	138	248	139	54	207	89	123	19	46	135	341	101	289
GSN	147	93	110	17	126	87	39	112	147	60	145	49	130	191	117	105
ITGA6	13	18	7	14	9	11	7	9	13	7	11	5	4	10	14	0
YAP1	92	100	90	133	34	83	70	70	119	67	102	60	182	93	55	77
FLNB	112	128	110	173	58	85	182	99	71	101	116	123	124	116	222	198
EZR	10	12	15	19	12	3	19	8	13	9	3	10	10	15	24	5
APP	39	12	49	25	29	21	23	50	26	55	27	23	32	19	18	43
MAPT	106	175	91	125	307	298	183	155	114	175	185	226	235	91	74	126
PSEN1	11	17	12	8	4	1	11	17	27	27	6	21	17	9	5	18
PSEN2	170	162	140	114	150	102	85	157	75	175	111	62	150	67	74	161
ACTB	210	174	402	242	123	318	170	409	336	156	214	239	222	303	273	208
GAPDH	17	22	5	9	4	9	1	10	20	12	11	10	14	12	13	20
TUBB	10	10	9	11	7	24	12	11	7	19	22	23	12	19	10	21
SDHA	23	24	29	25	28	9	32	39	15	13	27	18	16	20	18	7
CALM1	2	9	13	22	7	6	12	16	8	14	11	22	7	9	10	7
CALM2	78	65	13	27	48	45	43	66	47	60	82	67	61	38	30	73
CALM3	27	20	24	14	21	24	21	12	25	5	15	10	14	4	13	41
ATP1A1	55	38	31	77	70	48	86	98	20	42	21	16	59	44	33	46
ATP1A2	251	168	138	72	437	419	148	257	183	301	173	372	187	378	78	315
ATP1A3	70	54	116	82	86	52	44	44	52	62	46	87	59	86	94	48
ATP2B1	14	9	27	21	8	33	16	14	19	12	29	5	10	12	25	9
ATP2B2	11	34	19	11	9	8	25	17	29	21	14	11	12	6	12	26
SYN1	187	182	241	239	174	217	263	164	131	114	228	108	304	290	248	409
SYN2	11	5	3	8	8	14	13	15	14	14	2	9	14	7	2	8
SYP	29	15	22	28	11	15	4	12	14	20	5	24	4	5	20	30
SYT1	492	257	342	433	252	343	518	585	257	393	323	791	478	231	389	192
NEFL	120	53	94	135	93	120	109	140	92	59	29	167	77	60	57	44
NEFM	174	277	187	101	351	129	159	169	455	272	146	261	235	514	369	153
NEFH	83	67	29	89	61	41	60	71	66	96	22	57	72	93	104	58
GFAP	1	7	5	12	8	16	8	4	11	0	10	6	4	7	8	8
AIF1	10	12	18	11	4	4	21	3	20	5	4	13	11	3	6	18
CD68	30	28	25	7	34	31	32	63	50	64	11	10	14	26	32	43
TNF	43	41	49	65	63	44	43	59	69	116	60	194	209	61	99	82
IL1B	434	450	439	548	380	283	624	233	364	211	533	544	194	266	228	224
IL6	489	251	771	536	327	293	371	276	237	367	487	282	334	782	261	313
CXCL8	197	373	185	183	213	196	38	127	211	143	401	77	187	206	384	143
CCL2	483	156	403	540	483	244	768	383	459	412	351	272	304	342	953	586
NFKBIA	904	1057	883	1401	518	718	608	1262	329	527	795	291	369	608	278	469
RELA	30	26	17	16	32	16	19	24	16	6	15	20	12	3	8	9
TP53	194	186	175	94	130	236	220	150	127	158	147	207	248	67	99	79
MDM2	10	20	2	14	12	1	5	3	11	6	4	10	12	7	12	13
CDKN1A	83	44	50	53	48	104	84	115	56	29	26	15	57	16	28	39
BAX	205	206	269	221	194	123	147	110	317	62	172	200	118	47	111	76
BCL2	84	90	126	72	122	128	51	159	82	134	56	71	120	164	69	86
CASP3	14	14	10	5	10	8	13	3	10	29	14	10	7	12	6	9
CASP9	18	19	41	28	46	31	15	31	19	21	17	45	18	41	40	12
PARP1	26	50	72	30	29	36	34	27	63	93	55	51	25	50	87	42
ATM	7	10	8	7	5	8	14	2	8	11	10	16	8	5	10	11
ATR	533	286	245	943	863	459	231	104	275	293	188	289	173	270	234	260
BRCA1	5	5	9	4	5	4	4	11	10	3	8	4	1	2	8	3
BRCA2	160	202	157	113	227	148	232	130	98	73	33	40	45	47	69	91
RAD51	60	58	42	33	65	78	63	75	22	15	37	18	23	33	25	18
XRCC1	49	93	74	60	24	56	92	93	69	47	59	82	54	66	56	41
ERCC1	2	6	3	6	3	7	3	5	25	18	15	26	38	16	19	10
MKI67	28	36	46	43	19	54	29	28	78	133	30	129	73	127	107	110
PCNA	203	239	251	337	214	276	354	599	372	313	553	674	451	241	361	520
CCND1	29	63	34	52	46	30	12	36	13	5	25	8	5	10	11	14
CCNE1	566	574	297	619	447	446	667	557	355	435	504	598	477	476	406	819
CDK2	544	368	500	463	898	277	225	696	643	380	635	340	314	289	270	281
CDK4	21	29	28	17	25	19	16	25	12	15	31	19	15	19	20	11
CDK6	3	4	7	13	4	8	13	4	8	7	6	5	5	3	2	3
RB1	263	183	318	357	107	124	296	207	176	511	150	149	306	249	168	399
E2F1	4	0	1	3	3	3	3	1	5	1	4	13	6	11	1	0
MYC	42	95	41	76	146	34	76	113	35	48	51	167	55	94	63	112
MAX	42	92	59	44	71	65	68	57	79	52	45	62	67	70	62	40
JUN	28	42	22	23	66	39	34	41	43	29	37	31	29	76	45	40
FOS	223	257	265	238	145	202	469	238	266	324	314	131	285	149	214	197
EGR1	5	21	25	8	24	21	15	22	36	9	23	17	15	8	35	38
ATF3	139	106	56	291	146	73	145	189	130	92	189	77	169	161	103	154
STAT1	42	48	34	42	55	32	53	13	30	28	43	60	78	40	21	50
STAT3	30	19	98	83	57	35	59	94	63	54	86	76	34	45	38	42
STAT5A	30	25	19	50	28	18	14	27	31	30	20	16	38	21	26	16
JAK1	1	45	13	26	25	36	18	51	8	17	21	31	26	61	21	14
JAK2	89	73	126	61	60	29	39	167	103	110	147	19	67	93	99	106
SOCS1	73	12	44	42	24	32	12	33	64	36	17	65	18	48	21	77
SOCS3	25	7	9	33	44	16	40	14	21	18	29	42	29	10	37	24
IRF1	52	130	254	85	150	118	107	170	122	75	60	154	106	182	197	137
SYNTH0001	128	233	86	86	118	110	95	149	107	112	99	113	95	148	130	147
SYNTH0002	120	629	803	347	316	636	600	293	487	367	280	381	205	173	189	324
SYNTH0003	8	14	20	7	8	11	23	19	2	11	16	21	15	12	3	14
SYNTH0004	126	173	215	208	361	76	246	187	237	243	251	172	229	296	263	125
SYNTH0005	41	32	27	22	50	17	48	50	53	56	19	28	25	24	23	30
SYNTH0006	9	10	13	19	8	6	6	8	2	7	1	7	17	11	7	7
SYNTH0007	68	40	84	70	154	80	120	104	254	272	206	208	41	221	362	80
SYNTH0008	8	5	1	7	9	10	12	5	12	4	13	5	5	7	12	9
SYNTH0009	17	5	8	2	9	6	20	17	10	20	15	9	42	3	23	4
SYNTH0010	232	275	277	285	363	361	419	392	388	124	388	365	279	252	383	358
SYNTH0011	23	10	19	12	13	21	17	13	7	3	6	6	4	3	6	15
SYNTH0012	5	10	6	3	7	11	3	6	12	7	16	17	19	4	18	8
SYNTH0013	17	27	26	19	35	9	21	23	22	21	23	31	34	30	17	6
SYNTH0014	10	29	34	17	19	25	11	21	25	32	40	25	78	38	35	76
SYNTH0015	4	9	18	7	34	39	4	23	9	39	8	9	11	17	28	40
SYNTH0016	4	7	7	4	12	5	4	3	7	8	1	11	9	13	9	3
SYNTH0017	5	15	9	13	21	13	6	4	6	7	6	16	5	8	6	9
SYNTH0018	269	391	442	543	388	311	719	500	653	417	434	500	331	354	167	567
SYNTH0019	5	7	12	8	11	5	6	11	20	3	11	8	12	9	8	11
SYNTH0020	13	18	28	23	10	22	19	20	15	25	22	14	34	30	16	20
SYNTH0021	47	20	47	35	21	27	44	28	62	26	43	46	23	28	44	61
SYNTH0022	232	218	203	132	210	251	247	321	237	419	279	295	364	554	163	212
SYNTH0023	69	100	72	225	103	139	66	273	88	57	96	124	111	102	182	55
SYNTH0024	43	30	48	46	18	35	50	19	95	18	39	7	19	40	42	73
SYNTH0025	68	56	29	58	22	38	37	98	24	49	31	22	39	20	28	24
SYNTH0026	74	75	60	22	64	141	152	34	81	88	39	82	83	104	56	106
SYNTH0027	42	44	47	41	22	24	64	76	69	38	31	60	83	41	57	37
SYNTH0028	142	111	87	124	77	90	102	159	118	89	187	143	91	164	96	125
SYNTH0029	16	11	12	17	20	15	4	17	20	24	14	10	13	14	18	13
SYNTH0030	11	4	14	14	26	11	20	23	17	6	5	14	10	30	9	19
SYNTH0031	6	8	13	8	21	5	9	12	5	7	7	12	15	19	9	0
SYNTH0032	16	6	20	12	12	12	12	14	9	8	25	12	22	9	31	10
SYNTH0033	33	22	38	27	15	25	8	32	13	41	37	25	27	27	12	25
SYNTH0034	16	3	6	0	7	7	8	17	8	6	3	9	5	6	11	3
SYNTH0035	61	40	42	67	69	72	80	52	108	194	205	129	224	215	234	107
SYNTH0036	4	13	2	8	7	7	10	4	4	18	0	9	11	8	0	5
SYNTH0037	31	67	56	44	19	11	26	38	20	39	37	29	25	32	19	60
SYNTH0038	39	26	30	29	29	116	48	67	56	40	61	59	55	76	32	56
SYNTH0039	208	243	269	404	285	272	588	257	113	365	355	90	303	224	286	319
SYNTH0040	68	72	69	82	49	20	71	93	52	40	67	51	60	58	48	123
SYNTH0041	277	121	198	220	177	306	360	236	246	156	144	158	122	82	182	127
SYNTH0042	80	70	19	71	53	69	72	53	25	63	121	23	32	51	84	34
SYNTH0043	56	57	51	33	55	37	68	49	61	33	80	35	22	44	50	18
SYNTH0044	15	5	21	6	5	18	2	13	19	6	9	7	11	6	3	6
SYNTH0045	107	166	24	142	183	98	70	121	51	36	40	53	40	68	60	46
SYNTH0046	180	161	252	195	133	155	307	359	226	309	193	459	348	213	195	152
SYNTH0047	278	178	397	205	217	177	280	151	103	147	97	234	191	35	144	228
SYNTH0048	11	7	8	3	10	8	11	4	7	7	5	9	5	13	5	18
SYNTH0049	58	24	44	36	48	58	22	49	39	16	88	20	61	41	24	38
SYNTH0050	113	186	57	77	122	80	72	95	82	85	61	47	83	106	82	87
SYNTH0051	279	410	598	161	231	555	401	162	344	925	386	398	750	331	630	168
SYNTH0052	384	308	377	727	432	273	153	365	449	410	386	363	320	439	476	552
SYNTH0053	37	47	27	13	34	71	23	20	29	45	53	19	24	44	40	19
SYNTH0054	629	263	221	534	317	518	213	702	644	327	257	557	665	485	421	252
SYNTH0055	29	34	7	20	22	15	31	11	20	37	28	78	33	78	41	57
SYNTH0056	234	255	324	434	366	358	453	410	108	273	357	294	238	393	415	289
SYNTH0057	155	127	80	111	137	151	175	98	205	84	100	182	36	169	57	152
SYNTH0058	20	15	18	10	8	16	10	29	28	39	20	14	17	25	24	7
SYNTH0059	258	151	238	371	145	156	90	302	224	232	356	143	168	368	260	156
SYNTH0060	245	204	150	142	247	36	121	99	71	72	201	77	90	110	122	89
SYNTH0061	784	294	348	177	249	581	660	231	149	653	413	266	345	341	166	265
SYNTH0062	17	29	44	24	17	30	41	40	10	64	18	27	44	16	34	33
SYNTH0063	7	8	17	9	5	14	18	7	9	7	13	7	5	11	9	28
SYNTH0064	68	46	82	71	59	78	64	39	60	25	22	59	83	66	69	88
SYNTH0065	33	55	39	53	44	65	28	28	29	35	16	71	40	25	24	38
SYNTH0066	31	14	37	23	39	27	32	32	21	19	22	16	16	26	21	20
SYNTH0067	17	15	30	14	18	19	41	10	14	8	8	12	8	5	1	14
SYNTH0068	37	113	75	166	110	145	141	58	73	164	106	158	124	162	181	162
SYNTH0069	59	121	72	43	37	80	74	45	49	76	19	31	115	100	62	39
SYNTH0070	151	187	308	301	342	213	217	168	483	197	393	123	329	186	130	199
SYNTH0071	8	6	0	6	16	20	19	12	4	23	20	16	16	5	6	13
SYNTH0072	134	242	115	257	380	243	137	152	258	253	131	239	88	407	340	365
SYNTH0073	64	64	60	35	52	36	68	79	19	57	105	34	25	66	38	58
SYNTH0074	221	60	145	44	65	70	136	68	146	91	166	145	223	35	26	117
SYNTH0075	81	196	102	74	78	66	90	64	115	98	114	90	82	128	88	137
SYNTH0076	97	46	128	147	43	51	50	65	74	77	120	84	163	44	91	53
SYNTH0077	273	174	357	244	117	146	243	170	244	202	137	509	218	130	390	131
SYNTH0078	26	19	20	22	29	26	34	6	13	28	14	18	9	21	16	12
SYNTH0079	57	70	158	75	66	138	180	119	39	105	182	127	174	73	61	190
SYNTH0080	481	586	265	306	626	799	386	206	815	212	214	215	580	148	259	403
SYNTH0081	587	309	548	393	252	309	469	278	758	217	698	201	492	470	221	85
SYNTH0082	5	6	8	8	5	4	11	7	8	7	4	4	8	13	7	13
SYNTH0083	149	27	25	106	105	40	42	33	171	180	89	76	192	189	131	258
SYNTH0084	161	162	183	158	295	209	217	106	301	131	196	245	472	53	230	129
SYNTH0085	264	267	391	181	296	318	400	119	125	549	191	256	193	292	282	165
SYNTH0086	45	32	86	59	70	62	58	48	60	39	16	23	50	27	50	31
SYNTH0087	32	26	7	25	12	37	26	20	17	14	7	19	23	9	12	50
SYNTH0088	430	474	533	198	147	404	752	229	83	243	216	273	205	128	71	199
SYNTH0089	51	102	71	94	27	54	168	64	97	110	86	43	144	98	154	70
SYNTH0090	4	40	26	15	36	30	39	35	20	36	85	11	19	26	33	29
SYNTH0091	96	59	70	110	48	158	61	176	196	158	77	58	70	107	56	136
SYNTH0092	126	65	65	91	251	56	172	223	127	157	67	184	152	174	102	49
SYNTH0093	39	22	40	27	29	14	16	23	35	19	48	57	13	33	47	29
SYNTH0094	471	262	250	130	363	222	400	200	111	285	385	192	236	120	338	213
SYNTH0095	235	588	410	290	494	389	694	171	358	330	430	494	292	565	317	166
SYNTH0096	7	10	3	7	6	13	12	7	14	0	5	14	3	2	10	23
SYNTH0097	177	161	174	81	200	123	134	168	134	148	94	92	117	119	53	127
SYNTH0098	6	12	24	18	10	23	17	15	10	18	29	15	8	15	27	21
SYNTH0099	211	154	308	166	364	270	146	180	206	264	203	292	121	225	231	192
SYNTH0100	17	20	21	6	18	30	20	19	26	27	27	9	30	23	29	21
SYNTH0101	9	11	3	13	13	6	11	13	14	14	20	19	9	0	11	19
SYNTH0102	31	83	49	42	35	59	29	70	38	33	62	41	58	77	28	45
SYNTH0103	186	307	377	509	247	550	324	428	273	427	120	105	153	197	237	117
SYNTH0104	20	31	18	42	16	12	29	19	36	28	40	65	38	12	37	22
SYNTH0105	67	140	187	107	105	239	108	150	108	114	109	151	81	90	204	127
SYNTH0106	442	122	214	228	258	171	310	203	146	343	109	308	219	154	422	275
SYNTH0107	142	79	74	81	74	108	162	105	33	49	26	45	57	25	12	49
SYNTH0108	33	21	64	54	32	23	20	34	23	67	48	34	46	51	89	15
SYNTH0109	9	13	19	7	17	17	16	26	32	42	53	18	25	18	23	36
SYNTH0110	12	10	8	0	1	10	4	10	18	8	6	17	8	1	3	9
SYNTH0111	131	159	164	157	268	42	129	84	102	269	108	131	123	98	155	59
SYNTH0112	45	10	48	26	32	18	24	7	23	37	23	67	53	45	31	52
SYNTH0113	47	19	49	29	30	44	20	62	45	50	51	47	58	43	64	21
SYNTH0114	19	20	15	60	2	22	16	17	28	28	22	23	29	45	22	45
SYNTH0115	16	9	32	21	13	27	26	4	7	16	13	34	10	16	27	6
SYNTH0116	269	96	264	225	305	350	324	250	282	423	283	219	368	201	165	165
SYNTH0117	33	27	66	12	25	64	64	53	81	22	25	35	63	59	102	43
SYNTH0118	16	29	26	14	25	11	27	43	57	37	13	40	13	19	43	30
SYNTH0119	17	63	69	70	85	26	48	64	33	58	79	10	43	23	36	60
SYNTH0120	42	39	50	28	24	30	31	28	19	21	31	20	25	22	25	34
SYNTH0121	70	93	138	171	136	237	204	115	236	141	92	75	198	249	189	193
SYNTH0122	420	266	72	417	184	112	163	84	453	235	113	193	330	462	127	157
SYNTH0123	40	40	28	50	67	69	27	48	71	32	53	42	40	60	59	38
SYNTH0124	27	83	42	34	33	44	30	37	50	32	41	44	42	51	18	47
SYNTH0125	153	173	79	230	195	164	169	214	81	230	131	118	122	282	200	206
SYNTH0126	123	156	338	327	77	175	272	273	191	211	115	475	370	478	201	218
SYNTH0127	141	54	76	138	65	56	94	54	82	23	39	102	82	42	62	55
SYNTH0128	20	24	8	22	25	34	14	17	22	22	15	22	21	15	25	17
SYNTH0129	11	5	0	4	11	17	1	7	17	25	13	9	13	28	9	20
SYNTH0130	38	49	11	26	16	27	22	41	36	41	27	48	22	20	45	25
SYNTH0131	216	359	283	300	193	677	340	330	240	117	259	363	208	258	104	145
SYNTH0132	463	406	94	123	170	233	185	194	253	307	244	195	309	292	107	310
SYNTH0133	80	162	166	97	112	117	254	52	238	164	204	231	213	67	84	93
SYNTH0134	682	330	357	404	496	216	284	575	213	175	334	254	625	488	456	419
SYNTH0135	7	7	6	14	16	26	9	17	25	4	20	12	13	19	5	7
SYNTH0136	416	485	295	489	382	166	87	321	205	134	177	85	95	178	155	142
SYNTH0137	31	5	19	16	7	12	4	3	5	13	18	23	9	9	18	4
SYNTH0138	121	117	70	60	123	154	74	82	145	81	101	144	138	80	140	49
SYNTH0139	19	17	32	10	15	18	13	4	12	10	5	7	28	19	20	28
SYNTH0140	187	175	174	153	133	83	49	191	142	246	144	142	193	96	205	209
SYNTH0141	20	18	21	17	7	15	1	25	15	16	8	3	19	17	24	3
SYNTH0142	54	65	127	77	59	76	90	83	307	363	188	120	303	160	176	239
SYNTH0143	110	157	340	140	176	352	235	298	118	88	89	178	182	76	332	86
SYNTH0144	69	35	92	51	29	59	13	65	131	114	126	161	81	156	59	169
SYNTH0145	10	9	8	11	8	3	7	15	0	5	14	7	5	7	8	10
SYNTH0146	937	1363	494	557	1705	779	1043	1007	248	891	137	336	297	866	322	591
SYNTH0147	22	10	16	24	19	30	2	13	21	8	37	28	14	10	50	27
SYNTH0148	190	218	199	103	267	227	159	109	128	236	308	212	101	126	199	233
SYNTH0149	40	47	48	39	27	42	15	30	38	51	17	23	39	39	50	60
SYNTH0150	206	166	287	122	70	85	332	255	127	271	332	187	195	222	146	98
SYNTH0151	7	3	16	10	3	8	12	28	4	11	11	4	18	12	17	21
SYNTH0152	54	68	28	46	103	69	83	51	95	55	135	108	46	62	87	64
SYNTH0153	29	14	43	34	14	47	20	37	26	15	25	22	41	62	30	9
SYNTH0154	221	356	323	296	303	165	440	218	300	173	309	301	305	309	226	222
SYNTH0155	44	130	84	61	83	47	65	37	91	38	68	44	51	29	79	58
SYNTH0156	203	133	95	341	245	186	74	344	94	77	68	74	88	52	59	94
SYNTH0157	9	9	11	11	11	9	29	19	13	23	19	11	6	9	6	9
SYNTH0158	12	11	5	4	5	2	0	4	5	10	7	15	1	3	4	13
SYNTH0159	180	211	139	194	65	141	139	161	81	120	189	168	311	129	131	146
SYNTH0160	60	179	128	176	142	105	185	110	286	476	358	485	457	280	234	323
SYNTH0161	26	13	42	18	19	28	21	15	49	79	26	14	55	60	61	49
SYNTH0162	53	90	236	60	68	163	121	78	76	61	60	83	100	59	55	69
SYNTH0163	91	79	166	53	66	134	127	114	55	95	152	162	72	48	125	64
SYNTH0164	41	44	70	49	58	50	26	76	51	54	46	60	77	42	46	82
SYNTH0165	318	355	348	178	255	429	399	247	324	211	198	191	73	243	526	256
SYNTH0166	15	26	19	39	17	18	35	22	27	11	22	35	11	12	41	16
SYNTH0167	273	201	287	264	416	351	201	299	198	78	188	275	252	157	201	266
SYNTH0168	98	153	116	170	147	115	159	68	183	107	118	127	121	157	127	189
SYNTH0169	271	144	113	200	107	263	243	383	102	337	326	45	158	185	147	528
SYNTH0170	52	42	64	48	60	29	48	13	43	10	36	31	40	34	79	31
SYNTH0171	15	9	8	11	10	4	8	9	5	13	6	9	26	6	7	12
SYNTH0172	92	79	247	191	147	167	374	249	94	486	136	150	206	469	276	265
SYNTH0173	14	13	26	32	20	34	30	11	58	18	30	21	9	13	27	39
SYNTH0174	152	130	225	154	304	88	192	273	261	262	324	163	276	80	81	154
SYNTH0175	17	13	25	9	13	40	14	28	14	13	5	6	16	22	25	22
SYNTH0176	259	181	230	404	258	241	470	276	265	189	356	126	181	243	239	96
SYNTH0177	135	35	136	121	100	85	92	74	143	86	91	40	90	109	134	107
SYNTH0178	359	195	258	135	371	353	240	362	157	104	159	359	77	496	209	162
SYNTH0179	16	8	15	21	27	35	8	19	15	15	10	58	11	9	22	23
SYNTH0180	139	94	46	85	87	93	49	88	98	91	44	31	54	73	58	85
SYNTH0181	164	168	206	186	167	285	144	190	110	165	233	243	78	120	219	308
SYNTH0182	3	6	11	4	12	1	10	9	12	18	8	5	6	4	6	10
SYNTH0183	115	45	51	59	156	140	75	96	108	96	80	51	159	104	86	110
SYNTH0184	188	319	493	510	326	449	345	284	619	201	279	281	244	259	237	177
SYNTH0185	278	131	379	77	89	374	275	129	69	123	38	81	102	60	61	107
SYNTH0186	87	51	110	97	106	98	48	85	100	87	37	102	61	77	99	58
SYNTH0187	2	6	6	20	4	18	4	12	8	14	12	19	21	10	7	6
SYNTH0188	213	255	312	183	160	141	143	338	207	181	97	116	119	119	132	162
SYNTH0189	1018	753	225	342	444	394	690	312	500	613	249	338	425	158	299	288
SYNTH0190	48	30	55	64	27	26	37	34	22	16	5	44	33	37	29	21
SYNTH0191	73	63	60	164	70	177	83	82	141	86	97	112	140	93	64	137
SYNTH0192	10	18	3	19	16	3	17	5	12	10	31	14	14	7	12	12
SYNTH0193	11	20	13	24	14	11	16	11	4	24	8	9	10	14	11	14
SYNTH0194	151	122	108	106	102	164	163	134	231	71	102	155	129	71	87	98
SYNTH0195	2	13	14	1	9	4	16	8	3	12	12	4	10	7	3	8
SYNTH0196	9	14	16	5	13	7	10	11	9	13	6	11	3	8	7	18
SYNTH0197	115	89	265	214	134	129	83	115	51	116	133	97	136	139	90	165
SYNTH0198	10	9	18	9	3	20	15	3	2	8	8	10	11	5	9	15
SYNTH0199	49	10	12	26	19	50	45	32	29	15	16	12	21	38	42	9
SYNTH0200	186	226	192	157	228	210	198	126	48	183	255	129	185	109	251	200
SYNTH0201	152	83	131	145	225	71	148	121	476	239	179	131	158	251	182	275
SYNTH0202	535	498	506	166	382	476	339	350	315	423	173	358	201	384	520	492
SYNTH0203	65	76	39	17	50	19	30	31	30	38	52	37	29	44	44	24
SYNTH0204	39	50	86	69	241	53	109	63	117	211	116	83	189	35	89	78
SYNTH0205	17	21	26	32	33	17	17	18	48	54	45	39	37	11	40	38
SYNTH0206	36	25	73	65	24	120	57	72	14	41	19	81	44	28	35	37
SYNTH0207	81	25	59	50	56	48	53	78	82	90	69	42	50	30	83	60
SYNTH0208	75	63	61	42	90	123	48	57	35	35	50	14	13	43	15	29
SYNTH0209	25	30	11	13	18	16	20	38	12	38	13	21	27	11	28	7
SYNTH0210	408	362	214	481	100	430	363	289	354	519	550	188	371	205	805	342
SYNTH0211	89	162	151	91	108	90	22	92	132	137	88	70	143	152	83	103
SYNTH0212	9	12	6	18	13	15	8	3	15	15	8	6	7	13	7	1
SYNTH0213	10	17	11	30	7	20	5	18	8	16	16	7	15	13	17	35
SYNTH0214	96	91	63	63	48	84	76	138	104	81	55	101	42	59	72	90
SYNTH0215	117	145	311	151	166	46	63	204	96	139	157	62	249	61	143	187
SYNTH0216	177	111	154	171	112	285	112	133	64	123	115	221	120	111	159	97
SYNTH0217	422	416	749	196	384	991	723	276	551	230	629	616	255	394	469	484
SYNTH0218	39	44	15	7	32	12	30	19	16	31	10	23	15	15	26	20
SYNTH0219	107	32	36	64	64	71	101	52	144	50	51	38	43	145	106	79
SYNTH0220	83	85	84	72	80	93	100	99	62	102	174	110	56	116	86	134
SYNTH0221	9	11	8	5	6	3	12	3	10	7	4	12	12	9	17	7
SYNTH0222	171	208	223	267	382	126	124	166	216	123	238	244	305	128	273	146
SYNTH0223	27	14	19	13	9	32	34	16	11	15	12	30	18	15	40	16
SYNTH0224	12	26	22	20	18	18	23	10	23	42	12	15	17	15	15	10
SYNTH0225	5	26	19	27	17	28	17	14	26	14	18	8	26	21	37	31
SYNTH0226	398	201	271	338	323	245	656	302	552	629	594	214	331	393	284	726
SYNTH0227	0	4	32	10	13	11	7	6	13	1	30	15	16	6	8	19
SYNTH0228	16	12	21	24	47	28	63	31	28	17	13	15	24	34	34	61
SYNTH0229	68	127	34	37	51	39	38	55	113	38	44	34	29	40	63	18
SYNTH0230	31	43	49	84	37	26	103	62	13	105	73	103	52	34	31	42
SYNTH0231	182	267	219	244	188	138	154	177	170	292	130	160	104	129	156	177
SYNTH0232	172	130	174	185	216	168	274	152	89	184	168	245	123	192	210	93
SYNTH0233	30	31	34	53	20	28	53	53	44	60	62	52	48	42	19	47
SYNTH0234	38	9	33	48	19	34	30	29	19	42	34	23	27	3	30	29
SYNTH0235	192	42	63	48	111	59	109	37	55	13	108	56	100	70	39	66
SYNTH0236	63	64	87	53	62	40	106	127	51	56	134	56	44	31	58	68
SYNTH0237	7	4	4	12	14	8	7	6	7	9	1	1	11	15	14	16
SYNTH0238	58	62	16	11	38	10	37	31	7	7	15	11	17	7	21	11
SYNTH0239	1	1	6	17	5	9	8	4	7	4	13	6	13	4	7	9
SYNTH0240	26	49	33	58	29	75	29	52	20	74	31	51	50	23	56	36
SYNTH0241	262	99	150	95	168	199	167	68	57	210	174	159	121	210	65	126
SYNTH0242	32	47	52	41	109	69	93	35	73	36	89	50	94	56	99	46
SYNTH0243	9	22	4	10	6	6	13	10	12	8	7	3	20	6	8	14
SYNTH0244	131	70	88	214	113	149	127	127	132	19	118	61	96	141	157	49
SYNTH0245	169	84	178	78	156	160	55	115	98	73	180	88	119	130	174	99
SYNTH0246	11	29	13	21	21	16	17	21	8	29	9	8	13	12	18	9
SYNTH0247	43	37	19	22	32	33	23	5	20	26	26	23	17	27	26	12
SYNTH0248	562	346	294	162	454	235	184	540	299	313	178	386	566	218	304	303
SYNTH0249	16	43	40	22	31	12	18	35	27	31	19	42	16	17	10	25
SYNTH0250	165	140	212	153	96	230	141	160	239	174	121	185	29	300	122	86
SYNTH0251	39	33	15	16	49	26	52	15	57	47	37	22	21	39	26	34
SYNTH0252	180	141	32	81	115	117	131	114	79	97	115	108	176	95	121	125
SYNTH0253	67	165	57	32	65	84	85	76	18	62	40	69	52	26	51	75
SYNTH0254	21	46	38	15	32	26	48	31	39	20	46	25	22	15	57	31
SYNTH0255	215	224	159	118	126	217	152	158	77	77	254	251	100	127	214	468
SYNTH0256	37	17	13	10	27	64	18	29	62	24	24	35	23	27	31	30
SYNTH0257	259	459	362	253	418	183	254	274	383	104	100	244	316	349	420	285
SYNTH0258	149	115	138	165	182	177	139	122	240	174	209	146	136	166	259	206
SYNTH0259	198	315	239	281	188	128	221	218	163	200	258	252	599	193	318	77
SYNTH0260	18	4	11	9	4	15	13	4	18	6	17	9	14	7	14	7
SYNTH0261	25	36	12	16	15	22	23	23	5	12	35	34	16	24	25	25
SYNTH0262	26	50	18	12	10	14	19	35	32	12	21	22	22	11	23	20
SYNTH0263	5	12	5	14	9	11	13	16	7	7	6	16	7	14	5	8
SYNTH0264	396	807	452	756	397	497	500	495	384	137	210	652	391	434	406	474
SYNTH0265	18	63	32	42	16	28	39	12	27	17	31	35	72	28	19	48
SYNTH0266	3	4	3	2	4	0	7	3	7	11	11	2	3	7	6	4
SYNTH0267	46	42	73	132	169	75	36	67	33	23	33	28	44	16	11	25
SYNTH0268	40	24	39	11	26	19	22	41	23	25	17	30	22	20	25	26
SYNTH0269	22	32	56	21	18	58	52	35	122	84	91	50	109	97	56	125
SYNTH0270	17	109	24	34	41	81	15	58	42	74	71	12	44	19	38	58
SYNTH0271	31	35	22	35	44	69	29	16	38	59	44	33	20	42	63	27
SYNTH0272	47	18	47	44	52	21	56	20	38	21	21	21	40	24	21	10
SYNTH0273	7	20	5	8	10	34	11	16	10	13	6	12	13	10	13	10
SYNTH0274	9	7	2	8	15	12	4	8	13	26	12	11	9	3	8	10
SYNTH0275	249	162	186	221	114	462	492	339	323	185	237	86	441	279	332	252
SYNTH0276	56	131	26	112	92	180	77	90	42	172	93	149	50	30	37	51
SYNTH0277	16	38	36	60	39	14	49	20	41	15	36	29	25	34	17	16
SYNTH0278	583	239	537	135	545	367	333	216	525	360	362	425	309	205	437	174
SYNTH0279	14	23	49	17	30	43	30	39	35	26	24	15	41	18	18	15
SYNTH0280	70	158	301	155	250	218	132	158	278	242	290	209	208	534	371	445
SYNTH0281	16	17	27	33	20	8	12	27	14	6	7	12	5	6	0	13
SYNTH0282	753	643	1148	1349	1432	568	1126	1047	702	453	236	143	326	291	309	330
SYNTH0283	147	243	124	185	208	122	29	97	214	165	156	179	138	187	90	81
SYNTH0284	147	125	267	87	79	66	98	87	139	97	97	130	107	167	112	100
SYNTH0285	14	7	17	3	16	6	12	12	4	6	7	9	10	20	22	11
SYNTH0286	20	24	20	10	5	20	8	20	18	18	25	18	20	35	10	16
SYNTH0287	30	39	43	37	29	27	37	29	20	14	20	27	23	22	14	38
SYNTH0288	9	6	8	14	11	5	10	12	9	11	3	5	16	3	21	3
SYNTH0289	121	179	96	57	42	51	135	57	67	62	30	145	96	95	56	135
SYNTH0290	71	21	49	34	82	82	51	105	63	74	79	32	69	49	32	53
SYNTH0291	208	117	38	180	241	104	124	58	177	117	181	231	119	316	155	222
SYNTH0292	67	41	102	115	73	80	30	28	114	63	79	57	73	50	88	63
SYNTH0293	3	17	5	16	7	3	8	12	0	7	8	0	6	5	2	13
SYNTH0294	42	84	175	138	162	133	92	106	132	179	129	145	185	81	103	149
SYNTH0295	73	92	225	144	70	211	107	196	552	397	232	258	376	340	596	512
SYNTH0296	10	11	7	10	7	8	9	11	9	10	12	6	8	8	12	19
SYNTH0297	248	207	351	290	713	527	204	196	411	328	353	312	170	287	308	432
SYNTH0298	41	78	70	82	123	125	84	55	102	50	269	122	53	29	97	30
SYNTH0299	29	67	76	66	71	94	22	53	45	65	55	44	24	59	88	72
SYNTH0300	7	15	16	13	9	18	6	9	4	23	23	11	33	10	9	11
SYNTH0301	237	371	421	291	331	339	630	389	203	300	579	226	222	261	283	407
SYNTH0302	44	41	13	41	29	68	40	18	41	31	14	12	33	19	35	21
SYNTH0303	13	14	15	8	27	24	23	35	12	29	33	22	27	23	26	22
SYNTH0304	88	79	58	53	87	46	35	52	31	46	53	26	43	23	14	31
SYNTH0305	368	425	733	308	905	139	386	156	372	380	143	233	127	251	299	331
SYNTH0306	186	237	570	493	242	452	772	939	243	340	497	112	303	412	516	156
SYNTH0307	5	10	16	8	19	10	14	17	2	9	11	4	9	9	5	9
SYNTH0308	30	67	91	22	88	56	30	58	62	26	70	39	67	74	66	37
SYNTH0309	223	502	509	271	443	716	317	122	334	393	277	364	310	226	463	205
SYNTH0310	214	168	290	309	351	298	254	227	344	440	227	199	189	126	217	283
SYNTH0311	46	26	72	53	39	24	95	80	32	17	61	73	74	86	84	47
SYNTH0312	130	183	152	226	123	134	114	324	114	47	107	106	130	165	152	48
SYNTH0313	415	214	443	121	287	167	294	345	227	499	179	450	654	222	231	358
SYNTH0314	78	87	90	50	191	88	153	66	352	474	291	233	432	180	684	207
SYNTH0315	40	17	32	13	25	23	39	15	17	33	29	39	36	12	16	20
SYNTH0316	34	46	54	38	61	50	41	27	41	37	33	45	62	43	62	31
SYNTH0317	23	34	24	21	12	18	61	38	14	6	27	20	16	31	15	25
SYNTH0318	68	50	80	35	48	61	90	53	35	20	69	37	39	87	62	49
SYNTH0319	22	1	24	14	28	6	17	7	9	14	8	20	13	10	7	21
SYNTH0320	75	15	61	108	107	21	87	204	65	111	91	59	18	78	89	63
SYNTH0321	121	325	358	113	114	232	223	401	232	128	327	326	438	452	266	138
SYNTH0322	102	122	215	85	73	129	71	207	117	161	83	192	131	56	63	53
SYNTH0323	8	8	17	19	6	20	25	8	22	21	24	12	18	23	17	18
SYNTH0324	209	160	245	110	210	198	148	236	162	401	191	119	116	316	148	169
SYNTH0325	44	52	58	34	43	40	21	14	78	32	100	25	18	57	34	37
SYNTH0326	12	18	3	24	14	13	15	12	72	67	14	24	58	47	33	37
SYNTH0327	467	459	625	388	493	252	521	619	208	487	459	167	213	256	493	225
SYNTH0328	29	71	60	30	89	34	40	40	74	73	47	55	51	64	46	37
SYNTH0329	2	2	5	5	8	3	8	6	1	3	14	2	11	12	6	10
SYNTH0330	369	470	291	190	277	250	219	228	172	276	394	387	420	286	212	321
SYNTH0331	32	22	28	8	38	27	34	44	14	34	40	23	22	29	17	45
SYNTH0332	507	814	268	516	356	520	610	599	432	481	440	381	503	354	469	382
SYNTH0333	121	122	115	95	139	148	113	107	166	141	164	170	307	96	258	134
SYNTH0334	311	573	220	943	176	765	408	566	241	183	239	273	190	172	262	58
SYNTH0335	41	10	14	24	46	33	25	29	25	49	66	29	18	12	17	43
SYNTH0336	3	3	4	4	2	5	1	3	12	13	11	12	11	4	13	5
SYNTH0337	41	47	35	73	33	37	29	24	23	99	25	35	93	39	41	26
SYNTH0338	62	81	122	100	33	44	49	76	62	42	96	55	101	109	68	177
SYNTH0339	51	26	39	34	11	22	22	22	19	44	13	22	19	17	46	10
SYNTH0340	77	72	107	21	79	129	179	132	154	186	68	219	168	37	132	38
SYNTH0341	70	40	33	49	46	70	83	89	55	83	41	59	43	47	43	71
SYNTH0342	168	306	189	237	173	94	201	167	131	60	256	152	99	206	381	126
SYNTH0343	36	18	17	18	24	52	37	32	8	15	14	16	6	11	26	10
SYNTH0344	5	24	19	27	10	4	10	10	11	6	3	16	5	8	11	19
SYNTH0345	354	162	295	462	540	411	451	449	134	708	279	295	655	352	337	677
SYNTH0346	12	11	22	9	3	16	9	21	12	18	12	5	12	10	16	11
SYNTH0347	10	20	7	23	19	28	40	21	15	23	22	32	37	22	36	27
SYNTH0348	12	15	13	19	3	11	20	19	27	46	15	30	24	62	47	31
SYNTH0349	181	191	426	128	343	225	229	369	199	149	123	326	262	243	235	195
SYNTH0350	345	477	285	262	292	310	421	163	335	427	242	359	434	305	298	430
SYNTH0351	14	11	6	11	20	7	8	3	8	13	0	7	6	11	4	5
SYNTH0352	228	283	289	179	169	104	272	170	392	194	154	112	80	160	321	111
SYNTH0353	198	531	218	341	569	297	449	405	576	396	618	709	611	313	202	455
SYNTH0354	21	16	17	6	7	10	21	11	16	11	9	28	14	7	13	15
SYNTH0355	51	40	30	29	100	84	35	112	43	100	80	91	31	49	39	47
SYNTH0356	240	88	408	219	197	442	220	251	240	389	229	346	215	154	250	198
SYNTH0357	621	717	485	345	655	342	339	208	318	284	232	566	460	271	694	190
SYNTH0358	106	209	331	225	155	162	163	158	203	272	117	243	293	64	358	146
SYNTH0359	29	103	89	83	32	59	63	76	67	31	45	46	54	63	66	92
SYNTH0360	342	344	597	624	317	440	838	629	690	712	98	172	328	305	640	535
SYNTH0361	25	25	34	34	33	31	36	14	29	14	31	24	44	17	26	17
SYNTH0362	155	145	103	122	77	30	49	283	142	59	146	134	75	50	71	74
SYNTH0363	212	196	175	223	89	238	221	174	166	132	59	307	61	231	97	138
SYNTH0364	268	325	177	242	369	202	230	275	307	109	315	350	471	241	462	320
SYNTH0365	0	4	0	3	5	7	0	2	3	3	7	5	15	3	6	10
SYNTH0366	404	450	309	259	292	350	712	294	544	198	125	727	294	684	433	728
SYNTH0367	264	193	316	149	340	386	238	162	229	139	139	324	201	359	410	269
SYNTH0368	11	7	21	13	7	16	6	21	20	19	5	21	1	12	17	21
SYNTH0369	5	8	6	8	20	16	1	14	10	8	15	16	5	8	12	3
SYNTH0370	77	56	83	34	72	109	52	46	110	49	50	73	35	48	54	144
SYNTH0371	133	344	190	156	179	174	126	166	173	114	222	127	265	162	155	158
SYNTH0372	14	10	4	6	7	32	13	23	13	8	6	5	25	13	5	9
SYNTH0373	23	23	31	16	45	26	21	19	41	1	10	46	9	28	24	28
SYNTH0374	12	9	5	8	3	11	7	4	7	14	13	5	1	7	8	3
SYNTH0375	14	60	32	34	34	32	32	46	20	17	14	33	23	40	33	21
SYNTH0376	9	11	13	19	19	20	15	20	15	12	14	15	16	15	24	13
SYNTH0377	321	154	60	157	243	172	97	205	138	89	236	144	405	111	93	209
SYNTH0378	25	47	44	33	25	28	20	20	20	4	18	12	12	10	8	0
SYNTH0379	59	23	66	67	32	43	36	86	67	40	86	30	117	59	49	90
SYNTH0380	32	39	39	48	25	16	17	33	41	79	55	39	52	46	86	34
SYNTH0381	183	63	50	106	136	93	213	132	63	65	88	138	184	103	66	111
SYNTH0382	9	8	21	12	8	17	5	14	14	6	20	13	5	3	19	11
SYNTH0383	160	86	123	94	38	83	66	105	47	148	81	70	83	50	60	65
SYNTH0384	65	201	53	57	115	42	56	102	117	123	87	48	99	83	33	148
SYNTH0385	32	30	38	60	50	24	29	43	22	21	46	35	49	29	51	34
SYNTH0386	317	127	89	228	222	104	259	333	294	307	210	190	275	348	211	161
SYNTH0387	53	21	63	72	32	74	31	44	94	110	195	125	181	100	132	137
SYNTH0388	5	14	14	7	16	7	10	5	15	17	15	20	10	2	8	10
SYNTH0389	5	3	5	12	11	5	3	3	7	27	37	16	18	30	16	26
SYNTH0390	45	46	31	110	38	68	57	126	52	42	135	76	65	56	91	46
SYNTH0391	23	85	32	44	12	7	29	29	97	53	98	141	97	132	138	135
SYNTH0392	17	19	33	34	36	48	21	25	38	44	20	28	44	35	30	41
SYNTH0393	15	7	21	7	20	23	16	22	27	14	20	31	16	32	4	28
SYNTH0394	288	99	56	146	174	323	241	113	44	148	139	113	100	222	109	150
SYNTH0395	137	151	240	174	148	121	65	101	214	115	214	172	286	194	212	120
SYNTH0396	82	101	323	272	141	215	131	372	223	206	182	156	332	401	142	93
SYNTH0397	41	45	32	35	22	60	39	11	18	32	23	24	22	8	29	23
SYNTH0398	15	20	21	6	5	13	10	5	10	14	12	30	20	21	3	17
SYNTH0399	68	63	76	47	74	24	93	59	38	58	33	59	42	64	107	58
SYNTH0400	275	394	186	238	240	234	362	403	168	381	174	533	275	181	295	339
SYNTH0401	8	18	6	12	10	17	10	13	8	9	27	3	13	18	12	5
SYNTH0402	47	10	48	45	27	20	46	31	24	37	38	18	26	9	39	20
SYNTH0403	1277	541	732	837	596	650	1373	1034	400	245	257	408	234	118	167	661
SYNTH0404	161	92	99	113	161	61	275	248	112	121	179	99	167	105	115	153
SYNTH0405	3	13	10	7	13	7	25	6	8	5	9	2	3	5	10	14
SYNTH0406	300	270	259	310	189	607	102	341	257	216	247	119	165	197	254	234
SYNTH0407	72	65	118	70	107	45	46	143	117	67	81	117	100	103	98	87
SYNTH0408	94	116	87	69	54	124	72	71	75	86	41	65	63	26	95	169
SYNTH0409	62	60	78	139	55	119	166	214	242	108	121	96	75	158	161	189
SYNTH0410	91	59	46	18	151	109	59	101	59	67	59	52	103	113	27	124
SYNTH0411	65	54	34	40	39	28	100	16	38	16	46	23	41	76	21	3
SYNTH0412	424	788	155	230	292	700	371	520	337	426	544	367	131	416	556	177
SYNTH0413	151	65	34	86	53	52	21	101	97	37	117	26	35	115	83	123
SYNTH0414	82	49	43	86	174	61	63	74	176	106	102	136	178	47	46	133
SYNTH0415	48	18	113	45	37	72	26	75	74	28	52	56	32	69	54	62
SYNTH0416	300	163	234	365	195	161	205	269	171	339	271	221	119	125	178	270
SYNTH0417	104	133	121	64	90	95	59	58	64	149	124	54	32	112	75	52
SYNTH0418	119	55	129	129	42	54	44	117	108	111	100	84	100	51	35	95
SYNTH0419	8	2	7	10	21	8	20	0	17	6	10	10	10	11	16	7
SYNTH0420	4	21	28	23	22	3	9	16	23	2	14	7	10	16	3	9
SYNTH0421	127	184	246	141	120	172	94	275	164	106	147	55	121	63	184	72
SYNTH0422	42	105	101	138	28	112	83	52	132	80	278	167	167	260	237	200
SYNTH0423	6	7	6	12	5	4	7	3	37	9	14	13	19	3	45	28
SYNTH0424	51	325	350	245	534	240	419	245	377	172	229	624	135	222	356	230
SYNTH0425	28	5	11	41	25	35	30	30	31	17	24	8	4	13	15	13
SYNTH0426	13	15	10	13	11	0	10	12	12	2	9	17	11	14	18	19
SYNTH0427	159	241	296	240	199	337	200	177	212	347	62	189	267	188	202	205
SYNTH0428	278	83	163	185	78	153	191	88	137	141	166	116	77	83	96	136
SYNTH0429	82	144	78	78	115	72	177	44	99	96	96	96	88	103	91	90
SYNTH0430	27	31	17	8	39	33	28	29	8	31	37	26	16	25	19	30
SYNTH0431	16	16	35	7	11	13	31	23	24	49	77	19	42	26	59	31
SYNTH0432	239	120	197	139	66	147	144	125	248	216	161	410	247	315	128	231
SYNTH0433	15	38	4	21	14	5	21	15	33	100	61	47	62	23	34	38
SYNTH0434	59	43	49	43	33	47	13	27	26	66	27	31	53	16	50	39
SYNTH0435	7	1	4	5	5	10	13	8	8	5	6	7	5	8	4	9
SYNTH0436	66	85	23	27	61	38	11	25	62	42	42	66	56	37	99	34
SYNTH0437	17	19	6	9	16	18	11	8	17	23	10	13	10	11	11	9
SYNTH0438	533	477	405	508	688	581	880	867	355	526	322	398	230	156	353	279
SYNTH0439	155	178	100	116	114	164	163	123	227	115	140	105	126	140	113	153
SYNTH0440	13	26	23	16	8	18	10	22	46	40	24	45	31	44	16	40
SYNTH0441	268	320	409	270	231	189	220	478	246	176	338	408	301	157	72	253
SYNTH0442	49	37	30	43	39	35	20	15	31	33	38	49	44	36	23	62
SYNTH0443	416	362	354	624	664	516	603	456	188	141	169	256	102	284	257	200
SYNTH0444	24	29	47	27	38	49	25	41	14	9	24	25	10	18	15	14
SYNTH0445	24	9	30	29	25	24	31	29	13	30	20	38	42	22	21	21
SYNTH0446	428	342	576	833	321	452	228	788	193	200	170	512	111	679	371	252
SYNTH0447	391	395	595	478	371	289	140	187	552	929	467	318	390	145	593	448
SYNTH0448	18	25	23	10	11	19	17	12	51	28	29	75	23	53	40	52
SYNTH0449	153	54	127	293	245	233	137	103	249	252	339	131	154	153	90	253
SYNTH0450	54	63	83	68	39	30	105	35	72	74	68	67	44	40	38	41
SYNTH0451	28	56	16	66	52	39	71	58	8	9	30	28	32	26	20	21
SYNTH0452	58	25	44	111	16	19	40	20	39	19	31	50	57	25	57	25
SYNTH0453	53	47	54	11	30	46	35	12	121	48	162	108	97	76	151	126
SYNTH0454	7	13	6	5	6	8	5	7	5	4	4	10	10	7	10	11
SYNTH0455	545	310	292	337	250	234	323	81	446	464	233	316	158	315	265	204
SYNTH0456	32	25	76	38	135	41	51	51	42	33	17	37	93	57	67	42
SYNTH0457	11	10	4	7	11	5	7	19	7	21	18	0	7	10	16	12
SYNTH0458	66	39	23	53	50	48	42	50	22	30	37	29	42	30	60	17
SYNTH0459	67	106	43	56	49	36	35	110	47	47	28	69	46	62	92	66
SYNTH0460	72	58	85	73	105	114	96	95	161	313	222	115	314	242	190	138
SYNTH0461	142	109	293	141	123	79	49	71	189	98	82	224	81	98	126	189
SYNTH0462	66	107	103	51	49	44	44	100	87	115	78	88	47	42	49	92
SYNTH0463	9	7	6	3	11	5	8	8	15	17	11	10	15	9	9	9
SYNTH0464	43	59	30	71	22	35	119	21	41	44	47	56	43	72	61	31
SYNTH0465	44	62	96	57	38	44	86	100	53	71	55	92	59	63	34	72
SYNTH0466	86	33	60	42	80	32	79	42	24	9	54	55	46	83	34	63
SYNTH0467	25	5	4	15	16	7	11	15	17	5	7	26	13	10	9	0
SYNTH0468	35	24	21	36	28	68	39	12	30	50	73	50	48	17	49	37
SYNTH0469	87	85	69	34	132	49	59	46	65	50	76	77	75	88	39	37
SYNTH0470	22	29	15	25	11	31	16	19	14	23	32	12	17	26	25	35
SYNTH0471	22	19	14	6	6	10	10	21	19	17	15	7	37	19	21	15
SYNTH0472	88	109	55	145	127	103	158	233	73	131	177	169	87	107	109	138
SYNTH0473	108	167	190	123	113	44	237	159	500	323	166	146	255	300	248	134
SYNTH0474	131	113	102	104	147	41	227	114	75	42	18	50	91	45	44	25
SYNTH0475	215	164	362	207	174	186	166	298	313	174	122	470	230	238	228	328
SYNTH0476	9	12	9	12	19	13	8	10	23	9	6	16	2	12	5	5
SYNTH0477	166	189	233	170	110	174	150	122	96	93	168	97	63	241	146	92
SYNTH0478	356	162	323	366	148	476	321	380	209	349	148	424	189	377	231	212
SYNTH0479	7	35	19	8	17	6	10	41	25	18	18	9	32	18	17	30
SYNTH0480	17	19	20	42	23	23	29	45	20	34	42	39	12	35	25	27
SYNTH0481	13	26	22	21	11	19	36	12	18	25	6	27	37	17	15	11
SYNTH0482	6	45	31	45	40	34	60	32	34	24	28	45	37	25	32	41
SYNTH0483	304	269	455	784	319	623	480	553	336	542	267	633	469	286	468	633
SYNTH0484	4	15	25	12	6	3	15	20	15	19	17	25	13	18	12	24
SYNTH0485	458	473	558	151	218	434	451	160	731	536	544	311	321	195	507	428
SYNTH0486	83	80	41	65	76	87	153	33	39	45	58	43	29	42	19	35
SYNTH0487	5	9	8	10	0	4	8	10	11	8	3	8	13	9	9	1
SYNTH0488	49	87	23	41	54	117	58	66	106	60	59	60	60	44	67	97
SYNTH0489	22	35	12	22	22	30	21	19	28	22	33	27	10	20	14	11
SYNTH0490	0	6	23	9	8	7	8	15	23	13	16	19	27	13	4	18
SYNTH0491	9	12	15	8	9	7	7	15	11	13	17	34	10	16	10	8
SYNTH0492	12	19	13	6	33	17	8	10	15	10	13	13	9	20	26	11
SYNTH0493	69	108	109	184	209	107	88	132	94	200	155	97	101	139	71	195
SYNTH0494	29	38	102	130	113	60	55	42	72	32	103	63	52	31	60	32
SYNTH0495	203	209	122	80	177	175	163	144	185	193	124	242	219	343	125	126
SYNTH0496	176	184	348	321	309	345	594	448	417	469	480	185	186	93	438	242
SYNTH0497	150	92	168	123	125	69	240	117	100	80	55	43	77	62	46	93
SYNTH0498	464	502	344	407	465	355	164	256	588	502	296	307	472	361	671	176
SYNTH0499	352	491	341	468	490	198	395	322	166	329	572	233	273	193	316	229
