GeneSymbol	studyC_case01	studyC_case02	studyC_case03	studyC_case04	studyC_case05	studyC_case06	studyC_case07	studyC_case08	studyC_case09	studyC_case10	studyC_ctrl01	studyC_ctrl02	studyC_ctrl03	studyC_ctrl04	studyC_ctrl05	studyC_ctrl06	studyC_ctrl07	studyC_ctrl08	studyC_ctrl09
UBB	3.4594	5.0444	5.3923	4.3219	4.9542	4.8580	5.1699	4.1699	5.0444	5.5546	4.7549	4.5236	6.0444	5.2479	4.3219	4.9542	4.5850	3.4594	4.7549
ATP5F1A	7.7549	8.0928	9.1111	7.8642	6.5850	7.5622	9.5411	8.1997	7.6724	7.7211	8.0168	8.8765	7.3038	8.2240	8.3923	8.0498	7.6724	7.3309	8.0768
PRKACA	4.1699	3.1699	2.3219	4.1699	2.3219	4.5850	3.1699	3.7004	4.5850	3.1699	3.4594	4.3923	5.0444	3.9069	2.8074	4.5850	4.1699	4.8580	2.8074
PRKACB	4.0875	4.9069	4.6439	3.4594	3.8074	4.0000	4.5850	4.5236	3.0000	4.4594	3.9069	5.0000	4.0000	4.4594	4.5236	4.1699	4.2479	4.8580	4.1699
PSMD14	7.1799	7.2192	8.5430	6.7944	7.7279	8.2143	8.0498	NA	7.7814	8.2192	6.7549	8.2715	5.4263	7.7616	7.2192	7.1997	8.3619	6.4757	6.9887
UQCRC2	7.0334	6.9658	7.2574	6.4429	7.9484	6.8948	6.6724	6.6147	7.3663	7.5925	5.9307	7.5314	8.1799	6.6724	7.1997	4.5850	5.3923	7.2668	7.1293
CDC42	4.8580	5.2095	4.4594	3.0000	4.8074	3.0000	4.1699	4.8580	4.0875	4.9542	2.3219	4.0000	4.4594	4.8580	3.1699	5.0444	3.3219	3.8074	4.9069
NDUFS4	5.9307	5.5236	6.7682	6.2479	5.5850	5.5850	5.6147	7.1396	5.7549	5.1699	6.0444	5.7549	6.0661	5.3219	5.7004	6.6294	6.2668	6.9658	5.4919
SDHB	8.9039	8.9944	9.8948	8.8265	8.9218	8.9944	8.8361	8.2143	9.4242	9.8642	8.9307	8.3837	9.3772	9.2644	8.4179	8.9715	7.1898	8.6618	9.0389
NDUFB5	6.1293	5.7279	6.3038	5.2854	6.0875	6.9069	6.1293	6.2095	5.8074	5.6724	6.5236	6.7549	5.9542	5.8074	6.1497	7.2095	6.2288	6.7415	6.3923
NDUFV1	6.2288	8.0980	8.4094	8.2574	8.1447	7.8329	8.7549	7.5078	7.1293	7.8765	8.0498	7.7616	8.5925	8.6366	7.3487	8.1997	6.7415	7.2854	7.4094
SNAP25	8.2808	7.3750	8.2761	7.6935	7.8826	7.3129	8.5078	7.1497	6.6147	7.4009	8.7682	8.3038	8.2900	9.0307	9.1033	9.5546	8.4009	9.2923	8.5118
PDHB	6.2668	7.6724	7.6221	6.8948	7.3837	7.4838	7.3663	6.8948	6.8329	7.2574	6.7415	6.9425	7.0000	7.2574	6.4919	6.9069	7.2479	7.4009	7.1497
COX4I1	2.8074	3.7004	4.1699	3.3219	3.5850	3.1699	4.2479	3.0000	3.0000	2.3219	4.0875	4.3923	4.6439	3.0000	4.7004	3.3219	2.8074	4.3219	3.0000
GRB2	4.4594	3.1699	4.7004	3.5850	5.0875	3.3219	4.3923	5.1699	4.0875	3.9069	5.3576	4.9069	4.7549	3.3219	3.5850	3.4594	5.0875	5.0444	4.8580
HDAC1	5.5546	7.0875	6.0224	6.3038	7.3219	6.6147	7.0661	6.0661	6.9658	7.3219	6.0875	7.2946	6.3750	7.8826	7.4429	6.4429	8.1293	6.5236	7.0224
CREBBP	5.5236	4.9069	4.0000	6.1293	5.2479	5.6439	4.3219	4.7004	4.3219	4.3923	6.0444	5.3219	6.4594	4.3923	5.2479	5.7279	5.3219	4.8074	5.1293
NFKB1	3.4594	4.5236	2.0000	4.1699	2.0000	3.9069	3.4594	4.2479	4.0875	4.6439	4.8074	2.3219	2.5850	3.4594	2.8074	4.2479	2.3219	3.1699	3.8074
KAT2B	6.9307	7.6724	5.8329	6.7004	7.2574	6.9658	7.0553	6.8704	7.0224	7.0000	5.5236	5.3923	5.9307	5.6439	4.3219	6.4919	5.9542	5.0444	5.7004
SP1	7.8329	8.1189	7.2761	5.9773	7.7879	6.9425	6.1699	6.8580	6.8329	7.3663	7.7415	7.3750	7.3399	8.2900	8.0715	8.2527	7.5392	7.1396	7.5392
IKBKB	7.5774	6.8826	6.3219	7.6221	7.3399	7.0980	6.0661	7.2668	7.5925	7.8580	6.7814	6.6439	7.1898	6.7415	6.6294	8.0279	7.5850	6.3219	7.6221
ITGB5	8.3966	6.9542	8.5236	7.9658	7.3038	8.9887	7.4346	8.7245	9.1137	8.3531	7.1997	8.8234	8.3219	6.8704	8.8455	NA	7.6795	7.8887	8.2900
ITGB8	9.6275	9.0741	7.9600	9.3685	9.9084	9.0056	9.4757	8.6795	8.6935	8.8857	9.2216	8.6935	7.3837	9.2877	8.7482	9.6036	9.3264	8.7004	8.7177
YY1	4.7004	3.5850	4.0000	4.0000	4.2479	4.6439	3.5850	5.3576	NA	4.3219	4.0000	3.7004	4.0875	5.3576	3.8074	3.7004	3.9069	4.0875	4.6439
HDAC4	6.8074	7.0661	6.4429	6.5999	6.7415	8.4094	7.1497	6.8704	7.5469	7.8580	7.5157	7.3750	6.7549	7.5774	6.9425	7.5314	6.1085	8.3837	8.4471
GSN	7.1497	6.0875	6.7682	6.7682	5.7549	7.4594	6.7415	7.0768	6.8202	5.2854	6.9425	6.9069	6.5699	7.9248	7.6294	7.2192	5.8074	6.4594	6.5078
ITGA6	3.9069	2.8074	2.8074	4.1699	3.0000	1.5850	3.4594	2.3219	4.0000	4.3923	3.4594	3.3219	4.5850	3.3219	4.7549	4.1699	4.0875	4.1699	3.7004
YAP1	6.4919	7.2192	6.6147	6.7415	NA	7.5078	6.8455	6.8826	6.6294	7.4263	7.2288	7.0553	7.3576	6.9307	5.5850	5.1699	6.2095	6.1085	6.0875
FLNB	7.1085	7.4512	6.1699	8.0224	7.5469	7.2288	7.7415	7.4998	6.5999	7.3487	8.3219	6.5699	7.0000	6.1293	7.7211	7.3129	7.3837	7.3663	6.0000
EZR	3.3219	4.0000	3.3219	3.4594	4.1699	3.5850	3.0000	3.9069	4.0875	3.0000	4.4594	3.7004	3.9069	4.0000	3.3219	2.5850	2.3219	3.5850	3.4594
APP	4.3219	3.8074	6.0875	4.5850	5.4594	4.5236	4.6439	4.9542	5.7814	4.3219	5.9069	5.5546	6.0000	4.3219	4.9069	5.2479	5.5546	NA	5.2854
MAPT	7.0661	8.0607	7.3487	7.5925	7.9658	7.5314	7.9715	7.9129	8.4221	7.6865	7.1293	7.4998	7.7748	7.6653	7.2479	8.0875	6.9887	7.0875	7.5157
PSEN1	3.5850	3.5850	3.3219	3.9069	4.0000	3.9069	4.0000	3.5850	4.9542	3.4594	5.2854	4.5236	2.0000	4.5236	4.0000	4.0875	3.9069	5.0444	2.8074
PSEN2	7.6724	6.5999	7.5314	7.2946	7.6865	7.2288	7.0000	7.3923	4.3923	7.9542	7.0444	6.7682	6.9307	6.6147	7.8887	7.8642	6.1497	7.6439	6.0000
ACTB	7.6294	8.6724	7.5546	NA	8.1849	8.2192	8.2992	7.7879	8.1447	8.5196	7.6582	7.7482	8.0768	9.0498	9.1799	7.9129	8.1293	8.2240	8.1497
GAPDH	4.2479	3.4594	4.0875	3.3219	3.3219	3.0000	3.5850	4.0875	3.7004	4.0875	4.7549	3.8074	3.1699	3.8074	4.4594	4.6439	4.0875	3.5850	3.0000
TUBB	4.0875	4.1699	4.4594	1.5850	4.0875	3.4594	2.8074	3.1699	3.7004	2.8074	4.1699	4.9069	4.0000	4.0000	2.3219	3.3219	3.7004	4.5850	4.5850
SDHA	5.4594	3.8074	4.0000	5.0875	4.4594	4.3219	3.9069	5.2095	4.6439	5.2095	3.8074	4.4594	3.5850	4.7004	4.3219	4.5850	4.4594	4.9069	4.6439
CALM1	3.4594	4.1699	2.8074	3.4594	3.8074	3.3219	3.0000	4.0875	4.1699	3.0000	4.0000	3.3219	3.3219	3.9069	3.4594	3.7004	0.0000	4.2479	3.1699
CALM2	5.7814	7.0444	6.0224	6.9425	6.9189	6.6439	6.3923	7.0334	4.8580	5.5546	6.5392	6.3399	6.2854	6.5999	6.6439	6.4429	6.4594	6.8826	5.7279
CALM3	5.0444	4.5850	4.6439	4.0875	3.5850	5.3219	3.9069	4.9542	3.9069	4.4594	4.4594	4.9069	4.1699	2.8074	NA	3.8074	4.5850	5.4263	4.2479
ATP1A1	5.2479	6.1699	4.7004	NA	6.0444	4.9069	6.3219	6.3750	6.0661	6.8455	4.5236	5.2479	4.9069	4.3923	4.3923	4.4594	3.8074	5.3219	4.6439
ATP1A2	7.4676	7.7549	7.1497	6.9773	7.0334	8.3576	6.7549	8.1997	7.4179	8.0928	8.5236	8.0980	7.5314	8.1033	8.3707	7.6221	7.6653	7.3837	7.0980
ATP1A3	7.1396	4.6439	5.9542	7.1189	6.6294	6.1699	5.4594	5.5546	5.8580	6.1497	5.0444	7.2854	7.3129	6.3923	4.6439	5.8074	7.0661	6.2095	5.6724
ATP2B1	3.4594	4.5850	5.0000	4.3219	4.5236	4.5236	5.1293	4.0000	4.1699	4.7549	5.4263	4.3923	2.0000	4.0000	3.7004	5.0875	3.9069	4.7549	4.1699
ATP2B2	3.1699	2.5850	4.2479	3.4594	3.8074	3.7004	4.7549	3.8074	4.0000	3.1699	4.0000	3.7004	3.5850	3.7004	4.1699	3.7004	4.9069	3.3219	4.0875
SYN1	8.1948	7.8009	7.7482	7.0000	8.2946	7.6366	8.2900	8.5661	7.2854	7.2095	7.5546	7.1085	8.4553	8.3038	8.0768	8.7515	7.0661	8.3219	8.3663
SYN2	4.7004	0.0000	3.3219	3.1699	4.8580	2.3219	3.0000	2.8074	2.8074	4.6439	4.3219	4.0000	3.3219	2.3219	3.7004	3.9069	3.0000	3.0000	4.7549
SYP	4.9542	4.5236	3.3219	5.6439	4.0000	3.9069	5.1699	5.7549	4.1699	5.5850	3.5850	4.9542	3.1699	3.5850	5.0444	4.5236	3.5850	4.9069	4.9069
SYT1	9.1699	8.7582	8.9278	9.3619	7.5850	9.2192	9.2192	8.6221	8.6366	8.4594	8.8704	8.5353	7.4757	8.7814	9.2408	7.9773	9.4998	8.5469	7.9542
NEFL	NA	7.0000	7.2479	6.8826	6.3219	6.9425	6.8074	6.8704	4.2479	6.5078	6.1293	7.1898	6.5546	6.6582	6.0000	7.5925	5.7279	6.4263	6.8455
NEFM	7.6147	8.0279	8.5736	7.2946	7.2946	8.0715	7.3219	8.3619	8.2288	6.6439	8.1241	8.1344	8.2854	8.6110	7.4594	8.7515	8.3880	8.0498	7.8329
NEFH	6.1085	6.3576	7.4263	5.2479	6.5236	7.1997	6.3576	5.6439	6.5546	6.2479	4.9542	7.0224	5.9069	5.5850	6.0224	6.9887	5.1699	6.6439	5.8074
GFAP	3.7004	3.1699	2.5850	3.0000	3.5850	2.8074	3.4594	2.8074	1.0000	3.1699	4.3219	2.8074	3.7004	3.9069	4.8074	3.3219	NA	2.8074	3.8074
AIF1	3.8074	4.9542	4.0875	NA	4.4594	2.5850	3.7004	3.0000	3.0000	3.9069	4.9069	2.5850	3.1699	3.5850	3.1699	3.8074	4.9069	3.1699	3.1699
CD68	5.3219	5.1699	4.9069	4.2479	5.2095	4.5236	5.1699	5.4594	4.8580	NA	5.0875	4.8580	4.1699	5.0000	6.0444	4.7549	5.6439	4.5850	5.4263
TNF	6.3399	6.4094	5.5546	6.6439	4.7004	5.5546	5.7279	5.8580	5.0875	5.2854	6.3399	7.3663	6.9425	7.8826	5.5546	6.8455	6.4094	7.4676	7.1997
IL1B	9.3197	7.7004	8.8580	8.2527	9.8978	7.3576	9.4979	8.5038	8.4305	7.9887	8.9858	9.1163	8.9248	8.1085	6.3219	9.2808	8.0928	6.5392	9.2167
IL6	8.6865	9.8471	8.8424	9.0224	7.8704	9.9114	9.5469	8.7715	8.7142	8.3309	9.5118	8.4635	9.1874	9.6202	9.1548	9.1573	9.1370	8.0715	8.1997
CXCL8	8.2715	8.0928	7.7616	7.0553	7.7211	7.4179	9.1319	7.6439	7.4919	7.1599	7.7074	8.6795	8.9715	8.0334	7.2946	8.5546	7.4512	7.9715	8.6724
CCL2	9.5887	7.7142	9.7177	8.0928	7.5392	8.6724	7.6511	9.9758	8.7381	8.7211	8.1898	8.1033	7.3487	9.4553	8.9366	8.2621	7.7004	8.7142	9.1163
NFKBIA	10.4594	9.2621	8.9366	NA	8.9366	9.7465	10.3163	10.2691	9.8887	9.8329	8.3174	8.3354	8.9366	7.8642	9.5372	8.0168	NA	9.4676	8.4757
RELA	4.7549	5.2854	5.1293	5.1293	5.0444	5.0444	3.7004	4.6439	5.4263	4.9542	4.3219	3.4594	4.1699	4.8074	4.1699	4.4594	3.5850	3.4594	3.3219
TP53	7.4009	6.5078	7.6935	7.7748	7.5469	7.3837	6.7549	7.8826	7.4676	7.8948	6.1898	6.7944	7.5999	7.4179	6.9069	7.6439	7.6439	6.0444	7.4179
MDM2	2.3219	2.0000	4.4594	3.7004	0.0000	3.4594	3.4594	3.8074	4.0000	3.3219	4.0875	3.5850	4.5236	4.8580	2.0000	3.3219	3.5850	0.0000	3.9069
CDKN1A	6.2288	5.8329	6.2668	6.1293	5.4263	6.7279	NA	6.8580	6.1898	6.0661	3.5850	5.2095	6.2095	5.8826	5.1699	5.0000	4.3219	5.4919	5.8329
BAX	7.6073	7.8392	8.3309	7.4919	7.2761	7.3219	7.1997	6.7814	8.1599	7.8765	8.0112	6.3219	6.7415	8.1649	8.0821	7.0553	6.8202	7.2761	6.8074
BCL2	5.4594	6.1293	6.0224	6.9069	6.8826	7.3487	6.7279	6.6439	6.0224	6.8826	5.6147	7.7211	6.9189	6.8074	6.4919	6.9307	7.0661	7.1699	6.7279
CASP3	3.8074	3.8074	2.3219	3.5850	4.0000	3.7004	3.5850	3.1699	3.5850	3.8074	3.8074	3.9069	3.3219	3.7004	3.3219	2.3219	4.0875	3.7004	4.0000
CASP9	4.7004	4.1699	5.1293	5.5546	5.1699	5.3219	3.1699	3.4594	4.2479	6.1293	3.5850	4.5236	4.7004	5.2479	4.0875	4.8580	5.8329	4.3923	4.5236
PARP1	5.7279	5.8826	4.3923	5.1699	5.8074	6.7682	4.8074	5.4919	6.2479	5.3923	5.3219	4.4594	4.9069	5.0444	5.9307	5.3219	6.3576	5.0000	5.0875
ATM	3.9069	3.4594	3.0000	2.8074	3.7004	4.0000	2.5850	3.1699	2.8074	3.1699	2.0000	3.9069	2.3219	2.3219	5.0000	4.7004	4.2479	4.7004	3.1699
ATR	9.4346	NA	9.6935	9.6600	8.7977	9.2384	9.2923	9.8502	8.9248	9.2969	7.7004	6.1699	7.9773	7.8704	8.0224	8.6330	8.4388	8.6795	7.6366
BRCA1	4.0000	2.5850	3.0000	3.4594	3.1699	2.5850	3.1699	2.5850	3.3219	3.4594	3.1699	3.8074	2.5850	3.7004	2.5850	0.0000	2.8074	3.9069	3.5850
BRCA2	8.1396	8.3174	7.7004	7.9248	7.7616	7.1599	7.6795	8.1085	8.8673	8.4919	6.6865	6.9425	5.3576	5.9542	7.1799	6.3923	6.4094	6.1293	6.0444
RAD51	7.0768	6.1497	6.6147	6.0444	6.0000	6.3219	6.1898	5.8580	5.1293	6.8948	4.7004	5.0444	4.5850	4.4594	4.0875	5.0000	5.0875	4.8580	4.5850
XRCC1	6.3219	5.7004	5.4263	5.4594	6.3576	6.7142	4.4594	5.1699	5.8329	6.2479	6.2479	5.7814	5.3219	6.3923	6.0444	5.9307	5.7004	6.2288	5.3923
ERCC1	3.4594	2.8074	3.1699	3.4594	1.5850	3.1699	2.8074	2.3219	2.8074	2.8074	4.5236	4.4594	4.3923	3.0000	3.4594	5.4919	4.0875	4.8074	4.7549
MKI67	5.0875	5.7814	5.8329	5.1699	5.6724	4.7004	3.7004	5.0000	6.1085	5.1699	6.8329	7.1599	5.9069	6.3750	5.3219	6.1497	5.6147	5.9773	6.4757
PCNA	8.2715	8.1749	9.4009	9.1997	8.6439	9.4242	7.9248	8.8361	7.7814	9.2621	9.4179	7.6582	9.2192	8.2143	8.2046	8.8106	7.8826	8.4136	8.8486
CCND1	5.3576	6.1699	5.3576	5.8074	5.6439	6.0224	5.2095	5.9307	4.7004	4.5236	4.3219	3.7004	4.0000	4.4594	5.5236	3.8074	4.4594	4.5850	3.8074
CCNE1	9.7912	8.9715	9.3880	9.1163	9.4305	8.9600	8.3923	8.9189	8.8455	8.1085	8.7944	9.9322	8.1749	9.8765	10.2562	9.7432	7.9425	8.0661	8.9658
CDK2	9.3332	8.6073	8.6830	9.3987	8.8234	8.8361	8.8887	7.9009	8.1344	9.2288	9.5118	9.5038	9.3554	9.1699	7.7347	9.2384	9.2167	8.8138	8.2432
CDK4	4.6439	5.1293	4.5236	6.0661	4.0000	5.0000	4.3923	3.8074	5.0000	6.0444	4.3923	5.1293	4.5850	4.3923	4.3219	4.3219	5.0444	4.3923	5.6724
CDK6	3.4594	3.9069	2.8074	3.5850	3.0000	3.4594	3.9069	3.1699	3.3219	2.3219	1.5850	3.4594	0.0000	1.5850	3.3219	0.0000	1.5850	4.0000	4.0875
RB1	8.0875	6.5392	8.9009	8.5774	8.9801	8.2046	8.4998	8.9858	8.6475	8.2479	9.2761	8.7846	8.0715	7.5546	NA	8.0821	8.1849	8.4878	8.7748
E2F1	2.8074	1.5850	1.5850	1.0000	2.0000	0.0000	2.5850	1.0000	1.0000	2.3219	3.1699	2.0000	3.4594	3.0000	3.5850	3.7004	3.3219	3.4594	3.3219
MYC	4.4594	6.4094	6.1898	4.4594	6.5392	6.9887	6.4094	6.6724	5.4263	7.0224	5.7549	7.2288	5.8074	6.8948	5.7279	6.2288	6.0875	6.6147	6.8580
MAX	5.0000	5.9307	6.6294	6.4094	5.3923	5.7004	5.9542	4.3219	6.5850	5.9069	5.5850	5.7004	5.3576	6.0224	5.8074	5.3576	6.1497	5.0875	6.1699
JUN	5.4919	5.0444	5.2854	5.4919	5.6439	5.0875	4.4594	5.3923	5.7279	5.2854	5.5850	5.6147	5.5850	5.5236	5.8074	5.0444	5.7004	5.3576	5.2854
FOS	8.0224	8.6795	8.4009	8.0389	8.4959	7.2761	7.6724	7.8887	7.7279	8.0389	7.7279	7.9366	7.8704	7.4676	8.5353	8.9571	7.4512	7.6366	8.0389
EGR1	4.8074	4.0000	5.0000	5.4919	4.1699	4.2479	4.1699	4.5850	4.6439	4.4594	5.0875	5.2854	4.7549	4.8074	4.8580	4.5236	4.5236	5.4263	3.8074
ATF3	6.7549	7.7879	6.2288	7.5699	7.5157	7.0334	7.5774	6.4263	6.5392	7.3129	8.1033	7.3663	7.3576	6.7142	7.8580	7.0661	7.1699	6.5850	6.9542
STAT1	6.4594	6.4094	4.8074	5.7004	5.6439	6.5850	5.0444	4.3923	4.9069	5.3923	5.2854	6.2288	5.4919	NA	5.6439	4.9542	6.2288	5.0444	5.7549
STAT3	5.3219	6.7004	5.5850	7.0875	6.5850	5.9307	6.4429	6.2854	5.7004	5.3219	5.8826	5.0875	6.2288	5.5236	6.9189	5.8826	6.0661	5.7814	4.4594
STAT5A	3.8074	5.0000	4.2479	4.3219	5.7004	5.8329	4.0875	4.9542	5.3923	4.9542	5.6147	5.2095	4.2479	5.6147	4.9542	4.5236	4.3219	4.1699	5.5850
JAK1	5.7004	4.3219	4.9069	4.3923	5.0875	5.3219	4.7549	4.1699	5.0875	5.4919	5.4263	3.7004	3.8074	3.5850	3.4594	4.1699	6.3038	5.4919	3.0000
JAK2	5.9773	6.5699	6.7682	7.2761	7.3399	7.2095	7.7814	7.1085	5.8074	6.5078	6.3576	6.7814	7.2192	4.8580	6.0000	7.3576	6.6147	6.4094	6.3399
SOCS1	6.5850	5.6439	4.5850	5.4919	4.7549	5.7279	4.8074	5.1699	5.7814	4.4594	5.0875	5.4263	5.1293	5.6147	5.9773	5.6439	5.5236	5.7814	5.9542
SOCS3	5.3219	2.5850	4.7004	4.7549	4.3219	5.3219	5.1699	5.2095	5.7549	5.5850	5.1699	4.7004	5.8329	5.0444	5.1699	5.0444	4.8074	5.5546	4.2479
IRF1	5.9542	6.5236	7.6795	6.1898	7.1997	6.4263	6.0661	7.7748	6.1497	6.2479	6.5546	7.5314	7.5546	6.7004	6.7279	6.0224	7.6724	6.5078	7.1997
SYNTH0001	7.3487	6.9658	6.6582	6.5078	7.0661	7.2288	7.5078	6.2095	7.3038	7.3750	6.3750	7.5850	7.1396	7.2854	5.4919	6.8704	7.2479	7.5999	6.1699
SYNTH0002	7.3576	8.6073	8.0553	8.6147	9.0580	9.6402	8.5925	7.9658	8.9218	8.5925	8.8734	8.7347	9.6275	9.4676	8.1898	10.2033	NA	9.3707	8.6475
SYNTH0003	1.5850	4.2479	4.3923	4.5236	3.9069	3.8074	4.6439	3.0000	4.0875	4.8580	2.5850	4.5236	4.7549	4.9542	4.0875	4.0875	4.5850	3.8074	4.1699
SYNTH0004	8.0498	8.6330	7.0661	8.7142	8.3531	6.6582	7.8948	8.4757	7.7616	7.3219	8.2574	7.3219	7.5314	8.2095	7.2668	7.6795	8.7846	8.0553	8.9159
SYNTH0005	5.5236	5.0444	6.2288	5.9773	5.3576	5.2095	5.7279	5.9542	6.4757	3.5850	6.2288	4.8580	4.7004	5.3219	5.9773	6.1085	5.3923	5.3219	4.5236
SYNTH0006	3.0000	3.9069	2.8074	3.3219	3.3219	3.0000	1.5850	2.5850	3.7004	3.0000	2.0000	3.1699	4.0000	3.5850	2.3219	2.5850	3.3219	2.5850	3.7004
SYNTH0007	7.1396	7.0334	7.2288	7.7879	6.9189	6.9887	7.6511	7.0000	4.9542	6.9542	7.9009	6.8948	8.4471	9.2946	8.4179	8.4346	8.1599	7.6865	9.0168
SYNTH0008	3.4594	3.8074	3.1699	3.0000	3.0000	3.1699	3.1699	3.1699	4.3923	2.0000	3.9069	4.6439	3.9069	2.5850	4.1699	3.5850	2.5850	4.3219	3.3219
SYNTH0009	3.1699	4.5236	4.4594	3.4594	2.3219	3.4594	3.8074	2.5850	3.7004	3.4594	3.1699	3.9069	4.3923	4.1699	3.0000	4.2479	4.0875	4.1699	2.8074
SYNTH0010	8.4346	8.1293	9.2808	9.4818	8.9337	9.2167	8.2900	8.5038	7.9887	8.3619	6.5699	9.1624	8.7074	8.6330	8.4388	8.5812	9.4898	7.9307	7.0112
SYNTH0011	4.0000	5.2854	4.0875	4.3219	3.3219	4.1699	4.8580	5.5236	4.0000	4.3219	3.7004	3.7004	3.9069	2.5850	3.3219	2.0000	3.5850	2.5850	3.4594
SYNTH0012	3.0000	3.5850	2.0000	3.1699	4.2479	3.8074	3.1699	1.5850	2.5850	4.2479	4.3219	4.8074	3.8074	4.2479	4.5850	3.7004	3.7004	4.0875	4.2479
SYNTH0013	5.6439	3.8074	4.4594	5.4919	4.7004	3.9069	4.4594	3.1699	4.0875	4.9069	4.9069	2.3219	3.3219	4.0000	3.9069	5.2479	5.3576	4.7004	5.3219
SYNTH0014	5.4919	4.8580	5.5850	5.0444	5.1293	5.1699	5.3923	4.3923	5.1293	4.5236	5.6439	4.9542	5.0444	6.2095	4.6439	4.3923	6.3399	5.1293	5.5546
SYNTH0015	4.5850	3.7004	4.8074	4.7549	4.1699	5.4594	5.6147	5.2479	4.5236	4.0875	3.8074	5.2479	5.2479	4.5850	4.6439	4.5850	5.1699	4.7549	4.9542
SYNTH0016	2.8074	4.3219	3.9069	2.0000	2.5850	2.0000	3.5850	4.3219	3.4594	3.4594	2.8074	3.3219	2.0000	3.7004	4.2479	3.1699	2.5850	4.0875	4.1699
SYNTH0017	3.1699	3.5850	3.7004	4.0000	2.8074	3.7004	4.3923	3.0000	2.8074	3.9069	3.1699	2.5850	4.0875	3.9069	4.0875	2.3219	3.5850	3.3219	3.5850
SYNTH0018	8.6475	9.1267	9.1874	8.9542	8.0279	8.4676	7.5392	8.2668	8.4959	8.7846	7.8455	9.0795	8.4051	8.6900	8.4594	9.1972	8.5236	8.5392	9.2550
SYNTH0019	2.5850	3.1699	3.1699	2.8074	3.0000	3.1699	3.3219	3.1699	2.5850	3.1699	3.3219	1.5850	2.8074	4.5236	2.0000	2.3219	2.5850	2.5850	2.3219
SYNTH0020	4.0000	4.3219	3.4594	4.0875	3.7004	4.9069	4.7549	4.0000	3.3219	5.1293	1.5850	4.1699	3.4594	5.0875	4.8074	3.1699	4.2479	4.0875	5.7004
SYNTH0021	4.5850	4.7549	5.0875	3.8074	6.4594	4.3219	5.9542	5.6724	4.9542	5.3923	6.5392	6.1293	6.0000	5.8826	4.3219	5.7004	4.7549	5.7549	5.0444
SYNTH0022	8.2095	8.5118	8.3707	8.4757	7.5622	8.4676	8.6795	8.6900	8.2046	7.8948	8.3309	8.3707	8.0112	8.6689	8.2808	8.2761	8.3619	7.6724	8.0821
SYNTH0023	7.7616	7.1396	5.6439	6.1699	6.3399	6.9425	7.0661	7.7074	7.4838	7.6221	6.7549	7.2668	7.2095	NA	7.6795	7.9069	6.6724	7.6366	7.0553
SYNTH0024	4.5236	6.0875	4.1699	6.2095	5.5546	5.0000	5.1699	6.0444	5.2854	4.9069	4.4594	4.9542	4.5236	5.0875	4.8074	4.0000	4.1699	5.4919	5.5236
SYNTH0025	5.0875	7.0224	5.8580	6.5699	5.4263	5.2095	5.5850	6.4919	6.6147	6.6294	3.1699	5.3219	4.8074	4.1699	5.9773	4.9542	5.0875	5.9773	5.7004
SYNTH0026	6.5850	6.9307	7.2384	6.9425	7.3487	5.7004	7.2479	5.7549	6.7814	5.8580	6.9542	6.6582	6.1293	5.7004	5.7549	6.7004	7.6366	6.5236	6.5850
SYNTH0027	6.4919	5.2479	6.2095	5.5850	5.0000	5.8329	6.3038	7.6294	4.6439	6.9189	6.6294	6.1497	6.4757	6.5078	6.7682	5.3923	5.1293	6.0661	6.4263
SYNTH0028	6.7004	7.0444	7.2384	6.8704	7.0334	8.0112	7.5774	6.5236	6.3399	6.3576	7.0000	5.6724	6.5699	6.6724	6.7549	6.7415	6.6294	8.0000	6.8704
SYNTH0029	4.8580	3.4594	3.9069	4.9542	3.4594	4.8074	4.6439	4.8074	4.4594	3.4594	5.5546	4.9542	4.3923	4.5236	0.0000	3.5850	5.0000	4.3219	3.4594
SYNTH0030	3.9069	5.0000	3.7004	4.2479	4.3219	3.9069	3.3219	3.8074	4.7549	4.6439	4.2479	4.0000	4.0875	3.8074	4.5236	4.1699	4.0000	4.2479	3.0000
SYNTH0031	4.0875	3.0000	3.4594	3.4594	4.0875	2.0000	3.8074	4.0875	3.9069	3.7004	5.0000	4.1699	2.8074	4.7004	4.6439	3.0000	4.7549	3.3219	4.3923
SYNTH0032	3.1699	3.7004	4.0000	3.1699	3.0000	3.7004	3.7004	4.7549	2.8074	4.9069	3.4594	3.9069	3.9069	4.0000	3.8074	4.5236	4.1699	1.5850	2.8074
SYNTH0033	5.2479	2.5850	5.6724	5.7814	4.7004	5.3576	5.0875	5.4919	5.5236	4.3219	5.6724	4.4594	5.5236	4.0875	4.0000	4.7004	5.3219	5.2095	3.7004
SYNTH0034	2.0000	3.3219	3.1699	4.0875	2.5850	3.0000	1.5850	2.5850	2.3219	3.8074	3.3219	3.1699	4.1699	3.0000	3.0000	3.0000	3.5850	2.3219	3.4594
SYNTH0035	6.3219	7.0444	7.3309	6.2095	5.5850	6.0875	5.9307	7.7142	6.3576	6.2854	7.8074	6.2288	7.5236	8.1033	7.0224	8.5236	7.9307	6.5999	7.2854
SYNTH0036	2.8074	3.0000	2.3219	2.8074	1.5850	2.5850	2.5850	2.8074	4.5236	3.8074	3.0000	2.0000	3.5850	4.2479	3.9069	2.5850	2.5850	2.8074	3.3219
SYNTH0037	5.4594	4.8580	4.9542	4.8580	5.3219	4.8074	5.6147	5.3923	4.1699	5.1699	4.8580	4.4594	5.1293	5.6724	5.3219	3.5850	3.8074	5.0444	4.0000
SYNTH0038	6.3576	5.3576	6.4263	5.2479	NA	6.0000	5.6439	5.6439	6.6865	6.0000	6.7279	5.5850	6.2668	6.1085	5.3923	4.7549	5.6439	5.8329	6.4094
SYNTH0039	8.8486	9.2288	6.4094	10.2784	8.0768	8.4878	9.2143	8.3837	8.7582	8.5392	9.0741	8.9629	8.8074	8.3531	7.7074	9.2046	8.2992	8.5196	9.3332
SYNTH0040	5.8580	5.9307	6.1085	6.0444	5.6147	6.6439	6.6582	6.2288	6.0875	6.8202	5.1293	5.7279	6.8948	6.1085	7.0553	5.0875	5.5850	7.2479	5.0444
SYNTH0041	7.1497	7.5236	8.0056	8.7279	8.4051	8.8074	7.5469	7.6795	9.3576	8.1497	7.7879	6.5392	7.1898	7.3576	6.4263	7.2668	7.3750	7.1497	7.5774
SYNTH0042	5.4263	6.9069	5.3219	5.1293	5.4919	6.1898	7.0875	6.0224	6.2668	5.6147	5.4919	NA	6.2479	5.3219	7.2384	5.5236	5.1293	6.8329	6.5999
SYNTH0043	5.6439	4.7549	5.4263	4.8074	4.8580	5.7549	5.2095	4.0875	5.8580	5.2854	5.7004	5.5850	6.6147	5.4594	6.4919	5.4919	4.4594	3.9069	5.8826
SYNTH0044	2.5850	3.9069	2.8074	3.1699	3.4594	3.7004	3.0000	3.9069	4.1699	3.8074	4.1699	3.5850	4.5850	3.1699	3.3219	3.8074	1.0000	3.1699	3.7004
SYNTH0045	6.6724	7.2288	7.6294	7.8392	6.4263	7.0444	6.4429	7.1396	7.3309	7.1293	6.7004	5.2095	5.5236	4.5236	5.5546	4.7004	5.2095	5.0444	6.5078
SYNTH0046	5.6147	7.8642	6.7142	7.6582	7.9830	8.6618	7.2854	7.5078	6.4919	6.6439	8.7616	8.6294	7.3576	6.1497	7.8392	8.0056	8.2761	7.7415	8.1548
SYNTH0047	8.6257	7.7748	7.8455	9.3129	7.3663	7.2574	8.1497	8.3309	8.4757	9.2384	6.6724	8.2240	7.7142	7.5546	7.4594	7.1799	6.4757	7.5236	7.8887
SYNTH0048	2.8074	4.2479	4.0000	3.3219	2.3219	4.3219	3.1699	3.4594	4.0000	2.0000	3.4594	4.1699	2.5850	3.1699	3.3219	1.0000	3.3219	1.0000	3.3219
SYNTH0049	5.6439	3.8074	5.2854	5.6724	4.5850	4.9542	5.1293	6.2095	5.3576	4.8580	5.3219	5.0875	5.4919	6.0661	5.8329	6.1699	5.9773	5.7814	5.7549
SYNTH0050	7.2288	6.3750	6.3399	6.6865	6.0000	6.8074	5.2854	5.4594	5.7814	6.0444	6.9307	6.9773	5.9307	7.1898	6.9658	6.4429	7.5774	5.4263	5.7004
SYNTH0051	8.9189	9.4512	7.7074	8.6221	7.5392	9.1997	9.2691	8.0768	9.8517	8.6036	9.4878	8.6760	8.6221	8.3794	9.3794	9.1774	7.6221	9.9396	9.5469
SYNTH0052	9.0389	9.6366	7.9484	10.4294	8.8329	9.2574	9.2264	6.7415	9.5157	8.6366	8.0821	8.0768	9.1573	9.1799	9.8090	8.7108	8.7415	8.8887	8.9039
SYNTH0053	5.3576	5.6724	6.0875	4.6439	3.5850	6.2095	4.7004	5.1293	4.0000	5.3219	4.0000	5.1699	5.6724	5.2479	6.1699	5.5850	5.5850	5.0444	4.7549
SYNTH0054	9.2715	8.2384	8.5196	9.7177	8.2143	9.3597	8.6221	9.1548	9.6777	6.9189	8.4009	9.3509	9.4157	8.0875	8.5314	8.8765	9.5177	9.3597	9.2021
SYNTH0055	4.7549	4.7004	5.0444	3.8074	4.8074	5.2479	3.1699	4.9069	5.2479	5.0875	5.3219	4.3923	5.9773	4.7549	6.5850	5.9307	5.7279	6.5999	4.7004
SYNTH0056	8.4959	7.0000	8.5999	8.2192	9.6184	8.4305	8.3038	7.0000	8.3264	7.1699	8.7846	8.7944	8.8549	7.5236	8.7549	8.9484	8.0768	8.5812	8.7245
SYNTH0057	6.2668	6.5236	7.0980	7.0553	6.4919	7.2574	6.8948	7.0875	6.4594	6.7944	6.8826	6.1699	6.2288	7.0768	7.1599	7.7074	7.5999	7.2479	6.4263
SYNTH0058	5.4263	3.3219	6.1293	4.5850	3.1699	4.0875	5.0000	4.8074	4.7004	4.5850	4.8580	5.8074	3.9069	4.7549	4.9069	4.8074	4.0875	4.5850	5.0000
SYNTH0059	7.6294	8.2240	6.5699	8.0498	7.8329	6.9658	7.2854	7.9542	6.7279	7.5469	7.4757	7.7944	7.2761	6.3219	7.3750	7.7482	8.1396	7.1599	7.5774
SYNTH0060	8.0112	7.7682	8.3923	7.4179	7.8704	7.7004	7.7279	6.7944	7.2946	6.6724	7.5546	8.4009	5.5850	8.1749	7.2946	6.7814	8.1849	6.5078	7.7944
SYNTH0061	8.1344	9.5353	9.6129	7.9484	8.7211	8.9159	8.6830	8.9944	8.3794	6.8826	7.6221	9.0795	8.2046	8.4635	8.6110	9.4858	9.1674	8.7177	8.6439
SYNTH0062	3.3219	5.5236	4.7004	4.1699	5.3923	4.6439	4.7004	4.0000	4.5236	4.3219	5.2479	4.9069	NA	4.0875	4.2479	4.3219	5.0444	4.0000	5.5546
SYNTH0063	3.1699	3.3219	3.5850	2.3219	3.9069	4.3219	1.5850	3.3219	3.5850	3.9069	3.7004	4.0875	4.1699	4.1699	2.8074	4.1699	1.5850	3.0000	3.1699
SYNTH0064	7.1396	5.7549	5.3219	4.1699	6.2095	5.2854	7.1699	6.0875	6.5699	4.7549	5.9069	6.2288	5.8329	5.4263	5.8826	4.8074	5.5850	6.1699	6.7004
SYNTH0065	4.9542	5.7814	5.0875	5.5236	5.8580	5.4594	5.2095	4.6439	5.4594	5.2854	4.7549	4.0000	5.8074	5.1699	5.2479	4.3923	5.4919	4.2479	4.7004
SYNTH0066	6.1085	5.0444	5.0444	4.9069	5.8580	4.3219	4.3923	5.2479	4.0875	4.3923	4.1699	4.6439	4.0000	4.4594	4.9542	4.3219	3.7004	4.7004	4.2479
SYNTH0067	4.9069	4.0875	3.9069	4.4594	4.2479	4.6439	3.5850	4.5850	4.3923	3.8074	4.0000	2.3219	2.3219	3.5850	3.0000	2.8074	4.1699	3.1699	3.3219
SYNTH0068	6.7814	7.9009	7.6221	6.1898	7.0000	7.0875	7.5314	8.0000	6.2854	6.7004	7.0000	7.3837	6.9773	7.4346	6.5699	6.5236	7.4512	6.3923	6.8580
SYNTH0069	6.4094	5.8074	6.6865	5.7549	6.3923	6.3219	6.5546	6.1699	6.2668	5.4263	5.8074	6.3923	5.9069	6.2668	6.4429	6.1898	6.1497	7.1997	5.9773
SYNTH0070	8.2574	8.0553	7.5078	8.2432	7.2854	8.7245	8.6184	8.5736	8.3174	9.1523	8.5850	8.8517	8.5353	7.1799	8.8202	7.3487	7.8392	7.8455	8.3923
SYNTH0071	4.0875	4.8580	4.5850	4.1699	4.5236	4.2479	4.0875	4.5850	4.2479	4.1699	3.4594	NA	4.4594	3.7004	3.7004	4.4594	4.7549	4.5850	3.3219
SYNTH0072	7.1898	6.8455	8.9915	8.5999	NA	6.7549	7.3837	7.6724	7.1599	8.2946	7.0224	8.0928	7.5314	7.1085	8.0168	7.0000	6.1898	7.7549	7.9484
SYNTH0073	5.2854	6.8455	6.5546	6.3038	5.9773	5.3576	6.7944	6.3750	5.4594	6.2854	6.0661	6.2668	7.0000	5.8580	5.8329	6.0000	6.6147	5.8580	6.3038
SYNTH0074	7.1898	7.6582	7.3399	7.2192	7.3399	7.0224	7.0444	6.8826	5.2854	5.8074	7.0000	7.5392	7.4179	7.3837	6.8074	7.8948	8.0980	6.5999	7.5850
SYNTH0075	7.6795	7.1293	7.8455	6.9425	6.8329	NA	7.4757	7.2192	6.8704	7.2479	6.3399	7.2192	6.3750	6.1085	7.5392	6.5546	6.7004	7.0768	7.3038
SYNTH0076	5.8329	5.8074	7.1497	6.5850	6.9887	6.8329	7.3038	5.2479	6.7944	6.5699	6.9307	6.9069	7.8138	7.3038	5.6147	6.9773	6.9658	6.9189	5.3923
SYNTH0077	7.9542	7.5774	7.6724	8.3619	8.7482	6.8704	6.6147	7.3038	7.9830	7.2095	8.4553	7.3837	6.9307	7.6511	7.5925	8.3531	8.1649	8.5157	7.8455
SYNTH0078	4.0875	4.7004	5.0875	3.5850	3.8074	4.7004	4.5236	4.6439	4.6439	3.3219	4.0000	4.2479	4.0875	4.2479	5.1293	4.7549	5.3219	4.0000	4.6439
SYNTH0079	7.7748	6.5699	6.4757	NA	7.2946	6.6865	6.5699	6.8826	7.2479	6.2854	7.4757	6.0875	6.1293	8.1599	6.6294	7.1085	7.0224	7.3129	5.9773
SYNTH0080	8.5157	7.9887	8.2384	7.7482	8.9454	9.1396	9.2336	8.7448	9.2621	7.7004	8.8106	7.6294	8.7879	8.3663	9.0768	8.3219	8.0389	8.5430	8.3880
SYNTH0081	8.1799	7.5546	9.1137	8.3399	7.6653	8.8549	7.6935	8.4717	8.6795	7.3399	8.4051	8.3487	9.0251	9.2946	8.9307	8.7108	9.4030	8.9830	7.1497
SYNTH0082	3.3219	3.8074	2.0000	3.3219	3.3219	2.3219	3.0000	2.5850	2.8074	3.0000	2.3219	2.3219	2.5850	1.5850	3.4594	2.5850	3.3219	2.5850	3.7004
SYNTH0083	6.4263	5.7549	6.5999	6.9658	6.1898	4.8580	6.1085	6.0224	6.6582	6.9542	7.5622	7.9658	7.1497	7.3663	7.8948	7.9715	7.0112	7.6147	8.1849
SYNTH0084	6.8948	7.4919	8.4305	7.7616	7.7279	6.8329	8.2479	7.7415	8.2808	7.2479	7.9887	6.9542	7.6935	7.9248	7.2288	9.0307	7.5314	7.5850	8.2240
SYNTH0085	8.3794	7.3750	8.3750	6.9189	8.4798	7.2479	9.0279	7.8642	9.1189	8.8170	8.3219	7.1997	8.9801	8.5622	7.5622	7.6221	8.7142	8.0980	7.2192
SYNTH0086	4.1699	4.8580	5.1293	6.2854	5.4919	5.8329	4.4594	5.8329	4.3923	5.1699	4.3923	5.8074	6.0224	5.8329	5.6147	5.4919	6.1699	5.4594	4.9542
SYNTH0087	3.3219	5.0000	4.5850	4.5850	5.8074	3.1699	5.3923	4.0875	4.5236	3.9069	4.7549	5.0444	3.8074	3.5850	2.8074	4.3219	4.8074	5.9069	3.1699
SYNTH0088	8.5430	8.5812	8.9484	7.8517	8.8234	8.5469	9.4696	9.0471	9.0112	9.0580	8.4009	6.9307	7.8765	6.8704	7.6294	5.7549	7.1497	8.1699	7.6511
SYNTH0089	5.4263	5.5236	5.8580	6.7004	6.3038	7.0112	6.5999	6.0000	7.7074	6.9542	6.7142	6.0000	5.8074	6.8202	7.3309	5.7814	6.9069	6.7944	4.9542
SYNTH0090	5.9542	5.8329	5.7279	5.2479	5.1699	5.0875	4.1699	5.9542	5.1293	4.0875	5.3219	5.2479	4.0000	5.7279	5.5850	4.3923	5.7004	4.0875	5.9773
SYNTH0091	7.9425	6.0875	7.5469	5.4263	7.5392	6.8329	6.9887	7.7748	7.2192	7.0224	6.2288	7.2192	7.7682	6.1699	7.9366	6.6147	6.9887	6.7814	7.1085
SYNTH0092	6.4094	6.7814	6.9425	6.1085	6.7279	6.3750	8.1137	7.2479	7.0112	6.3923	5.0444	7.6935	5.7004	6.5850	8.0768	6.6582	7.1497	6.0444	5.7814
SYNTH0093	3.9069	5.9542	4.9542	5.5546	NA	4.9069	4.8580	6.0000	5.0000	5.3219	5.6439	5.4263	4.9542	4.9542	5.8074	5.2095	5.2095	4.3219	5.8826
SYNTH0094	8.0661	7.9887	7.8517	7.8517	8.4009	8.3399	7.1699	9.0580	7.8642	7.3837	8.2574	8.3707	9.1421	7.6147	7.8138	7.9248	7.7944	7.9248	8.3129
SYNTH0095	10.3554	9.6257	8.3707	8.1898	9.0251	8.8361	8.1699	8.8170	8.8826	9.1472	8.5314	8.8642	9.5981	9.0607	7.6653	NA	7.5157	8.0168	8.6330
SYNTH0096	2.0000	4.2479	3.5850	3.3219	3.1699	2.5850	3.5850	4.1699	3.0000	2.5850	3.4594	2.3219	3.8074	2.3219	4.5850	2.5850	3.5850	3.3219	4.0875
SYNTH0097	6.6147	7.8517	7.0768	6.8948	7.4594	7.1396	7.2192	6.6865	7.6294	7.0980	8.2715	6.8329	7.4179	5.9773	7.8517	6.1898	7.2288	6.6294	6.8826
SYNTH0098	3.4594	4.0875	4.1699	4.5850	4.7004	5.4263	4.9542	4.9069	4.3923	3.4594	3.8074	2.0000	3.3219	4.5236	4.5236	5.2854	4.9069	3.8074	4.9542
SYNTH0099	8.0279	8.2761	9.3794	8.4717	8.8796	8.1948	9.1319	7.6582	8.6511	7.1293	8.6865	7.7074	8.7649	7.4429	9.1573	9.2021	7.9248	8.1293	8.0168
SYNTH0100	5.5546	3.3219	4.3923	4.6439	5.1293	3.3219	4.3923	5.4594	4.9069	4.4594	3.7004	5.4594	5.0444	4.1699	5.4594	4.7004	5.5546	5.8074	4.3923
SYNTH0101	4.0875	4.0000	4.5850	4.1699	2.3219	1.5850	4.4594	3.4594	3.8074	3.5850	4.0000	2.8074	3.9069	4.0000	4.2479	4.3219	3.5850	2.8074	3.9069
SYNTH0102	5.7814	4.2479	6.0000	4.7549	5.0444	5.6724	5.4594	5.3576	4.7549	6.5999	5.1293	NA	4.7549	5.1699	5.9069	5.9069	5.7814	6.1293	5.6147
SYNTH0103	8.1293	9.0498	8.2479	8.6760	8.7944	8.3707	6.7004	8.5584	9.2877	8.1293	7.9009	8.3264	8.2384	8.0168	7.4919	6.5999	7.3576	8.2336	8.1898
SYNTH0104	4.8074	3.7004	4.2479	5.5236	5.3219	4.0875	4.5850	4.3923	3.5850	5.1699	5.6147	4.9069	3.5850	4.9069	4.5850	4.0875	5.2854	3.5850	3.4594
SYNTH0105	6.6865	7.4919	6.6865	5.9307	6.6439	7.7211	6.6294	6.6147	7.3923	6.8948	6.0661	6.6582	6.4094	6.4594	7.2668	7.4346	7.1997	7.0661	7.3129
SYNTH0106	8.7211	7.8765	7.6511	8.9366	7.4838	8.1849	8.2946	9.3174	8.2992	8.2854	8.9484	8.9069	8.0279	8.1137	8.9069	8.2046	7.8074	8.5196	8.0224
SYNTH0107	4.9542	6.9773	4.5850	6.4919	6.4594	7.0224	6.8074	5.4919	7.8765	5.7279	6.7814	5.1293	4.5236	4.1699	6.1699	6.1497	6.1085	5.3576	5.5236
SYNTH0108	5.1699	5.7004	5.4263	5.6147	6.1497	5.7279	4.7004	4.8580	5.3576	5.2479	5.7814	4.9069	5.2854	6.6582	6.6865	6.7415	5.5850	6.1085	5.3923
SYNTH0109	4.2479	3.5850	4.3923	3.5850	3.8074	4.5850	3.3219	4.5850	4.0000	2.5850	4.8074	3.1699	5.1293	4.5236	3.7004	5.2095	4.6439	5.1699	4.9069
SYNTH0110	4.2479	3.9069	3.5850	3.0000	3.0000	3.7004	0.0000	3.8074	1.0000	3.8074	3.1699	3.7004	4.8580	0.0000	2.8074	2.5850	2.8074	2.0000	4.0875
SYNTH0111	6.7142	7.1599	5.8826	6.8455	6.7549	5.8580	6.3923	7.1396	7.2946	6.8202	7.6221	7.2854	7.0661	7.4676	5.9307	7.1293	6.7814	7.4757	7.5546
SYNTH0112	5.7004	4.8074	5.8074	5.6147	3.7004	5.7004	4.7549	5.6439	4.6439	4.5236	5.6439	5.0875	5.8074	5.4594	4.4594	5.0444	NA	5.6724	5.7004
SYNTH0113	6.1898	5.5546	5.3576	4.4594	5.6147	5.3576	6.0224	5.0444	5.7004	5.6439	6.7814	7.0980	4.5850	5.2095	4.6439	5.5850	5.0000	5.6724	5.3219
SYNTH0114	5.6724	5.1293	5.5236	4.3219	4.5236	4.5236	5.5850	3.8074	2.3219	4.0875	5.8329	5.2095	4.7004	5.4263	4.8074	5.1293	5.4919	5.1293	4.2479
SYNTH0115	4.7004	3.8074	3.5850	5.7279	4.8074	4.7549	5.3219	5.3219	5.0875	4.5850	3.9069	4.7004	3.4594	5.3219	4.4594	3.9069	3.5850	4.8580	3.8074
SYNTH0116	8.3707	8.1396	8.2336	7.4009	6.5236	7.3750	6.5078	8.8361	8.2854	7.0112	8.3966	8.0553	8.0553	8.3487	9.0901	7.9944	8.6221	8.4221	7.8138
SYNTH0117	5.0000	5.3219	4.2479	5.5546	2.8074	5.1293	5.9773	4.5236	5.8074	5.4919	6.3923	6.7004	5.4594	5.0875	4.9069	5.4919	5.0444	5.3219	6.4919
SYNTH0118	4.7549	5.4263	5.4594	4.6439	5.2095	5.6439	4.0000	5.0000	5.4594	4.5236	4.0875	2.5850	5.2095	5.6439	4.9542	4.8580	5.8580	4.5236	5.2854
SYNTH0119	6.5078	6.2095	5.6147	4.5850	6.4429	5.7549	6.1497	5.9307	4.7549	4.5236	5.7549	4.0875	5.9069	4.2479	5.6439	6.7279	6.2854	5.4919	5.8329
SYNTH0120	5.5546	4.0000	4.6439	3.9069	4.1699	5.8074	4.2479	5.5546	4.5236	4.6439	4.6439	3.5850	5.7004	5.6724	4.7004	5.2479	4.6439	4.0000	5.5850
SYNTH0121	7.1799	7.1898	7.0980	7.6795	7.9009	5.9069	7.6935	7.2192	7.4512	7.1189	7.0661	6.7415	7.0661	7.0661	6.5699	7.1599	7.3129	6.5999	7.8074
SYNTH0122	7.7142	7.9248	8.1344	8.3794	7.3038	6.7944	8.6618	7.7347	7.4512	7.5078	8.0444	7.8887	8.0980	8.9830	8.4838	8.0112	8.5699	8.9542	8.0498
SYNTH0123	4.8580	5.1699	5.2479	6.7814	6.0000	5.4594	6.2288	3.1699	5.6439	5.3923	5.7279	6.1293	6.0224	6.7682	5.9773	5.5850	6.3923	6.3750	6.3399
SYNTH0124	5.9773	3.1699	4.8580	4.2479	5.7814	5.1699	4.8074	5.5850	6.8202	5.4919	5.2479	5.2854	5.5546	5.8580	4.4594	6.3038	5.0875	6.0444	5.4919
SYNTH0125	7.9484	7.6935	6.9773	6.9069	7.7682	7.1396	6.6147	7.3219	6.3923	NA	7.8455	8.9307	6.8074	7.9484	6.5078	8.0821	7.2288	7.1599	7.3576
SYNTH0126	9.0056	8.1599	8.5661	9.1370	8.4512	8.7313	8.3531	8.3750	7.7682	8.0715	8.3399	7.8138	8.0661	7.0334	8.5999	9.1215	8.0821	8.2384	6.9542
SYNTH0127	6.6147	6.5236	6.3219	7.0000	7.0224	6.3750	5.9307	7.0112	6.5850	6.4263	6.7814	6.1898	5.9069	6.0444	5.4263	5.6147	7.0224	6.5078	6.7279
SYNTH0128	4.8074	4.3923	4.7549	3.7004	5.7004	3.3219	5.4919	4.0875	4.5850	4.7549	4.8074	3.8074	5.7004	5.0444	5.3923	4.3923	4.6439	4.3219	4.4594
SYNTH0129	3.0000	3.3219	3.1699	2.3219	2.5850	3.3219	2.3219	3.4594	3.4594	2.3219	2.3219	4.7549	3.4594	4.6439	4.0875	5.5236	4.5236	2.5850	3.8074
SYNTH0130	5.7814	4.6439	4.5850	5.0875	4.8580	3.7004	5.5546	4.0875	5.2854	4.3923	4.3923	4.8580	4.8074	4.5850	4.9069	5.2479	5.3923	5.6724	5.5850
SYNTH0131	8.1293	9.6147	8.6582	7.8517	7.5699	8.4263	7.7004	9.2644	8.7074	8.1085	9.1111	8.1749	9.2336	8.2143	8.9366	9.6294	8.6366	8.7039	9.7814
SYNTH0132	7.8265	8.5157	9.3264	8.0768	8.8611	7.9009	7.5157	8.0498	9.1573	7.9248	8.6110	6.6582	7.4179	7.6582	8.5078	7.9600	7.7944	7.2854	8.1799
SYNTH0133	7.8455	6.9658	7.5546	8.0168	7.3038	6.5078	8.0334	6.0661	7.4919	6.3399	7.9366	6.9307	6.1293	8.1699	8.0928	7.8074	8.6724	7.7814	9.0417
SYNTH0134	9.0112	8.7912	8.2192	9.2408	9.4409	8.7616	10.0634	9.4009	7.3923	9.4471	8.9830	8.5925	8.5507	9.1007	8.6147	8.4305	8.2715	9.0251	8.5314
SYNTH0135	4.3923	4.8074	4.6439	3.4594	3.9069	4.7549	4.7004	2.8074	1.0000	3.1699	5.3576	3.7004	4.0875	4.7549	3.1699	3.8074	3.0000	4.0000	3.0000
SYNTH0136	8.8517	9.3576	8.6147	8.9830	8.0875	8.5925	8.8549	9.0168	8.6110	8.1849	NA	6.8329	6.6865	6.7944	8.8857	7.6294	8.1749	7.1189	6.8074
SYNTH0137	3.7004	4.5236	3.8074	2.3219	3.3219	2.8074	3.8074	4.8074	4.0875	3.5850	3.9069	3.7004	3.0000	3.8074	3.4594	3.0000	2.3219	3.4594	2.5850
SYNTH0138	6.6865	6.7142	6.4263	5.7814	6.4919	7.1699	6.5850	5.9542	6.2479	6.8329	6.4757	6.2479	5.4919	6.7415	6.0000	7.1997	6.2668	7.1699	6.0661
SYNTH0139	3.7004	3.8074	4.2479	3.7004	3.4594	3.9069	4.0000	4.2479	4.5850	3.4594	3.1699	4.4594	3.0000	4.8580	4.3219	4.1699	4.5236	3.7004	3.9069
SYNTH0140	6.4594	7.7616	7.7814	6.7682	6.8455	7.0875	7.8948	7.0000	6.2668	7.1497	7.3399	7.7004	8.0000	6.8948	7.6221	7.2574	6.0000	6.8826	7.6221
SYNTH0141	3.8074	4.8074	4.6439	4.9069	4.0875	3.9069	3.1699	2.8074	5.0444	4.7004	4.8580	4.4594	3.4594	4.5236	3.5850	NA	4.5236	3.4594	5.2854
SYNTH0142	6.8202	6.7814	6.5699	6.8948	7.2095	7.3837	6.3576	6.8329	6.7682	6.4919	7.9129	6.8329	7.0334	7.7814	6.4919	8.0498	7.1799	7.3399	7.1293
SYNTH0143	8.3531	7.1898	7.4009	7.1599	7.5314	7.8265	7.8765	7.5392	7.8392	6.8704	6.7142	7.9366	8.2336	6.9069	7.6582	7.8009	6.6724	7.4676	7.4346
SYNTH0144	5.3576	5.5850	5.3219	5.9542	6.0661	5.6147	5.6147	5.1699	3.7004	3.8074	6.2668	5.6147	7.0980	7.0875	7.4179	6.7682	6.3923	7.6653	7.5774
SYNTH0145	2.3219	3.4594	2.0000	2.5850	3.0000	3.5850	3.3219	2.5850	2.8074	2.0000	3.3219	2.5850	3.0000	3.1699	3.0000	3.0000	3.0000	3.4594	3.9069
SYNTH0146	9.6018	9.9410	9.2021	9.4737	8.6900	7.8202	9.6582	9.6384	9.5392	8.7245	8.1649	8.2046	7.9944	7.7347	8.0875	8.5507	9.3772	7.7279	8.7482
SYNTH0147	3.8074	5.0444	3.4594	4.0875	4.8580	4.3219	4.7004	5.4263	3.5850	6.1898	4.9069	4.1699	4.5236	4.3219	3.8074	4.7549	4.2479	4.6439	4.5236
SYNTH0148	8.5699	6.4919	7.7814	7.6439	6.6147	6.7279	8.1849	7.6511	7.1799	7.5392	7.6724	7.0444	7.1699	7.9944	7.2192	7.9773	7.6221	8.0553	7.3038
SYNTH0149	6.0224	5.8826	4.5236	5.3923	4.7549	4.9069	4.7549	4.5236	4.9542	4.4594	NA	5.0444	5.3219	5.5850	6.7549	5.3219	5.3576	5.2479	5.3576
SYNTH0150	7.2192	7.0334	7.9715	7.3663	7.0000	7.9307	8.1898	8.8455	7.4346	8.3174	7.4919	7.8392	8.2992	9.0084	8.2432	8.0498	8.3837	8.2574	7.4179
SYNTH0151	4.7004	4.5850	2.5850	3.5850	3.5850	3.1699	3.9069	4.8580	4.1699	4.0875	4.7004	3.5850	3.3219	2.5850	4.3923	4.0875	3.8074	2.8074	1.5850
SYNTH0152	6.4263	5.3576	7.0768	5.3923	7.3219	6.0661	6.7142	5.4919	7.0112	7.3837	5.6439	6.3923	6.8826	6.9658	6.2288	6.4094	6.7279	6.2288	5.2854
SYNTH0153	5.2854	5.8329	4.8580	5.4919	4.3219	4.8580	5.5236	4.8580	4.9069	4.8580	4.2479	4.3923	5.9542	4.2479	3.8074	5.4594	4.3219	6.0000	5.5850
SYNTH0154	8.6294	9.0084	8.6402	6.6865	8.1085	8.4998	7.7279	9.1824	8.1497	8.8392	8.8549	7.4429	8.4998	8.2900	8.2668	7.5469	8.2143	7.7814	7.6147
SYNTH0155	6.4263	6.2095	5.9542	6.4757	NA	5.1699	6.6294	NA	5.9307	6.3923	6.1293	4.3219	7.0661	6.5236	7.2761	5.9307	5.4919	5.6724	4.5236
SYNTH0156	7.6439	7.2946	7.9009	7.7482	7.8517	8.6830	7.8202	8.3264	7.1898	7.5392	6.4094	6.0224	6.9658	7.0980	7.3837	6.3923	5.4919	6.8455	6.5392
SYNTH0157	4.5236	1.0000	2.8074	3.7004	4.3923	3.0000	3.0000	4.1699	4.5236	2.8074	2.5850	4.3923	4.3923	3.4594	3.9069	4.0000	3.7004	4.0000	3.7004
SYNTH0158	3.3219	2.8074	3.8074	2.8074	3.0000	2.5850	0.0000	2.8074	1.0000	3.3219	4.0875	3.5850	3.8074	2.8074	1.5850	3.0000	3.8074	3.1699	3.3219
SYNTH0159	6.5236	8.2808	7.4757	7.6073	7.5699	6.6865	6.7814	7.0444	7.7482	6.9542	7.3219	6.4263	7.3129	6.3219	6.9542	7.9715	8.2288	7.6073	7.0224
SYNTH0160	7.2479	6.6865	6.8329	7.4512	7.8074	8.1085	7.5078	6.9658	7.5157	7.4757	7.3663	9.4136	8.0168	8.4136	8.4221	8.2288	9.0196	7.7549	7.7415
SYNTH0161	4.4594	5.2095	2.5850	5.4919	4.7004	5.3219	4.9542	4.7004	4.7549	5.0875	4.7549	6.3399	6.1898	5.8826	6.1497	6.4094	5.0000	6.3576	6.4594
SYNTH0162	7.4179	6.6724	5.0444	6.2095	6.7142	5.3923	6.8948	6.2854	7.7944	6.8948	5.5546	7.2946	6.6582	6.1699	6.8704	7.2384	6.7814	6.8202	5.4919
SYNTH0163	6.1293	6.7814	6.3038	6.5392	6.7279	7.2479	6.0000	5.4263	6.0661	6.7279	6.8826	7.3399	6.5392	6.4919	7.3837	7.7004	6.1085	7.1997	7.9009
SYNTH0164	6.7814	6.8202	6.4757	5.6147	5.6439	5.8074	4.5850	4.3923	6.0444	5.6147	6.0224	6.7142	6.1497	6.1085	5.5850	5.9069	6.7944	6.5546	6.0000
SYNTH0165	8.8234	7.7549	8.0553	8.9366	7.4838	7.7004	8.3443	7.1189	8.8580	8.6221	8.6653	NA	6.8948	7.1189	8.3837	7.7482	7.1799	8.4635	7.6294
SYNTH0166	4.3219	4.9069	4.2479	4.9542	5.2095	4.8580	4.4594	2.8074	5.3219	4.5236	NA	5.3219	3.7004	4.3219	3.8074	4.8580	4.8074	3.5850	5.3576
SYNTH0167	7.7279	7.1189	8.7313	7.9484	8.0661	7.8202	5.0875	7.3923	8.8796	8.4635	7.0553	7.7415	9.0279	8.0607	8.9972	7.8138	8.7108	8.4221	8.3923
SYNTH0168	5.6147	6.5392	7.9425	7.8138	8.6865	7.1799	7.4263	7.9944	7.1396	5.9773	6.9425	7.6724	6.5999	6.9425	7.7748	7.0661	7.6935	7.7279	7.3219
SYNTH0169	7.3923	7.9887	8.3619	7.0444	7.5699	8.5314	8.7482	8.3399	7.4179	8.1548	NA	8.0553	8.4919	7.2095	8.0821	8.2288	8.2621	7.2095	7.6582
SYNTH0170	6.4094	6.1497	6.5392	6.4594	5.6724	5.3923	5.4919	5.2854	4.5236	6.0224	6.5078	5.0875	5.8074	4.6439	5.0000	4.5236	6.6724	5.0875	6.2288
SYNTH0171	3.0000	1.0000	2.0000	3.3219	1.5850	2.5850	3.4594	3.3219	3.3219	3.5850	2.3219	3.1699	2.5850	4.0000	3.3219	3.4594	3.5850	3.3219	2.3219
SYNTH0172	8.1548	6.4594	6.7944	6.2479	7.9542	8.0168	8.2240	7.4094	9.1319	7.4757	7.3399	7.7682	7.6582	7.3309	7.9425	8.0056	8.3038	7.9542	6.8580
SYNTH0173	3.3219	5.0444	2.5850	4.2479	4.9069	4.9542	4.0875	3.8074	4.5236	4.6439	4.5236	4.3923	4.4594	3.1699	5.3576	4.4594	4.7004	4.9542	4.8580
SYNTH0174	8.0224	7.5850	8.0607	6.8704	7.9830	8.1699	8.5118	6.5546	6.6582	6.9069	7.1699	8.5196	7.8202	7.4009	8.0056	8.2288	7.7279	7.9069	7.6582
SYNTH0175	5.2854	4.5850	5.5546	4.8580	4.7004	3.5850	3.9069	4.9069	4.2479	4.8580	3.8074	4.3219	4.2479	4.3923	4.9542	4.4594	4.2479	5.0000	4.4594
SYNTH0176	8.3880	7.4757	8.8826	8.3880	9.0279	7.6511	9.0715	8.3174	9.5196	9.5058	8.7415	8.9337	8.0821	9.1624	8.7142	8.8265	7.9887	8.7977	5.8580
SYNTH0177	6.7682	7.1799	6.9887	6.6439	7.3487	7.0334	6.6294	6.6439	7.2384	5.9542	6.5699	6.8455	7.2761	7.3663	7.1699	6.7279	6.4429	6.3219	6.9887
SYNTH0178	9.0875	8.1033	8.7177	8.7515	8.1599	NA	7.5546	7.9944	8.6257	7.2946	8.5236	7.8392	8.0168	8.5774	7.0768	8.9159	8.6366	9.0715	7.1997
SYNTH0179	4.7549	4.2479	4.4594	4.5236	4.0000	4.2479	3.5850	4.9069	5.1699	5.0444	4.3219	4.7549	2.8074	4.6439	4.2479	5.1699	3.5850	3.8074	4.2479
SYNTH0180	6.5392	6.0444	7.1997	5.8329	5.5236	7.2288	6.2854	6.0661	NA	5.9542	8.0112	5.7549	6.5850	6.1293	5.5236	7.2288	6.0224	6.3038	3.8074
SYNTH0181	8.3219	8.0334	7.3923	8.3966	6.8826	8.2192	8.0553	7.6366	6.1898	7.8887	8.6935	7.5774	9.1573	7.3038	8.0821	7.7347	7.8392	8.2192	7.7074
SYNTH0182	3.3219	3.3219	3.1699	4.0000	2.5850	3.3219	3.0000	4.5850	3.3219	4.0875	4.3923	2.0000	3.3219	3.9069	3.3219	4.6439	2.8074	3.0000	4.3219
SYNTH0183	7.2288	6.6582	7.0000	6.1497	7.0661	6.7004	6.8202	7.1293	6.1898	7.3663	6.4094	7.0875	6.1085	7.1799	6.0875	5.8074	7.1085	7.0224	6.8826
SYNTH0184	9.1898	8.8202	8.6511	7.7279	8.5469	8.4094	7.4676	8.1344	8.1344	9.3750	8.3750	9.2597	8.6036	9.4798	8.4959	7.7211	8.9687	8.8642	9.1007
SYNTH0185	7.9600	7.8074	7.3219	7.8948	8.2046	7.4512	7.6147	7.1293	7.8704	7.6865	7.0112	6.3038	6.0661	5.0875	6.5546	5.6439	5.6724	6.2854	5.6439
SYNTH0186	5.5546	7.3837	5.7549	7.1497	7.3309	6.2479	7.2288	6.7944	6.1085	5.5236	7.3309	NA	6.6865	6.4594	6.1699	7.3923	5.7004	6.2095	6.6865
SYNTH0187	4.5850	2.0000	3.1699	2.0000	3.1699	3.3219	3.0000	3.3219	3.1699	3.4594	4.1699	3.5850	5.1699	3.0000	3.9069	3.4594	3.8074	4.3219	3.4594
SYNTH0188	7.8887	7.2854	8.5887	8.0768	8.3487	8.1749	8.8329	7.2479	9.0362	7.0661	8.7846	7.6724	9.0224	7.0875	8.7977	8.0661	7.5392	8.3399	7.8392
SYNTH0189	9.6294	9.1749	9.1137	9.4818	8.9915	9.4898	9.1849	9.1599	7.7142	8.3264	8.7649	9.0417	8.4094	8.9715	8.7448	8.5078	9.2143	8.7582	8.5196
SYNTH0190	4.2479	5.5850	4.4594	4.2479	5.3219	4.3219	4.9069	4.6439	5.0000	4.7004	4.5850	4.5236	5.1293	4.0000	2.8074	4.8074	5.4594	5.1293	4.9069
SYNTH0191	7.2761	7.5546	6.2668	7.4346	6.9658	6.9542	7.7142	6.2854	7.8517	7.6511	7.9542	8.0875	6.5546	6.8580	6.2668	8.1497	6.0875	6.5236	6.0224
SYNTH0192	4.0000	2.3219	3.9069	4.7549	4.0875	4.3219	2.8074	NA	3.3219	2.8074	4.0000	3.9069	4.4594	4.0000	4.5236	3.5850	3.4594	4.3923	4.0000
SYNTH0193	3.4594	3.4594	4.8074	2.5850	3.1699	2.5850	3.7004	3.8074	3.1699	4.1699	3.4594	3.8074	4.3923	3.8074	4.7004	4.5850	3.9069	3.4594	4.9542
SYNTH0194	7.8265	8.0875	7.5699	7.4838	7.2479	7.0661	7.1799	7.0334	7.3576	7.2095	6.0661	6.9069	6.5999	7.5622	7.6221	6.7549	7.5392	6.7682	7.1497
SYNTH0195	3.9069	3.1699	3.3219	3.3219	3.4594	3.3219	3.1699	2.0000	4.0875	4.0875	4.1699	3.4594	3.1699	2.5850	3.1699	3.3219	3.7004	4.0000	3.4594
SYNTH0196	3.4594	3.1699	3.0000	3.0000	2.5850	2.5850	2.0000	4.7549	3.8074	3.5850	3.0000	2.3219	4.5850	4.9542	4.0000	3.1699	2.3219	3.5850	3.3219
SYNTH0197	6.1497	7.6511	8.0334	5.3576	7.2668	6.1497	7.2479	6.7814	7.4512	7.3399	7.0980	7.0980	6.8329	6.4919	6.9887	7.5157	6.0661	7.4009	4.8074
SYNTH0198	3.4594	4.4594	3.0000	2.0000	3.1699	3.1699	4.5850	3.8074	4.0000	4.8580	3.0000	0.0000	3.3219	3.3219	4.1699	4.0000	3.9069	3.1699	4.2479
SYNTH0199	4.0875	5.0444	4.1699	4.5236	5.2095	4.8580	5.4594	4.7004	5.1699	6.0661	4.8074	4.9542	5.7004	5.2479	4.6439	5.9069	5.2479	4.7549	5.0444
SYNTH0200	8.1799	6.0444	6.5078	8.4798	7.7482	8.1241	7.1898	7.7814	8.2715	6.2095	7.2946	8.1898	7.6221	6.8074	7.1997	7.1997	7.9830	7.6221	8.2527
SYNTH0201	7.2479	8.2621	5.9069	5.9773	7.4676	6.9658	7.5622	6.2288	7.1699	7.4009	8.2432	7.3038	8.6294	7.4009	NA	7.0334	8.8329	8.9009	8.0224
SYNTH0202	8.1699	9.3487	7.7211	7.9715	8.1293	9.5275	9.0661	9.4346	10.1636	8.1085	9.0980	9.4200	9.1033	9.0741	10.1254	7.9425	8.3794	8.6935	10.0348
SYNTH0203	6.1085	4.9069	5.4263	4.3219	5.6147	4.0875	5.4919	6.3219	5.3923	5.1293	4.0000	5.0000	5.2479	3.8074	5.5236	5.7549	5.5236	5.9542	5.5850
SYNTH0204	6.1699	6.0000	5.9773	7.1898	7.1898	6.1699	7.2384	6.5078	6.6582	6.4919	5.2095	7.4998	6.4263	7.5314	7.0875	7.1997	6.6582	6.6865	5.5236
SYNTH0205	5.5850	4.6439	5.5850	5.5236	6.0661	4.3923	6.0000	5.0444	5.5850	4.9069	4.3219	4.6439	5.3219	5.6724	4.1699	4.0875	5.2854	5.4594	4.7004
SYNTH0206	4.0000	6.2668	5.3219	6.3923	5.9307	4.9542	NA	6.6724	5.3576	4.5236	4.8074	5.6439	5.7279	6.5699	5.4919	5.6724	5.1699	4.9069	5.7279
SYNTH0207	6.3923	5.0875	5.1293	5.6724	4.5236	6.7279	5.8826	6.0000	5.8329	6.0661	5.9069	6.0661	5.9542	6.2668	5.8826	6.9189	6.0444	5.3576	6.3576
SYNTH0208	5.7279	6.8580	6.9425	6.7682	6.9658	6.1699	6.9307	6.3399	5.5546	6.2288	4.4594	3.8074	5.7004	3.7004	5.1699	4.7549	6.0224	4.3923	4.8580
SYNTH0209	3.3219	4.4594	4.0000	4.3923	3.4594	5.0000	3.1699	4.5850	3.9069	4.1699	3.9069	5.4263	4.3219	4.4594	5.1699	3.5850	3.4594	5.5236	5.0444
SYNTH0210	8.0661	8.2143	8.8673	9.0875	9.1824	9.4553	9.1948	9.5736	8.8978	8.1997	7.6073	9.0000	9.0168	9.2644	9.3015	9.4305	8.4998	8.8826	8.0875
SYNTH0211	6.4919	7.3129	7.2946	6.2668	7.1799	7.2668	6.6147	6.8704	7.8704	7.2574	7.4512	7.5392	6.9425	6.5699	7.2288	6.4757	5.4263	6.6439	6.9069
SYNTH0212	0.0000	4.2479	4.5850	1.0000	3.9069	4.8074	4.3219	3.1699	2.3219	3.7004	2.3219	3.0000	3.7004	4.0875	3.4594	3.4594	2.5850	3.8074	3.7004
SYNTH0213	3.9069	4.0875	5.0444	3.1699	3.9069	3.5850	4.8074	3.7004	4.2479	4.0875	4.6439	4.0875	2.3219	3.7004	5.1699	5.0000	3.8074	4.6439	4.4594
SYNTH0214	5.4919	6.0224	5.6439	4.8580	6.6147	5.8329	5.9542	5.7814	6.5999	4.8074	6.3923	6.1085	6.1293	5.9307	6.3399	6.9887	6.0224	6.2479	6.0444
SYNTH0215	7.7004	5.6439	5.7814	7.1799	6.6439	7.7879	8.4471	6.7279	8.3309	7.8948	6.0661	7.9484	8.1137	7.9129	6.9189	7.6221	8.7582	7.4346	NA
SYNTH0216	6.3399	6.8580	NA	6.6865	7.8642	6.4094	6.4094	7.5925	8.1849	8.2761	6.2288	8.3487	7.8704	7.6653	6.8202	7.7004	6.1898	6.8826	6.8948
SYNTH0217	8.8918	9.0980	9.9744	8.4919	9.0954	8.7142	8.6257	7.8138	10.0362	8.5925	9.3880	8.9278	9.5850	9.8611	8.5699	9.5622	8.0000	8.1137	8.4388
SYNTH0218	4.8074	5.3923	3.3219	4.0875	5.2095	2.3219	5.2095	4.8580	4.2479	5.4594	4.3923	2.8074	4.7004	4.4594	4.7004	4.9069	4.8580	5.5546	5.3923
SYNTH0219	7.1799	6.3219	7.4094	6.2479	6.0875	7.7279	6.9887	5.2854	6.0444	6.7549	7.4919	6.5999	6.2095	6.2668	6.3923	5.8074	5.2854	5.9069	6.8455
SYNTH0220	6.7415	5.4263	6.3399	6.7415	6.1898	6.4594	5.2095	6.8329	5.9307	6.1293	7.3837	5.3219	5.8826	6.7549	6.8580	5.1699	7.0224	7.4009	6.3219
SYNTH0221	4.4594	3.4594	1.5850	3.1699	2.5850	3.4594	1.0000	2.8074	3.9069	0.0000	3.8074	3.0000	3.0000	3.0000	1.5850	1.5850	2.0000	2.3219	3.1699
SYNTH0222	7.5078	7.5999	7.4594	7.8948	7.2574	7.6147	8.4717	7.3750	7.8074	7.0000	6.9542	7.3923	8.1599	8.1599	7.6073	7.5925	7.6294	8.4221	7.1189
SYNTH0223	5.2854	5.0444	4.7004	4.2479	4.4594	3.5850	3.5850	3.3219	4.5236	4.3923	2.5850	5.0444	4.7549	3.9069	4.1699	NA	3.8074	3.7004	NA
SYNTH0224	3.4594	4.0875	3.5850	4.0875	3.4594	2.8074	4.0000	4.0875	4.6439	3.7004	4.4594	3.8074	4.5236	3.5850	4.2479	4.3219	4.3219	3.3219	3.5850
SYNTH0225	3.7004	4.9069	4.0000	4.9542	4.5236	4.4594	5.7004	5.2095	5.2854	3.0000	4.2479	4.5850	5.8580	4.3923	4.7549	5.0444	5.5236	4.9069	5.7004
SYNTH0226	8.3707	9.3707	8.1344	9.6018	8.2432	8.4959	9.2854	9.4242	8.0928	9.0715	9.8978	8.9009	9.2574	9.2784	8.8041	8.7748	8.8297	8.5699	9.0795
SYNTH0227	3.9069	4.0875	3.7004	2.5850	3.4594	4.0875	5.0000	3.4594	5.0444	3.9069	5.2854	3.3219	3.3219	3.8074	4.1699	4.9542	4.3923	4.0875	3.8074
SYNTH0228	3.8074	5.7004	4.0875	4.1699	5.2479	3.3219	4.9069	4.7549	4.9069	4.3923	4.6439	4.7004	3.3219	4.8580	5.3219	4.3923	5.3923	4.6439	4.9542
SYNTH0229	6.0444	5.8074	5.0875	3.4594	6.3750	4.9069	5.6724	5.7279	5.9307	5.9542	6.3750	5.6724	6.7142	5.3576	5.8329	4.9069	5.3923	6.4094	7.1085
SYNTH0230	6.0661	6.7682	5.7814	6.5236	5.9773	5.2854	5.8074	4.8580	5.7279	6.8074	5.2854	5.5546	5.8826	6.0000	6.2668	6.1293	6.4429	5.9307	5.9307
SYNTH0231	6.6147	7.2574	7.6439	7.7211	6.0444	7.6147	7.8202	7.8329	8.1548	6.4919	7.1699	7.6511	7.1599	7.1898	7.1599	7.0112	7.4346	8.6184	7.7549
SYNTH0232	7.9425	8.4959	8.1948	6.9773	7.9069	8.1997	6.7549	6.8074	6.5546	7.6366	6.7415	7.9715	6.5236	7.6724	8.0279	7.2479	7.5925	7.8329	8.3750
SYNTH0233	5.7279	3.0000	5.1293	5.9307	5.0000	3.4594	5.7279	2.8074	5.3923	5.4594	4.5850	4.7004	5.3923	5.5236	5.5236	5.0000	5.5236	5.8826	5.8826
SYNTH0234	4.4594	5.3219	3.7004	3.8074	4.8580	5.7549	4.9069	6.3576	4.5850	5.0000	4.6439	4.1699	3.1699	5.2095	5.2854	4.1699	4.7549	4.9069	3.4594
SYNTH0235	6.8948	5.9773	5.1699	5.8580	7.2574	6.1898	5.5850	6.6582	6.4594	6.0661	7.3219	7.4429	7.5999	6.7549	5.5236	5.8826	5.7549	6.3219	5.7004
SYNTH0236	7.0661	6.2479	7.2288	6.4594	5.1699	5.9307	5.7004	7.0553	5.7279	6.1699	6.1699	6.8948	6.4757	6.1699	5.3219	7.6653	4.7549	5.6439	6.2854
SYNTH0237	2.0000	4.2479	3.8074	4.2479	3.5850	4.0000	2.8074	2.3219	4.2479	1.5850	3.7004	3.0000	4.5850	3.0000	3.4594	2.5850	3.5850	3.9069	2.3219
SYNTH0238	4.8074	4.6439	5.0000	5.0444	4.6439	5.6147	4.2479	5.6439	3.0000	5.3576	4.2479	3.0000	3.3219	3.5850	4.0000	3.8074	3.8074	3.1699	4.1699
SYNTH0239	3.1699	3.4594	2.8074	3.8074	3.0000	2.3219	4.5850	3.8074	1.5850	4.0875	3.1699	3.1699	3.1699	3.0000	3.5850	2.0000	3.3219	3.1699	3.1699
SYNTH0240	5.2095	5.0875	5.5850	6.3219	6.1898	5.7279	5.4594	5.7549	4.5850	5.5546	5.4263	NA	4.9542	5.0000	4.0000	6.2095	4.5236	4.9069	5.3219
SYNTH0241	7.6073	7.5774	6.5699	7.4094	7.9425	8.0875	7.3487	7.9189	8.1799	7.9944	7.3038	7.3487	6.2095	6.5699	7.8580	6.4094	6.7814	7.3576	4.3923
SYNTH0242	6.2854	6.6294	5.9773	5.9542	5.7279	5.5546	5.2854	5.9069	6.8329	6.9773	6.0224	5.6147	7.0661	6.9307	7.3129	6.4757	5.4594	5.5850	6.7549
SYNTH0243	3.0000	3.1699	4.1699	4.0875	2.8074	3.7004	4.2479	4.3219	2.0000	3.9069	2.0000	3.5850	4.5850	2.5850	3.3219	4.5850	2.0000	3.3219	3.7004
SYNTH0244	7.5622	6.5236	6.1293	7.0768	7.3219	6.4919	5.4263	6.7549	6.2668	7.1997	8.2715	6.8948	6.9887	7.5314	4.7004	6.5078	7.5392	7.5850	5.3576
SYNTH0245	7.5925	8.1396	7.1085	5.8580	7.8580	7.1497	7.8329	6.4429	7.4179	6.0661	7.6147	7.6294	7.9658	7.6582	6.3219	7.7004	7.6147	6.6147	6.6582
SYNTH0246	4.0000	4.0875	3.8074	3.9069	4.0000	3.8074	2.0000	3.1699	NA	3.5850	4.3219	4.4594	4.0000	4.0000	3.9069	3.4594	2.3219	3.0000	4.4594
SYNTH0247	5.6439	5.1699	3.9069	4.0875	5.3923	5.5546	5.3219	5.1699	4.6439	4.0000	4.0875	4.9069	4.9069	3.1699	4.4594	4.3219	5.3219	4.7549	4.2479
SYNTH0248	8.9801	9.0661	7.4346	9.0580	8.0498	9.7056	9.2456	8.4919	8.9099	8.1241	7.2574	8.3576	10.1202	8.2384	7.4346	9.5255	8.8170	8.7846	8.2808
SYNTH0249	5.1293	4.3923	3.1699	5.2479	4.5850	3.5850	4.0000	4.4594	3.1699	5.3923	3.9069	4.8580	5.3219	4.7004	4.3219	4.8074	4.9542	5.1699	4.0875
SYNTH0250	6.1898	7.5469	7.0224	7.1898	7.8642	7.7074	7.8642	6.7682	7.1085	7.7682	7.3576	7.3129	7.1799	7.5999	5.5850	7.5236	6.3576	8.3309	7.0112
SYNTH0251	5.3923	5.0875	4.3923	4.7549	5.4919	5.1699	5.2095	5.0875	5.3576	5.1293	5.3923	4.3923	4.4594	4.7549	4.8580	6.0224	5.5236	4.0875	4.3219
SYNTH0252	7.7347	6.3038	7.6935	7.2479	7.0980	7.4263	8.2668	7.0875	8.6294	6.8704	6.6724	7.2668	6.1085	6.2668	7.4594	7.6935	6.4919	8.3264	7.5078
SYNTH0253	6.4757	6.0444	6.9189	7.5699	5.3923	5.9542	5.9773	6.4594	6.3038	7.0980	6.3750	6.0875	6.7549	5.5546	5.6147	5.9307	6.9069	6.9773	6.6294
SYNTH0254	4.0875	3.1699	5.0444	4.2479	5.0444	4.7004	5.4263	5.8074	5.2479	5.1699	5.5546	5.1699	5.7279	4.3923	NA	5.2854	3.0000	4.0875	5.4263
SYNTH0255	6.9425	8.7879	7.9887	7.9009	7.5999	7.9773	7.6073	7.0112	7.9542	6.6865	7.4009	7.4757	8.3038	8.3619	8.0875	6.9425	8.7142	8.3619	7.0334
SYNTH0256	5.0000	5.2095	5.8074	3.1699	5.0875	4.4594	4.3219	5.7814	4.0000	4.9542	4.8580	5.9307	4.2479	4.9542	5.8826	4.6439	4.9542	4.4594	5.6147
SYNTH0257	8.7381	7.5314	8.6618	7.2946	7.7415	7.5699	8.3354	8.6795	7.8074	7.8580	9.4367	9.4429	8.2621	7.0112	8.5196	7.5157	8.8580	8.5469	8.4757
SYNTH0258	7.0553	7.1997	NA	8.3129	8.2900	8.0928	6.2288	8.5236	8.4717	7.5236	7.5392	8.1799	7.1997	7.6582	6.9658	7.1599	7.6439	8.0553	7.2288
SYNTH0259	7.4429	7.5622	7.4179	7.4094	8.7347	8.0444	7.5925	8.4346	8.9715	8.2288	7.5546	8.4471	8.2336	8.7715	9.1799	8.7515	7.2384	8.1241	8.3837
SYNTH0260	3.9069	5.0444	3.8074	2.0000	4.4594	4.4594	5.3219	4.0000	3.9069	4.1699	4.1699	3.8074	3.9069	3.7004	3.3219	1.0000	4.5850	4.9542	4.1699
SYNTH0261	5.1293	5.3576	4.7004	3.7004	4.8580	3.9069	4.1699	4.7004	5.1699	5.1699	4.7549	4.3923	4.7004	4.9542	4.3923	5.9069	5.4263	2.3219	3.3219
SYNTH0262	5.1293	3.9069	3.1699	4.5236	5.2854	4.8580	4.0000	5.1699	5.4263	4.1699	4.7549	3.4594	3.7004	5.8826	5.3219	5.2479	5.2479	5.3576	4.0000
SYNTH0263	3.9069	3.5850	3.9069	1.0000	3.7004	NA	4.0875	2.8074	2.8074	4.4594	3.5850	4.2479	4.0875	3.1699	3.1699	4.0000	3.1699	3.1699	3.0000
SYNTH0264	8.7549	9.2240	7.9542	8.0000	9.7004	8.3619	8.6366	9.4263	8.8611	9.6847	7.3837	9.6724	8.3219	7.9248	8.0661	7.8265	8.9009	9.7330	8.7004
SYNTH0265	4.9069	5.9773	6.4757	3.5850	4.2479	6.2479	4.6439	4.7549	6.4263	5.6439	5.0875	4.9542	5.6147	4.8580	5.8329	6.0444	4.7004	5.4919	3.4594
SYNTH0266	1.5850	0.0000	3.5850	2.0000	1.5850	1.5850	2.0000	1.5850	2.0000	1.0000	3.0000	2.3219	3.8074	4.0000	3.1699	2.5850	3.4594	3.1699	4.1699
SYNTH0267	5.8074	6.0000	6.2854	7.3038	6.5699	6.1497	6.6294	6.3750	6.1497	4.8580	5.9069	5.3576	5.8826	5.2095	4.2479	5.5236	4.7549	3.1699	4.2479
SYNTH0268	6.1497	4.1699	5.2854	4.2479	3.7004	4.8074	5.0875	4.7549	5.6147	5.8074	3.1699	4.7004	5.7004	4.8074	3.9069	3.4594	5.3219	5.0000	5.2854
SYNTH0269	5.7814	5.3219	7.0875	5.7279	5.8074	6.8329	5.7279	6.7279	5.6147	5.3923	7.5622	7.3219	7.4676	7.4594	6.5236	6.5999	6.8074	8.3794	6.9189
SYNTH0270	5.8580	5.6724	6.0224	5.4263	5.9307	7.1599	5.6147	5.1293	NA	5.0000	6.1497	5.8826	5.0444	4.5236	5.7279	5.5546	5.8329	6.1497	6.3576
SYNTH0271	4.8580	5.0000	6.4429	5.0444	5.4263	5.1293	5.3576	5.7814	5.7549	5.0444	5.7279	3.1699	5.5236	5.7279	5.8580	5.0000	5.1699	4.4594	5.5850
SYNTH0272	3.8074	5.3576	5.2095	3.0000	4.0000	5.7004	5.4594	4.6439	5.1293	5.0444	5.7279	5.6439	4.8074	5.1699	4.6439	3.4594	4.5850	5.7549	5.1699
SYNTH0273	4.1699	2.3219	4.1699	4.0875	3.4594	3.8074	3.9069	4.5236	3.4594	4.0875	4.4594	4.4594	5.1699	3.7004	3.1699	2.8074	4.5850	3.0000	4.5236
SYNTH0274	3.4594	2.8074	3.5850	4.2479	3.5850	3.7004	4.0000	3.5850	4.0875	2.8074	2.5850	2.8074	3.5850	3.9069	4.0000	3.0000	3.0000	3.4594	2.8074
SYNTH0275	8.6511	8.4051	7.9830	6.9189	8.0768	6.8455	8.1948	8.3619	8.5850	8.6257	7.8009	7.6511	8.1997	8.5275	8.1649	7.0980	8.0715	8.1189	8.9715
SYNTH0276	6.8329	6.5236	6.8329	6.4263	7.1293	6.7814	7.5774	6.5850	5.1293	5.4594	6.3219	6.9773	7.3576	7.4512	6.9658	5.9773	7.5925	6.7415	7.4512
SYNTH0277	4.9542	4.0875	4.3219	5.0875	4.4594	4.5850	5.9307	4.0000	4.1699	5.4263	4.9542	4.0875	1.5850	4.2479	4.7549	5.1293	4.9542	4.7004	5.6147
SYNTH0278	7.8392	8.7142	8.5925	8.6294	8.9944	8.2095	8.0715	8.3309	8.8486	8.2808	8.6294	8.0168	9.3421	8.3309	9.0307	8.3309	9.1241	NA	8.2574
SYNTH0279	3.4594	5.3923	5.7279	5.4919	4.3219	4.9069	6.4919	5.3576	5.5546	5.0875	5.6147	3.1699	5.1293	4.1699	4.1699	5.4594	5.3219	3.3219	4.1699
SYNTH0280	7.3923	8.7515	7.3309	7.4838	8.7682	8.0928	8.5850	8.5469	7.5314	7.8074	8.8887	8.2668	7.8009	8.7582	8.5236	8.3923	8.0279	8.8424	8.1344
SYNTH0281	3.9069	3.3219	4.6439	3.5850	4.8580	4.3923	5.3219	3.9069	4.8074	5.3923	2.5850	3.5850	2.8074	2.0000	2.0000	3.9069	4.1699	3.5850	4.5236
SYNTH0282	9.7928	11.1485	10.8424	9.7781	9.7142	8.8170	9.8826	9.9929	10.7846	9.2095	8.9396	8.2046	7.1997	9.9730	9.0821	8.5469	8.3576	7.0768	8.0875
SYNTH0283	7.9248	6.9773	6.6147	7.4429	7.1085	NA	6.0444	6.9773	6.7944	8.1649	7.5999	7.1898	8.1649	6.7279	7.6865	6.8948	7.4838	7.8826	6.6147
SYNTH0284	7.5850	6.2668	6.1293	6.7004	7.0224	6.4429	6.1699	6.3576	6.6865	7.0224	7.4009	7.5850	6.0000	6.2288	6.6865	6.5392	7.7004	6.2854	7.6724
SYNTH0285	4.0000	4.0875	2.5850	4.5236	3.8074	3.4594	3.1699	4.5850	3.3219	3.4594	4.0000	3.1699	4.0875	4.5850	4.3219	4.3219	3.3219	3.0000	4.7004
SYNTH0286	4.2479	3.1699	3.0000	4.7549	4.0875	5.4263	3.9069	4.5236	5.7004	5.0444	4.9542	4.0000	2.3219	4.5850	3.3219	2.5850	4.4594	3.7004	5.1293
SYNTH0287	5.2854	5.1293	5.3923	4.3219	5.3576	4.3923	5.1293	4.8074	5.3219	4.2479	4.3923	4.8074	4.8580	4.1699	5.2479	4.6439	4.9069	5.0000	4.7004
SYNTH0288	3.8074	2.8074	3.1699	3.4594	2.8074	3.4594	0.0000	3.1699	4.4594	3.8074	4.4594	3.8074	3.9069	3.3219	3.4594	3.1699	3.9069	3.7004	4.3923
SYNTH0289	7.4009	5.0875	6.8948	7.3923	6.1293	7.8517	6.7814	6.7415	5.5236	6.3923	5.5850	7.1085	6.2095	6.6294	7.1898	6.3576	7.7074	5.7004	7.1396
SYNTH0290	6.1898	6.9069	4.4594	5.7549	5.7549	6.6865	6.0444	6.1085	6.7944	5.8329	7.2668	6.3750	5.2854	5.4919	6.5699	6.9887	4.6439	5.4919	6.2479
SYNTH0291	7.2574	5.6147	8.1548	7.4757	5.9773	8.2527	8.1749	7.7944	7.7482	7.4838	8.0168	8.3837	8.5507	8.2192	6.4263	6.5850	8.9915	7.6221	7.7482
SYNTH0292	6.5236	6.0444	5.8580	6.5850	6.4263	6.4429	6.1293	4.9069	6.3219	5.7814	6.3219	6.6582	4.5850	5.0000	6.4263	6.0444	5.2479	5.5236	5.6439
SYNTH0293	2.8074	2.8074	2.8074	3.7004	2.5850	3.0000	2.5850	3.9069	2.0000	3.4594	3.0000	4.1699	1.5850	2.3219	4.2479	3.8074	2.5850	3.4594	3.0000
SYNTH0294	NA	7.5774	7.0875	6.7944	7.6724	7.6511	7.3399	6.2479	7.4263	7.2192	6.8074	6.9425	7.3129	NA	5.7549	8.2384	5.8074	6.8329	6.7415
SYNTH0295	7.4094	7.2095	7.2192	7.9715	7.7682	7.1189	6.1699	6.5546	6.8074	8.6511	9.2550	9.3923	8.7482	9.0140	8.1997	8.7211	8.2479	NA	8.6795
SYNTH0296	4.3219	4.0000	2.8074	2.8074	1.0000	4.0000	3.4594	3.9069	4.2479	4.0000	3.9069	4.2479	2.5850	2.8074	3.3219	4.9069	3.3219	4.2479	0.0000
SYNTH0297	9.2192	7.7415	9.5943	8.7515	8.3487	9.0848	8.3707	8.4594	7.4998	8.9159	8.9542	9.7616	8.8455	7.2384	8.5314	8.5430	8.5736	8.5699	8.9129
SYNTH0298	6.5078	6.7682	7.1599	4.5850	7.0661	5.5850	5.8329	5.5546	6.2095	5.5850	4.3923	7.4009	6.9887	5.9542	5.7814	5.9069	5.0875	6.8202	7.3038
SYNTH0299	5.1293	6.6294	5.5850	5.7004	6.1085	5.7549	6.1699	6.0224	6.1699	6.5850	4.9542	5.2854	5.9773	6.0875	6.5999	6.6294	6.0661	6.0224	6.4263
SYNTH0300	3.7004	4.2479	3.9069	4.1699	5.2095	4.2479	4.1699	2.8074	5.2479	3.7004	3.3219	3.8074	4.4594	5.2854	4.1699	4.7004	3.1699	2.5850	1.5850
SYNTH0301	8.0168	9.3443	7.9944	8.5430	9.0715	8.8041	8.9218	7.2761	8.1749	8.9159	9.1774	8.7142	8.3443	8.7814	6.7944	7.8138	8.6147	8.3576	8.1293
SYNTH0302	3.0000	5.3576	4.8074	4.0000	4.8074	5.9307	4.3923	4.8074	5.1293	5.0444	4.3219	4.2479	4.8074	5.0444	5.3219	4.7004	3.8074	5.0444	5.0875
SYNTH0303	4.5236	4.6439	4.7004	5.2479	5.0444	5.0444	2.5850	3.5850	5.2095	4.1699	4.1699	4.5850	4.6439	3.3219	5.0444	4.2479	4.5236	4.1699	4.7549
SYNTH0304	6.9069	5.4263	6.2479	5.4594	6.2668	5.6147	5.9542	6.3923	6.6865	7.0000	3.7004	4.8074	5.0444	4.0875	4.9542	4.9069	4.8074	4.7549	4.0000
SYNTH0305	8.2574	8.6935	8.8329	9.1085	8.0875	8.8826	7.9248	7.6935	7.9773	8.1497	9.1472	8.4594	8.4919	8.8138	9.1624	9.0715	9.0875	8.7381	8.9830
SYNTH0306	9.4221	8.9189	9.0471	NA	7.4263	9.4594	9.1189	8.9189	6.9425	8.9972	8.5469	9.9715	9.3945	8.0553	8.8009	7.9009	9.3376	8.5275	9.5831
SYNTH0307	2.0000	3.5850	3.1699	3.1699	4.2479	3.0000	2.3219	3.7004	2.5850	3.5850	4.5850	3.3219	1.5850	3.3219	2.5850	3.8074	3.3219	3.8074	3.4594
SYNTH0308	5.5850	5.9773	5.5236	6.5999	6.5850	6.6294	4.7549	5.5236	5.6147	5.8826	6.0000	5.2854	6.3399	6.4429	6.1085	6.6865	5.7549	5.0000	5.7549
SYNTH0309	7.8704	8.2432	8.0279	9.1898	8.7245	9.1085	8.8392	7.1396	7.9129	7.4757	10.0661	7.8948	8.7944	8.8796	9.4778	8.1085	8.4594	8.8826	8.9744
SYNTH0310	8.6618	7.3837	8.5622	8.6475	7.9425	7.2192	7.9069	8.4263	8.3487	7.4512	8.8361	8.3794	8.5236	8.2761	7.3399	7.0000	8.2046	8.1447	7.4429
SYNTH0311	5.7814	5.6439	5.7549	5.6724	6.7279	6.9189	4.7549	6.4594	5.4594	5.3219	5.3923	4.5236	5.0444	5.7004	5.6147	6.2668	3.9069	6.2668	5.5236
SYNTH0312	7.1396	6.3576	7.0980	8.2946	7.9009	6.6294	7.0224	7.2761	7.4009	7.0000	5.7004	6.4919	6.7814	6.4263	NA	6.9425	7.2095	7.8455	8.0444
SYNTH0313	8.0389	7.9248	9.0028	8.7074	8.5157	6.7004	8.0444	6.4094	8.7108	8.3443	8.6582	8.7245	8.4838	8.7515	8.7781	8.0168	8.5196	6.6439	9.1624
SYNTH0314	7.2384	5.8826	8.1849	6.8074	6.4429	6.7944	6.5392	7.5546	5.9542	6.7944	8.3219	8.0444	9.5294	8.3083	8.5392	8.1033	8.5661	7.9658	8.8887
SYNTH0315	5.0875	5.8826	5.1699	5.2479	5.4263	5.3576	5.4594	4.6439	4.3923	4.3219	5.3576	5.2095	4.8580	4.1699	6.3038	4.9069	5.9307	5.7549	5.9307
SYNTH0316	4.7549	5.5546	5.8074	5.7004	5.9542	5.1293	5.8826	6.3750	5.8074	6.5699	6.3038	5.3219	5.4263	5.4594	5.8580	5.2854	5.1699	5.7549	4.5850
SYNTH0317	4.6439	4.9069	5.2479	5.4594	4.5236	5.0000	3.8074	5.4594	3.5850	4.8074	5.5236	4.9069	4.4594	5.0000	4.8074	4.1699	4.7004	5.5546	4.3923
SYNTH0318	5.4919	6.2095	5.8074	6.3399	6.8455	6.1293	6.2095	4.6439	5.2479	5.2854	6.0224	6.1699	5.3923	5.0875	6.8826	5.8580	6.1898	5.7549	6.7549
SYNTH0319	3.4594	5.3576	4.3219	5.2854	3.8074	3.9069	4.0875	3.8074	3.8074	4.4594	4.1699	4.8074	3.9069	2.3219	4.5850	3.1699	4.0875	5.0444	4.7004
SYNTH0320	6.5850	7.4009	6.6582	7.0980	6.4263	6.5699	7.0875	6.1085	7.1599	7.3487	7.1699	7.0980	6.4094	6.8704	7.6147	6.2479	7.5392	7.5392	7.4179
SYNTH0321	7.7142	8.2900	7.8642	7.4594	8.0444	8.4838	7.1085	7.0112	7.2479	8.6475	8.1241	9.1724	7.9715	9.0334	7.9600	8.4798	8.6073	7.5314	6.1497
SYNTH0322	5.8580	7.1189	7.6439	5.8329	7.0224	7.0980	7.7616	7.4919	7.0980	7.7748	6.7682	7.5314	7.2479	5.6439	6.1085	8.3923	7.8265	6.2288	8.0444
SYNTH0323	5.2854	3.3219	4.8074	3.1699	3.5850	4.8580	4.7004	4.6439	4.4594	5.3576	4.5850	4.6439	4.9069	4.0875	3.3219	3.9069	4.0875	4.4594	4.3923
SYNTH0324	8.1548	7.5078	7.2288	7.9600	7.0334	8.2479	8.4429	7.9542	7.8138	7.7004	8.2900	7.8455	7.5699	7.6147	8.3038	7.2668	7.5925	8.3083	7.8642
SYNTH0325	6.3038	5.1293	5.8074	6.4594	4.7549	5.5546	6.7142	4.9069	5.5546	6.0224	6.0224	5.3576	NA	6.0661	4.9542	5.9542	6.0875	6.3750	6.8948
SYNTH0326	4.9069	4.4594	3.9069	4.7004	4.0000	4.7549	5.5236	5.0444	4.8580	5.1293	6.4919	4.0000	3.5850	3.8074	6.4429	5.2854	6.1699	4.9069	4.8580
SYNTH0327	8.2095	9.2095	9.5622	9.4979	8.0821	8.5999	9.4757	7.7944	8.2900	8.5353	8.3707	8.2192	8.8202	8.9069	9.0112	8.5584	8.8041	8.7781	9.1370
SYNTH0328	5.1699	5.6439	5.9307	5.0000	5.8074	5.8580	5.3219	5.8826	6.1085	6.1699	6.0661	6.6147	6.0444	5.8329	5.7279	5.7004	2.3219	5.5546	6.0000
SYNTH0329	4.0000	2.8074	4.4594	3.8074	3.4594	3.5850	1.5850	3.4594	3.5850	3.0000	4.0000	3.9069	0.0000	2.0000	2.0000	3.8074	3.1699	NA	4.0000
SYNTH0330	8.6221	8.4717	8.3219	9.1370	7.9542	8.5622	7.7616	7.9248	8.4471	8.0715	8.6795	8.3083	8.0334	8.3174	8.2946	8.2946	9.3554	7.9830	9.2021
SYNTH0331	4.3923	4.2479	5.3576	5.2095	5.9542	5.1293	4.7549	5.7279	3.5850	5.7279	5.1293	5.3576	5.4263	4.0875	4.8074	4.5236	5.0000	4.8074	5.0875
SYNTH0332	8.7912	9.2691	8.4263	8.8455	8.1497	8.8297	9.6439	8.7912	8.9278	9.0768	8.9337	8.4959	6.8948	9.2900	9.3197	8.9687	8.5850	7.4346	9.4136
SYNTH0333	7.4429	8.0980	7.1699	7.4919	6.7814	7.3576	7.3219	7.1085	7.7748	8.0498	7.7879	7.1997	7.4429	5.8826	6.7682	7.9484	7.0768	6.9069	6.1699
SYNTH0334	9.7091	8.4051	8.7004	8.6795	8.9009	10.3869	8.7814	8.2946	9.0224	9.6312	8.6653	7.5999	8.4878	7.9248	8.1396	8.4959	7.8265	8.0444	7.1396
SYNTH0335	5.5236	4.0875	5.0000	4.9069	4.0875	5.8329	5.1699	5.4263	5.5850	5.4919	5.9542	5.0000	4.4594	4.8074	5.0875	4.0875	4.9069	5.5236	5.0444
SYNTH0336	2.8074	1.5850	2.0000	3.4594	0.0000	1.5850	0.0000	2.0000	2.3219	1.0000	3.1699	2.3219	3.0000	3.5850	2.3219	3.3219	3.4594	2.5850	3.5850
SYNTH0337	5.8329	5.3923	5.7549	5.1293	5.6147	5.7549	5.4919	6.2095	6.3219	NA	5.4263	6.3399	5.6439	5.7004	6.2288	5.1293	5.7279	5.4263	5.0875
SYNTH0338	7.1599	7.5392	7.2854	7.6366	6.6865	6.3399	7.0661	7.7074	6.7004	6.4594	6.6865	6.6865	6.4094	6.5546	7.0768	6.8455	6.7415	6.3038	6.3038
SYNTH0339	5.4919	5.0875	5.0000	5.3576	6.3219	4.8580	5.0000	5.1699	4.7004	4.5236	4.9542	5.5546	4.7549	4.3923	3.9069	4.8580	5.7549	5.1699	5.3219
SYNTH0340	6.2095	7.5999	7.4919	6.8948	7.4676	6.4094	7.1997	7.2946	7.0980	7.7549	6.2095	6.1085	6.6294	7.6294	7.2288	7.0112	6.4757	5.8826	7.8265
SYNTH0341	5.4594	4.4594	6.0661	5.8329	6.8074	6.1085	5.3219	6.7814	6.7814	5.7004	5.4919	5.8826	7.4009	6.0444	5.1293	6.7142	5.0875	6.3576	4.9069
SYNTH0342	8.4757	7.5622	7.9069	8.0056	8.0553	7.1599	8.0000	7.4676	8.7515	7.1997	7.6865	6.9189	8.2668	8.1293	7.1085	6.7415	8.1849	7.9425	7.7142
SYNTH0343	4.4594	6.1085	4.4594	6.0000	4.8074	4.8580	4.3219	4.4594	5.5546	4.8580	4.4594	3.8074	4.3923	4.3923	4.4594	3.9069	4.5236	4.0875	3.3219
SYNTH0344	2.5850	2.8074	3.8074	4.0000	3.9069	3.4594	4.2479	3.5850	3.8074	3.7004	3.7004	3.5850	3.3219	3.5850	4.2479	NA	3.7004	2.8074	3.4594
SYNTH0345	8.7177	8.9425	8.5546	8.9278	8.6935	8.1948	6.5999	8.1749	8.9972	9.5353	8.0056	8.4471	8.2240	7.4429	8.5038	8.9830	9.4030	8.1599	7.6795
SYNTH0346	3.1699	4.5850	3.4594	3.7004	4.7004	2.3219	3.9069	4.0875	4.7549	4.6439	3.8074	4.9542	4.0875	4.0000	4.0000	3.8074	4.0875	4.8074	2.3219
SYNTH0347	3.9069	4.8580	4.2479	4.8074	4.9069	4.0000	3.7004	3.8074	5.2479	3.9069	4.2479	4.3219	4.8074	4.7004	5.1293	4.5236	4.8074	4.4594	5.1293
SYNTH0348	4.7549	3.7004	3.0000	4.3923	2.8074	NA	4.4594	4.1699	4.7549	3.0000	5.0875	5.6439	5.4594	4.3923	5.7279	5.4594	5.0000	5.0444	5.7279
SYNTH0349	8.1948	7.5925	8.3174	7.6653	9.0307	8.9307	8.0279	8.5699	7.7682	8.7944	8.2288	7.9484	5.8580	8.6036	7.6795	8.7977	8.1799	8.3354	8.3663
SYNTH0350	8.6475	8.4998	8.1599	9.0056	8.2384	8.9009	8.1749	8.8041	8.6330	8.6511	9.6110	7.3750	9.9701	6.1085	8.5661	8.9159	8.1749	8.4388	8.2668
SYNTH0351	4.4594	2.8074	2.8074	3.4594	1.0000	2.5850	3.1699	4.0000	3.3219	4.0875	3.0000	2.8074	1.0000	3.5850	4.3219	3.5850	3.9069	3.7004	3.3219
SYNTH0352	7.9715	6.9189	7.6511	7.9484	7.5546	7.1189	8.4471	7.8392	5.1699	7.9773	8.1344	8.6073	7.9248	7.8887	7.7142	7.2384	6.5546	7.5157	7.6935
SYNTH0353	8.0980	9.5469	8.6830	8.1799	9.1649	9.1548	8.7381	9.7582	8.9307	9.1059	8.6546	9.1923	8.3576	8.5925	8.3707	7.2761	9.2216	8.3264	9.8948
SYNTH0354	3.5850	4.1699	3.4594	4.2479	3.9069	3.7004	4.6439	3.3219	3.1699	3.9069	3.1699	4.1699	3.7004	4.3219	2.3219	2.5850	4.6439	3.0000	2.8074
SYNTH0355	6.6724	6.7415	5.6147	5.7549	7.0444	6.4919	6.5699	6.1085	5.0000	5.0444	6.0444	6.6147	6.7814	5.8074	6.0875	6.5999	6.0661	5.8074	6.8826
SYNTH0356	7.5236	7.7074	6.6865	8.5622	7.1997	7.7814	7.8138	7.4676	8.2143	7.7415	6.7549	8.1997	8.5774	7.0875	7.8642	6.7944	7.3309	8.5275	7.9129
SYNTH0357	7.9773	10.2070	8.4838	7.2095	8.1898	9.2877	8.5622	7.6582	8.8455	8.6110	9.0251	8.8611	7.6366	8.9773	8.3219	8.5157	9.1624	9.0389	7.7616
SYNTH0358	7.9484	7.7415	6.3038	6.9069	8.2715	7.8009	8.5118	7.3837	6.5078	6.0661	8.0444	6.6147	7.9773	7.2095	7.4757	7.9773	8.1548	7.5314	7.2479
SYNTH0359	5.4594	5.0000	6.0444	5.7279	6.2668	5.7549	5.0875	5.9307	6.3399	6.3038	5.2854	5.7814	6.9069	4.5850	5.8329	5.5546	6.4094	5.7279	6.3399
SYNTH0360	9.1396	9.2784	8.6036	10.2491	8.8392	8.1699	8.7108	8.8074	9.2216	9.6546	8.2479	9.1948	7.1799	8.5353	9.4939	8.6257	9.6110	8.6724	8.6900
SYNTH0361	3.4594	5.3923	5.8580	4.7004	6.0661	5.2854	6.3750	4.7004	5.3219	4.8074	5.0875	6.1898	5.8580	6.3219	5.5546	3.8074	4.2479	4.0875	5.9773
SYNTH0362	5.9069	6.0661	6.7682	6.5850	7.0444	6.1898	7.2854	7.2095	7.0224	5.9773	5.6439	6.2854	5.9307	6.0661	7.3923	6.6294	6.7549	6.9307	5.8580
SYNTH0363	8.2240	7.3038	7.0334	6.1699	7.2384	7.3576	7.8455	7.7682	7.0980	7.9009	5.4263	5.9773	7.1085	8.8424	7.5622	7.2479	7.5157	7.4594	7.6795
SYNTH0364	7.7211	8.2621	8.7846	7.7415	7.6147	8.2946	7.8455	8.4512	7.7549	9.4136	8.7279	8.3663	8.8297	7.8887	8.5196	8.6366	7.6795	8.4009	6.8580
SYNTH0365	0.0000	3.4594	1.5850	1.5850	0.0000	2.8074	2.5850	1.0000	1.5850	1.5850	3.3219	4.3923	3.0000	3.3219	2.8074	4.6439	NA	3.0000	2.0000
SYNTH0366	9.6421	9.2240	8.8486	8.4009	7.8329	9.0251	9.2644	9.2288	9.5098	8.9972	8.8170	8.3174	8.9189	9.0954	8.9658	9.4136	8.5546	8.7748	6.9189
SYNTH0367	8.2808	7.6511	8.3129	7.8009	7.4757	8.7977	8.3750	7.9425	8.8611	8.7347	8.0224	8.8202	8.7279	8.3966	8.7415	8.2046	NA	8.1447	8.3443
SYNTH0368	4.0000	4.0000	3.9069	4.4594	2.8074	3.0000	4.1699	3.9069	4.4594	4.4594	4.5236	3.4594	3.0000	3.5850	4.0000	4.5236	4.8580	4.8580	4.5850
SYNTH0369	3.7004	4.3923	5.0444	3.3219	4.4594	3.0000	4.0875	4.3923	2.0000	3.3219	3.4594	4.1699	2.5850	3.0000	3.5850	4.8580	2.0000	4.1699	3.9069
SYNTH0370	6.5546	5.4263	7.1189	6.4919	6.1293	7.0553	4.5236	6.5999	6.9773	5.5850	6.0661	6.7004	6.1293	5.5236	6.5546	6.1898	7.1997	5.9542	5.2095
SYNTH0371	8.0821	6.4263	7.5925	6.5999	8.7515	9.3531	7.7944	7.5622	7.6221	6.1699	7.7682	6.0224	8.3794	7.4998	8.2900	7.7211	7.5236	6.9069	8.4798
SYNTH0372	3.5850	4.3219	3.0000	1.5850	3.9069	3.7004	3.1699	4.6439	3.3219	4.0000	4.7549	4.1699	3.7004	2.5850	3.8074	4.0000	4.5236	3.7004	4.3923
SYNTH0373	4.7004	4.8580	2.8074	4.6439	4.8074	4.9069	4.6439	4.5850	4.8580	4.9069	4.7549	5.4263	5.6439	5.7279	4.9542	3.5850	4.7549	4.6439	5.2479
SYNTH0374	3.8074	3.9069	3.1699	3.9069	3.1699	3.7004	2.5850	2.3219	4.2479	4.0875	4.2479	3.0000	2.3219	3.1699	NA	2.8074	3.3219	2.3219	2.8074
SYNTH0375	4.5850	4.3219	3.9069	5.1699	5.6439	5.2479	4.7549	2.3219	5.6439	6.1699	5.0444	5.0875	6.6439	5.0000	5.2479	5.5850	4.3219	5.4263	5.5546
SYNTH0376	5.0875	4.0875	4.4594	4.7549	5.6439	3.9069	5.2479	3.9069	4.9069	4.8580	4.0000	5.1699	4.6439	5.2095	4.1699	4.0875	3.7004	4.3923	4.8074
SYNTH0377	7.6653	7.7482	8.2288	7.9425	7.8580	7.3487	8.3794	8.1033	7.8009	5.9542	6.9189	6.9773	8.4221	7.4757	7.0334	7.4998	7.1898	7.2288	8.2288
SYNTH0378	5.0444	4.6439	4.2479	4.5850	5.1699	5.0444	5.6439	5.0000	7.1189	6.1898	3.8074	3.4594	2.0000	3.0000	3.4594	3.9069	4.4594	3.8074	4.0000
SYNTH0379	5.5236	6.5236	5.2479	5.4594	4.9069	5.2854	6.4429	6.3750	6.2479	6.2479	5.7549	5.0875	6.2288	5.6724	5.5236	6.2668	4.8074	4.7549	6.0224
SYNTH0380	5.3576	6.3923	4.9542	5.0875	5.7279	4.3219	4.6439	5.2095	5.3576	6.0224	5.6147	5.2854	4.8580	5.9542	5.2479	4.0000	4.0875	5.3923	5.2479
SYNTH0381	6.8329	8.3083	7.6511	7.3038	7.0444	7.5999	7.1497	7.2192	7.1997	6.3923	7.4757	7.5622	7.1997	6.9542	7.1699	7.5774	7.2288	7.0224	6.8704
SYNTH0382	3.8074	3.9069	3.9069	3.8074	3.1699	3.3219	3.7004	3.8074	4.2479	4.3219	3.5850	3.7004	3.5850	4.5236	3.3219	2.5850	4.0000	3.4594	4.3923
SYNTH0383	6.7549	6.0444	6.2854	6.2668	6.1699	7.6147	5.8580	6.7279	6.1898	7.2574	6.7142	5.8074	6.8704	7.3129	6.8202	6.6724	6.6724	6.3923	7.0000
SYNTH0384	5.6439	6.5699	6.4263	6.3750	6.1293	6.9425	7.1085	6.0875	6.0875	6.8580	6.5546	7.2668	7.1497	5.9069	6.2479	7.2668	7.3750	6.7549	6.1699
SYNTH0385	5.0000	5.8074	5.3576	5.3923	6.3219	5.6439	5.8074	NA	5.3576	5.8826	5.0875	4.4594	5.5850	5.9542	4.9542	4.9069	5.3576	5.0875	5.9773
SYNTH0386	8.8074	6.8704	8.6184	8.2479	7.0000	7.8392	8.9218	6.8202	8.0498	8.4009	7.1293	8.1849	7.3038	7.4998	7.3219	8.9915	7.1085	7.7682	8.9009
SYNTH0387	4.8580	5.4594	6.0000	6.1699	5.1699	5.9069	5.4919	4.5850	6.7415	6.4094	6.7415	5.6439	7.0000	7.6935	6.7004	8.5236	6.4263	7.0444	7.0553
SYNTH0388	3.1699	3.7004	4.8074	4.5850	3.7004	2.8074	4.0000	2.8074	3.8074	3.8074	3.5850	3.9069	4.3219	4.6439	4.7549	3.1699	4.2479	4.6439	3.3219
SYNTH0389	3.0000	2.8074	2.3219	2.3219	3.8074	3.1699	3.3219	3.4594	3.5850	3.4594	4.6439	4.9069	3.4594	4.0875	4.9069	3.8074	3.3219	4.5850	4.3923
SYNTH0390	6.4594	6.1898	4.7004	5.9307	6.8074	5.5236	5.8826	6.0875	6.9069	6.0661	6.3750	6.5699	6.2668	6.1497	7.0334	6.6147	5.7814	6.3219	6.1497
SYNTH0391	5.4919	5.9773	5.8826	6.6582	5.3219	5.3219	5.2479	5.4263	6.2288	5.2479	5.4919	6.1699	6.9887	7.0875	6.1898	7.1997	7.6221	5.9773	6.8704
SYNTH0392	4.3923	5.6439	6.4094	5.9069	5.0444	5.6439	5.6439	5.1293	4.6439	6.5999	5.7279	6.0000	4.0875	4.7004	5.2095	5.6147	3.7004	6.3576	5.0444
SYNTH0393	3.9069	4.5850	4.7004	4.4594	4.1699	2.3219	4.1699	4.7004	4.1699	4.1699	4.0000	3.4594	3.5850	3.5850	4.0000	4.0875	4.5850	4.1699	4.0000
SYNTH0394	7.7347	6.1898	6.5236	5.8329	7.3038	7.9773	8.4388	6.9069	6.9887	6.8826	7.1599	8.0980	7.1898	8.3038	7.3487	6.5236	7.6073	6.4757	8.5275
SYNTH0395	7.8642	7.3309	NA	7.4998	7.5236	7.1189	7.0000	8.1849	7.6366	6.7944	7.5157	6.7549	8.1497	7.0875	7.5546	6.9773	7.6221	8.8978	7.2384
SYNTH0396	6.5078	7.4512	8.1649	7.7004	7.3399	6.6439	7.5157	6.9307	7.4512	8.0553	8.0821	8.5546	7.7944	7.8517	7.5469	8.9248	8.1699	6.9658	8.5999
SYNTH0397	5.7279	4.5236	4.3219	5.7814	5.1293	5.4263	5.1293	5.1293	4.9542	6.0661	4.5236	5.3219	5.4594	6.2288	5.2854	4.5236	5.3923	5.9069	4.7549
SYNTH0398	4.7004	4.0000	5.1699	3.9069	4.3923	3.5850	2.8074	3.9069	5.0444	3.8074	4.7549	4.4594	5.0875	4.8580	4.8580	3.9069	4.3219	4.0000	2.8074
SYNTH0399	6.3923	6.5850	5.9773	5.8580	5.5850	6.7944	6.5999	5.9069	5.6724	5.3576	6.7944	5.9307	6.4757	5.3923	5.6147	5.9307	5.2095	4.9069	5.2854
SYNTH0400	8.5962	8.2527	7.1189	9.1163	9.0084	7.3576	8.6184	7.2854	8.0224	8.2046	8.0821	8.2095	8.1849	8.5078	9.2597	8.7415	7.9009	8.7482	7.8765
SYNTH0401	5.2095	5.2479	3.5850	3.5850	4.8074	4.3923	4.6439	3.3219	3.4594	3.8074	3.8074	3.7004	5.0000	3.0000	3.5850	4.7004	4.7549	3.0000	5.3576
SYNTH0402	4.3219	4.8074	6.0444	4.7004	5.2095	5.0000	6.2668	5.9773	4.8580	4.2479	5.4594	4.7004	5.2095	5.4263	5.1699	4.5850	5.2854	4.3219	4.9069
SYNTH0403	9.3815	8.9773	10.1712	9.2360	9.4450	10.5430	8.5584	10.4491	8.8517	8.2668	9.1421	8.3794	8.9129	9.2854	8.0000	8.7616	7.7211	8.6970	9.3531
SYNTH0404	7.9773	7.8704	7.1293	7.7814	6.7004	7.8455	6.9307	7.9129	8.0768	6.6147	6.5236	6.5392	6.8202	7.0444	7.1799	6.7814	7.4998	7.6221	7.8642
SYNTH0405	3.9069	4.2479	3.9069	4.0000	5.6724	5.2479	4.2479	3.5850	4.2479	3.5850	3.5850	2.8074	2.5850	3.5850	4.1699	2.5850	3.3219	3.1699	3.8074
SYNTH0406	8.5353	7.1699	7.5622	8.7039	NA	7.3129	8.1033	8.0768	8.4179	7.9248	7.7004	8.0607	8.7748	7.6935	7.3576	7.6511	8.1548	7.6294	7.3837
SYNTH0407	6.4263	7.6724	6.4594	6.5392	6.4263	6.9542	7.1497	5.6439	7.4429	7.2946	7.1898	6.8704	7.1599	6.7682	7.4998	7.1997	6.2668	6.5999	7.4263
SYNTH0408	6.3219	5.0875	6.4757	7.5699	5.5236	5.7814	6.4429	6.9773	6.2095	6.1497	6.4919	6.5699	6.3576	6.3923	6.2854	5.8329	6.9307	6.6865	5.9542
SYNTH0409	6.3219	7.0224	8.1997	7.5078	6.1085	7.2192	7.4009	7.4009	7.0661	7.2288	6.8329	7.2854	6.9773	7.7549	7.2095	6.4594	7.1189	7.0112	7.7748
SYNTH0410	5.8580	6.3750	6.7279	5.8826	6.4919	6.4757	7.2479	6.7004	6.4094	6.5850	6.6865	5.3923	6.8580	5.7814	6.0444	6.7142	6.8826	5.3576	6.5999
SYNTH0411	5.8074	6.2854	6.3750	6.6294	5.7814	6.2479	5.8826	5.1293	4.9069	5.4263	5.8329	6.6724	5.4594	6.8202	6.5236	5.8826	4.8580	6.1293	5.7549
SYNTH0412	8.8106	9.2715	9.1472	9.2808	9.5137	8.9278	8.4305	9.2360	8.8265	9.4635	8.3487	8.6330	8.2288	9.3597	8.1898	9.0307	9.9701	8.9513	9.0795
SYNTH0413	5.5850	6.2288	5.3576	6.0875	6.1898	6.8826	5.7549	6.6294	6.6147	6.3923	6.0875	6.5850	5.3219	6.4094	6.1898	6.5999	6.7944	6.3038	7.1085
SYNTH0414	7.7748	7.5850	5.7004	7.9773	7.4676	7.7482	7.9425	7.9542	6.9542	6.5850	6.4594	6.6147	7.6221	6.7814	7.2854	7.6294	7.6147	7.2479	7.1396
SYNTH0415	6.7279	5.5546	6.1497	6.7682	5.3576	6.5078	NA	6.0661	5.6439	5.7279	5.7549	6.3038	5.0875	6.5078	5.5546	5.5546	6.5699	5.7004	6.1085
SYNTH0416	7.8455	7.9773	7.0768	7.6582	6.9773	7.1898	7.9009	8.8611	7.9944	8.9099	8.2946	8.7549	8.5999	5.8074	8.7177	7.6653	8.3309	8.0980	6.9307
SYNTH0417	7.2192	6.8074	5.3219	6.3750	5.2854	5.7814	3.4594	7.0334	5.0444	5.9069	6.2095	7.6073	6.2668	6.0000	6.9773	6.4757	6.4594	7.2761	6.1898
SYNTH0418	6.1293	6.9069	6.4429	6.5392	6.5850	6.6147	6.1699	7.3576	5.8580	6.7279	7.2095	6.1497	6.5850	5.6724	7.0112	6.5546	7.8138	7.0875	6.4094
SYNTH0419	3.1699	3.7004	4.3219	4.0000	4.2479	4.5236	4.4594	3.7004	3.8074	4.2479	3.9069	4.0000	3.7004	4.7004	4.2479	4.0875	3.7004	3.8074	NA
SYNTH0420	3.1699	3.7004	3.8074	3.8074	4.3923	4.0875	3.4594	3.4594	3.7004	3.7004	3.8074	3.5850	3.1699	3.7004	3.3219	4.1699	3.5850	NA	4.0000
SYNTH0421	8.2192	8.3129	7.4512	5.9773	7.6724	7.2192	6.2288	7.7482	7.0112	6.8826	6.4757	7.4009	8.0980	6.7682	7.3129	7.7004	6.6724	6.8455	7.7279
SYNTH0422	6.1497	6.9658	6.0224	5.3923	5.2095	6.5699	5.1699	6.9773	4.7549	6.0224	7.2095	7.6294	7.6221	8.0661	8.3837	8.4676	7.5699	6.7415	8.0224
SYNTH0423	3.9069	3.0000	3.5850	4.2479	4.4594	3.4594	3.4594	4.1699	3.3219	4.4594	4.6439	4.3923	4.8580	4.9069	5.4919	4.7004	4.5236	4.5850	4.5236
SYNTH0424	9.0389	8.5507	8.8009	8.0821	8.3837	9.1215	8.2095	8.1649	7.7415	8.2527	8.2992	8.0334	7.9715	7.4179	8.8704	8.2761	8.8329	7.7347	8.8918
SYNTH0425	5.5236	4.5236	4.1699	5.2854	5.5546	4.0000	3.9069	4.2479	4.2479	3.3219	4.5236	4.8580	4.6439	4.8074	5.6147	4.6439	5.2854	3.1699	4.3923
SYNTH0426	2.0000	4.2479	3.7004	3.3219	3.4594	3.8074	3.0000	4.0875	2.3219	4.3923	3.4594	4.1699	4.4594	4.0875	3.5850	3.0000	5.0875	4.0000	3.9069
SYNTH0427	8.3354	7.8455	7.9009	8.4388	8.6795	9.2854	7.6795	7.8265	7.8765	7.6582	7.6795	8.5887	6.9307	8.4878	8.2668	9.1997	8.3354	7.5392	8.1241
SYNTH0428	7.7944	7.6366	NA	8.0875	6.6147	7.9715	6.8580	7.4998	7.2668	7.1396	7.0875	6.3576	5.7004	8.1396	6.6439	7.4094	7.4094	8.0279	6.9069
SYNTH0429	7.3309	7.6439	7.3663	5.0000	6.6724	6.3219	7.1997	7.6511	6.0224	6.6724	5.5236	7.0224	6.7415	5.7814	7.0000	7.1799	7.3576	7.5469	7.8455
SYNTH0430	5.6439	4.3219	4.9542	4.5236	4.4594	5.0444	4.8580	4.0000	5.7549	4.7549	4.6439	5.2854	4.9069	3.5850	4.7004	4.5850	5.2479	4.9069	5.0875
SYNTH0431	5.5850	4.7004	3.8074	4.2479	4.6439	3.7004	4.5850	4.0875	3.1699	4.0000	4.5850	5.9307	4.7549	5.8826	4.3923	5.4594	5.3576	5.7814	4.9069
SYNTH0432	7.9658	8.6865	7.8455	6.6724	6.9069	5.8826	7.6147	5.4919	7.4009	7.4429	9.2691	7.7682	8.1849	7.4838	8.7448	9.0526	9.2240	8.1898	8.8074
SYNTH0433	4.5850	4.2479	4.0875	4.0875	4.8580	4.8580	4.3923	4.1699	5.2479	4.3923	6.1085	5.8329	4.9069	5.2479	5.7549	3.9069	5.7814	6.3219	5.8074
SYNTH0434	4.5236	6.6724	5.4263	5.4263	5.4263	5.9773	6.3576	7.0000	6.0444	5.9069	4.9542	5.5850	6.1293	3.9069	5.9773	5.9773	6.1293	5.4594	5.3576
SYNTH0435	2.0000	3.1699	3.3219	2.3219	3.8074	3.0000	3.3219	3.1699	3.7004	3.0000	3.3219	2.5850	3.5850	3.5850	3.0000	4.3923	3.5850	0.0000	4.0875
SYNTH0436	6.0000	6.3576	5.4263	5.8329	4.5236	5.2479	5.9069	5.5236	6.2479	5.8074	5.6147	5.5236	6.0875	6.3576	6.4263	6.2479	6.1497	4.6439	6.0224
SYNTH0437	4.1699	4.2479	4.2479	4.3219	4.8580	4.6439	4.3219	4.1699	5.0444	5.2479	4.2479	3.1699	4.8580	4.9069	3.0000	3.7004	4.4594	NA	3.9069
SYNTH0438	9.5372	10.1459	9.5981	9.9816	9.7313	8.9542	10.3253	9.9233	10.3912	9.6055	9.6110	8.2240	9.5392	8.7108	9.4367	8.0875	8.6184	8.0112	9.0307
SYNTH0439	6.5236	8.2240	6.7682	5.6724	7.5774	6.7142	8.0821	6.5699	7.3309	6.9887	7.8948	7.1189	6.6582	8.1497	7.5999	7.3487	6.8455	5.9542	6.6147
SYNTH0440	3.7004	NA	4.8580	4.7004	2.8074	3.8074	4.8580	5.0000	3.4594	4.1699	4.8580	4.8580	5.5850	5.3576	4.0000	5.1293	5.8329	6.1699	6.1293
SYNTH0441	7.7879	5.6439	8.3399	7.3309	8.3531	7.9484	8.0056	7.6073	7.6865	6.9773	8.6073	6.6582	8.4346	7.2761	7.3038	7.3923	8.8978	7.3750	NA
SYNTH0442	5.3923	4.5236	5.2854	5.7549	6.0444	5.8826	3.7004	6.2479	5.1293	6.5078	5.8074	5.0444	5.1699	3.8074	5.7279	5.1293	5.3219	5.5850	5.0000
SYNTH0443	9.0279	8.4009	9.2503	9.4858	10.0566	10.0070	8.1497	8.8074	9.1241	8.4998	NA	8.0875	7.8265	7.6073	7.8948	7.9069	7.9830	8.3619	7.2095
SYNTH0444	5.8826	6.4094	5.3923	5.5546	6.1085	5.9069	6.0000	4.8580	5.2095	5.8329	4.0000	4.3219	4.5850	3.0000	4.0875	4.8580	3.7004	4.0875	3.4594
SYNTH0445	5.2479	4.8074	4.9542	5.0444	4.3219	4.7004	6.2288	4.3923	4.5236	5.3576	5.8329	4.4594	3.4594	5.5236	4.2479	5.2854	4.7004	5.7549	5.8826
SYNTH0446	8.9887	9.5078	9.1799	8.8765	8.5118	8.4094	8.2715	8.9830	8.9366	8.5507	9.2384	9.4898	7.6294	9.7194	8.7347	8.8074	8.4878	8.9484	9.0084
SYNTH0447	8.8041	9.0471	8.2854	8.6830	8.4136	8.0607	8.8734	9.0140	8.5850	8.0498	8.2288	8.2240	8.0334	NA	8.5774	9.0084	8.5275	9.2715	9.3443
SYNTH0448	5.2479	3.0000	4.5850	3.9069	4.2479	3.9069	4.0000	4.0000	4.7004	3.4594	6.0875	4.9542	5.8074	6.0444	6.3576	6.5699	5.3576	5.6147	6.8704
SYNTH0449	7.7549	8.9513	7.8948	7.6795	8.1137	7.3837	7.1997	8.4553	8.3354	8.3354	8.1396	7.7347	7.6073	7.5850	8.3663	8.0498	7.9773	7.9307	7.1898
SYNTH0450	6.7682	6.9542	6.9542	6.4919	7.4346	7.0000	7.2854	6.2095	6.1497	NA	NA	NA	NA	5.9542	5.8329	5.3576	6.4094	6.1699	6.6724
SYNTH0451	6.4094	5.3576	6.4263	6.5546	5.9773	6.6147	5.0875	6.0444	4.8074	5.5236	4.7549	4.1699	4.0875	5.5236	4.9542	4.9542	4.5850	5.1699	4.1699
SYNTH0452	5.5546	4.2479	5.4594	5.0875	5.2854	5.6724	6.2854	5.6724	5.4594	5.3576	5.5546	5.2854	5.9542	4.8580	3.3219	5.0875	5.7549	6.3399	4.9542
SYNTH0453	5.5850	4.5850	5.5850	6.1293	4.7549	5.2479	5.0444	5.4594	5.5546	5.9542	7.0224	6.8948	6.3219	5.8826	6.4919	7.1997	6.6582	6.9425	6.9542
SYNTH0454	NA	3.5850	2.3219	2.3219	3.0000	2.5850	2.0000	2.8074	3.0000	3.1699	2.8074	2.8074	3.1699	2.5850	2.3219	3.1699	3.3219	3.5850	2.3219
SYNTH0455	8.7814	8.8704	8.8887	8.5622	8.9484	8.0056	8.8234	8.0661	9.2264	7.6511	8.6330	9.0553	8.4221	8.2384	9.2336	7.7616	8.7313	7.2854	8.5314
SYNTH0456	6.1699	6.6147	5.6439	6.8455	4.3219	6.0661	5.9069	5.8826	5.3923	6.7682	6.4757	6.5546	5.4594	5.4919	5.2479	6.2095	6.8826	5.2854	6.4094
SYNTH0457	2.3219	3.7004	2.5850	3.4594	4.2479	2.0000	3.4594	4.0875	3.5850	2.5850	2.3219	2.5850	3.5850	3.9069	4.2479	3.1699	4.0000	3.0000	3.5850
SYNTH0458	4.8580	5.6439	5.4594	5.2095	5.3923	5.1699	5.8074	5.2095	5.6439	6.4594	5.8074	6.0661	6.3219	6.0444	5.2854	6.2479	6.3576	5.6724	5.1699
SYNTH0459	5.7279	6.9069	5.8329	6.1898	5.7279	6.4919	6.3038	6.5999	6.8455	5.9069	5.9307	5.8580	6.2288	6.0224	5.0875	5.6147	6.6724	5.6724	5.8329
SYNTH0460	6.3219	6.7814	7.1599	7.2288	6.8580	6.8826	6.9658	6.0444	6.8455	6.0224	7.8887	6.9307	NA	8.2574	8.3707	7.1599	8.1293	7.7616	7.9189
SYNTH0461	7.1898	7.4009	7.7748	7.1396	6.9069	7.8826	7.3663	6.1497	6.5236	5.8580	6.1293	7.7879	7.1085	7.1293	NA	6.2479	7.7074	7.2192	5.7549
SYNTH0462	6.8202	6.2668	6.6294	6.5392	6.2095	7.1189	6.6724	6.5850	5.6439	6.6439	6.0875	6.3399	6.1085	6.6294	6.9542	5.9307	6.9542	5.6147	5.0000
SYNTH0463	2.3219	3.3219	2.8074	3.1699	4.5850	3.1699	3.3219	4.3219	3.5850	3.5850	4.9069	4.0000	4.4594	5.0444	3.4594	3.9069	3.8074	4.1699	4.8074
SYNTH0464	5.6147	5.0444	5.5546	5.3923	6.1085	6.6439	5.8826	6.1293	5.4263	6.6724	5.5546	5.7549	5.4263	5.7004	5.8074	6.5236	6.4429	5.8074	5.7814
SYNTH0465	6.7415	5.8580	5.7814	5.9542	6.4919	6.4263	5.5546	6.7279	7.2574	5.7814	5.5236	6.0224	6.9069	7.1898	6.2288	6.0875	6.3923	6.0444	7.5774
SYNTH0466	6.8455	6.1699	6.0444	5.1699	6.5236	5.8580	5.9069	6.2288	5.4263	7.0000	7.2095	5.9069	5.6724	6.4919	5.7549	5.7004	5.2854	6.4094	5.3576
SYNTH0467	4.0000	3.3219	3.5850	3.4594	2.3219	4.3219	3.5850	3.7004	2.5850	3.1699	4.0875	2.8074	2.8074	4.7004	2.8074	3.1699	3.8074	4.8074	2.5850
SYNTH0468	5.3576	4.9542	5.7814	6.2854	5.1293	6.2095	5.0000	4.7549	4.9542	5.5236	6.1085	5.6147	5.7279	5.4594	4.2479	4.7549	5.2854	5.5850	5.0875
SYNTH0469	5.8329	4.5236	4.6439	5.4919	6.2854	6.5999	5.4594	5.6439	6.3399	5.9542	6.4594	7.0553	5.5546	7.8704	5.7814	6.1898	6.0224	5.6439	7.0875
SYNTH0470	2.3219	4.1699	3.8074	4.3219	5.0444	4.3219	5.1293	4.1699	3.8074	4.5236	5.6147	4.5850	4.8074	4.7004	4.4594	3.1699	4.4594	4.8074	4.0000
SYNTH0471	4.3923	3.7004	4.1699	4.2479	4.4594	4.2479	4.2479	3.1699	3.8074	3.1699	4.2479	4.0875	4.5850	4.1699	3.3219	3.5850	4.1699	4.7549	4.0875
SYNTH0472	8.3880	7.8948	7.7074	7.5622	7.0112	7.3038	7.8765	7.1293	6.6582	6.5546	7.2761	7.9658	6.7004	7.7415	7.3487	8.1085	6.1699	7.1699	7.6073
SYNTH0473	7.0553	7.1293	6.9069	8.2574	8.0168	6.2479	5.9069	6.8704	7.0661	7.4512	7.6511	8.6439	8.6618	9.1111	8.7879	7.6366	8.6402	8.6294	7.5925
SYNTH0474	6.8074	7.4594	7.4263	6.7279	7.4919	6.9307	7.8265	5.9773	6.7549	7.1497	6.6865	5.3219	6.0444	6.4263	6.8202	5.1699	6.1699	5.8074	5.8580
SYNTH0475	7.2384	8.6330	6.2095	8.3966	8.7616	8.2621	NA	7.3923	8.2946	8.4959	8.0334	8.8765	7.1599	7.2192	7.5469	8.3038	8.6257	8.3794	8.4757
SYNTH0476	4.1699	4.3219	5.0444	4.0000	4.8074	4.0875	4.0000	4.5236	4.2479	3.5850	3.5850	2.3219	4.0875	4.3923	3.5850	3.0000	4.1699	3.9069	4.0875
SYNTH0477	7.1799	8.0715	6.5546	7.5622	7.6511	6.8826	5.4594	7.4429	7.5546	7.1497	7.0334	8.1241	6.3750	6.8948	5.8329	7.3923	6.5850	8.1447	6.6439
SYNTH0478	9.0954	7.8580	7.9484	8.6475	8.4919	7.5850	8.1085	8.6795	8.7347	9.4533	7.3837	NA	7.8392	NA	9.1472	9.3129	8.3750	9.0980	8.9099
SYNTH0479	0.0000	4.3219	4.1699	4.5236	4.4594	4.9542	4.6439	3.7004	4.7549	3.5850	4.5850	3.9069	4.1699	3.3219	NA	5.6147	4.1699	4.5236	5.0875
SYNTH0480	4.3219	4.5850	5.4594	3.0000	6.0224	4.8074	5.8826	5.8329	5.2854	6.0875	5.8329	5.9307	4.2479	5.9307	5.4263	5.1293	NA	4.8074	4.6439
SYNTH0481	3.5850	4.0875	5.1699	5.2854	4.5850	4.9069	5.2854	5.0444	4.6439	5.5850	4.3923	4.1699	5.1699	5.2095	4.8580	3.8074	4.0875	3.7004	4.0875
SYNTH0482	5.3923	4.3219	5.4919	5.1699	5.4919	5.7279	5.7004	5.2095	5.2479	4.7004	5.1699	6.1497	5.7814	6.4429	4.8580	NA	5.6147	5.8074	5.2479
SYNTH0483	8.6653	10.4440	8.8765	9.5333	9.0498	9.4325	8.8517	9.7091	9.7004	8.5699	8.7846	8.3619	9.5755	9.1319	7.7879	10.0362	8.4263	9.3038	8.7108
SYNTH0484	4.5850	4.8580	4.5236	4.2479	4.5850	4.5236	4.3923	4.8074	5.4919	3.5850	5.0875	4.5236	4.3219	3.1699	2.8074	4.2479	4.5850	5.2479	4.0875
SYNTH0485	8.5118	8.5774	9.2527	9.5314	8.6511	9.7347	8.2192	8.8202	9.0362	8.3264	8.1447	8.3129	8.9039	8.2527	8.5196	9.4030	9.4221	7.6724	8.9396
SYNTH0486	6.3923	6.6439	6.2095	5.9069	6.3576	6.4263	6.6582	6.3038	5.6147	7.0224	6.2288	5.5546	6.4094	6.3750	4.3219	4.3923	5.7814	5.2095	6.0224
SYNTH0487	4.2479	3.9069	4.0875	3.1699	3.1699	2.8074	2.5850	3.9069	2.0000	3.1699	3.7004	3.4594	3.1699	0.0000	2.8074	3.8074	4.0000	3.8074	3.8074
SYNTH0488	6.3219	5.9773	6.7814	6.2479	5.6439	5.7549	6.5850	6.9307	5.4594	5.3576	6.4094	4.9542	5.6439	6.8074	6.5078	5.8580	6.1293	5.3219	6.2288
SYNTH0489	4.5850	4.3219	4.1699	5.3923	4.5850	5.2095	3.4594	5.3219	5.2854	5.2479	5.0444	4.8580	4.8074	4.9069	5.7004	4.9542	4.0875	5.4594	4.7004
SYNTH0490	3.4594	3.1699	3.4594	3.8074	4.2479	4.8074	4.4594	2.8074	3.8074	3.7004	4.5850	4.5236	4.0000	3.4594	3.8074	3.1699	2.8074	3.5850	4.4594
SYNTH0491	4.5850	4.0000	4.7004	4.4594	3.3219	4.3923	3.7004	4.0000	2.8074	4.9542	3.5850	4.1699	4.3219	4.4594	3.4594	4.3923	3.3219	2.8074	0.0000
SYNTH0492	3.9069	5.0444	5.3576	3.9069	4.3923	3.5850	4.2479	3.4594	2.5850	4.7549	3.3219	4.6439	4.3219	4.8074	4.1699	3.4594	3.0000	2.3219	4.0875
SYNTH0493	7.6439	7.4676	8.0112	7.3038	8.0279	7.8329	8.4798	7.7748	7.9600	7.4263	7.1997	6.8704	7.7415	7.6294	7.7814	7.2854	8.4094	6.9425	7.3219
SYNTH0494	NA	6.0224	6.6294	7.3219	6.3219	6.4757	5.9307	6.1293	6.0224	6.8580	6.7549	6.9069	5.5850	6.2854	6.1085	6.5078	6.8580	5.8329	6.3576
SYNTH0495	7.2854	6.9887	7.5157	7.2574	7.2479	6.3750	7.1699	7.2668	7.4429	7.7074	6.7814	6.9542	6.9658	6.4429	7.0875	6.7415	7.5999	7.4838	5.9773
SYNTH0496	9.1241	8.3619	8.8611	8.9366	7.0334	7.6935	7.5314	8.6795	8.1344	NA	7.7004	7.3309	8.4429	8.8202	8.3794	7.2854	6.9542	7.9069	7.2384
SYNTH0497	7.3837	6.5236	7.3923	5.6724	6.7415	6.7142	7.0112	6.9542	7.3129	8.3083	5.8580	6.1085	7.2288	6.2095	6.7142	5.4594	6.0875	6.1293	5.8329
SYNTH0498	9.4737	8.3309	8.6865	9.1189	8.3576	8.0980	9.0140	8.9366	9.3576	8.1189	8.7649	8.1033	7.5392	9.1599	8.9218	8.5078	7.8329	9.3219	9.0196
SYNTH0499	7.3750	7.6795	8.3837	8.6830	7.9830	8.2384	8.3174	8.8486	8.8857	8.2621	8.8265	8.1189	8.7142	8.8978	8.1085	9.6402	7.9129	8.4553	8.0553
