GeneSymbol	studyA_case01	studyA_case02	studyA_case03	studyA_case04	studyA_case05	studyA_case06	studyA_case07	studyA_case08	studyA_ctrl01	studyA_ctrl02	studyA_ctrl03	studyA_ctrl04	studyA_ctrl05	studyA_ctrl06	studyA_ctrl07	studyA_ctrl08
UBB	5.5236	4.7549	4.3923	6.0224	4.5850	4.4594	5.2095	4.5236	5.5850	5.8329	5.3923	3.7004	5.0875	3.8074	5.1293	3.4594
ATP5F1A	7.5157	8.5469	7.6653	7.8887	8.8392	6.7682	7.7616	7.6221	8.0875	8.0224	7.3750	8.0389	8.2240	7.9600	9.1624	8.1898
PRKACA	4.0875	2.3219	3.0000	3.8074	4.0875	3.0000	4.6439	4.0875	2.8074	4.8074	3.9069	2.8074	4.5850	3.3219	4.0000	3.0000
PRKACB	4.6439	5.3219	3.1699	4.7004	5.0444	4.6439	2.8074	4.0875	5.4263	3.4594	5.3923	4.8580	2.0000	3.8074	4.1699	3.9069
PSMD14	7.7347	5.3219	7.1699	7.1599	6.8329	6.9069	6.6865	7.1699	6.2479	7.1085	7.5999	7.9009	7.6294	8.6760	7.7142	8.0607
UQCRC2	6.3576	6.2479	7.6582	6.5078	6.8329	6.9307	7.3487	5.6724	7.4009	8.4263	7.5078	6.5078	7.0224	6.8202	6.4919	7.0661
CDC42	4.7549	4.4594	4.0000	4.4594	1.5850	4.3219	4.5236	3.1699	5.1699	4.2479	4.9542	5.3219	4.7549	2.0000	5.1293	3.7004
NDUFS4	6.4094	5.0444	4.5236	5.4263	5.7004	6.6865	5.2854	5.6439	5.7549	5.9307	5.0875	5.3923	6.0661	5.7004	6.7142	6.0000
SDHB	8.1189	8.1599	8.0553	8.6257	8.5774	9.6275	8.5850	8.5736	8.1497	8.3923	8.5850	8.7142	8.2192	8.1548	9.0580	NA
NDUFB5	5.5850	5.8329	6.7004	6.1085	6.2854	6.3038	6.4094	6.3038	5.4263	5.8580	6.3750	6.0661	6.4094	6.6582	5.1293	6.1497
NDUFV1	7.1898	8.6366	7.9542	7.6147	7.6073	8.0056	7.5622	8.7211	7.7415	7.5622	7.2479	7.3750	7.6221	7.5999	7.6073	8.8202
SNAP25	5.9542	7.9189	7.6221	6.4757	7.4263	7.1293	7.7211	7.1085	8.3487	8.9366	8.9248	9.1215	8.9069	9.0084	8.8074	8.9039
PDHB	6.4757	6.9542	7.5546	5.8329	7.0224	6.6147	6.0224	7.8580	6.7682	6.1497	7.4179	7.5699	5.9773	5.9542	6.1497	7.3038
COX4I1	3.1699	3.8074	2.5850	4.0000	3.5850	1.0000	3.7004	3.0000	3.3219	1.5850	1.5850	3.9069	3.1699	2.0000	2.3219	2.8074
GRB2	4.6439	4.3923	5.1699	3.9069	4.1699	4.9542	3.5850	4.5236	5.4919	3.0000	4.0875	4.1699	4.5236	4.8074	4.9542	4.3219
HDAC1	6.0224	7.5314	6.5078	7.7944	6.0000	6.4594	6.9425	7.2574	6.1898	6.7415	5.5850	7.8009	7.0661	6.1898	7.7482	7.9009
CREBBP	5.0444	5.0444	4.3219	5.3576	4.9542	4.8074	5.3219	4.8580	4.8074	4.0875	4.3923	3.3219	4.7549	5.4263	6.0000	5.6724
NFKB1	3.4594	3.3219	2.0000	2.5850	3.1699	3.0000	2.5850	3.4594	4.0875	4.4594	3.8074	3.1699	2.5850	2.8074	1.0000	2.3219
KAT2B	5.8074	7.5774	7.2095	7.1799	6.9542	6.0875	6.7415	5.9542	5.5850	4.3219	6.4594	5.0875	6.0224	3.5850	4.4594	5.0000
SP1	8.3309	6.9307	7.6366	6.8455	7.5236	7.1189	7.0000	6.7004	5.7279	6.3576	6.7814	7.4998	7.1699	7.9248	8.1599	6.5078
IKBKB	6.5999	8.0498	6.9069	7.3663	7.3837	6.7279	6.6865	6.3923	7.1699	NA	6.2479	6.2095	7.8138	6.8455	7.5314	7.2854
ITGB5	8.2143	8.3619	8.3619	7.9830	6.9658	7.2668	7.7549	7.7549	5.7549	6.2288	8.3663	7.8765	7.5078	8.1447	6.3219	7.7347
ITGB8	9.0471	8.6795	9.0056	8.6689	7.9715	8.2900	8.2808	8.3837	9.5430	8.8887	8.1898	8.6724	9.2240	7.6795	8.9278	9.0307
YY1	3.5850	3.7004	3.7004	4.2479	3.9069	3.4594	2.5850	4.7004	4.5850	3.0000	3.4594	2.3219	4.2479	3.5850	4.8580	3.3219
HDAC4	8.1189	7.2668	5.7814	7.1189	7.9600	7.1293	5.7814	7.7004	6.4919	6.9542	4.3219	5.5546	7.0875	8.4179	6.6724	8.1799
GSN	7.2095	6.5546	6.7944	4.1699	6.9887	6.4594	5.3219	6.8202	7.2095	5.9307	7.1898	5.6439	7.0334	7.5850	6.8826	6.7279
ITGA6	3.8074	4.2479	3.0000	3.9069	3.3219	3.5850	3.0000	3.3219	3.8074	3.0000	3.5850	2.5850	2.3219	3.4594	3.9069	NA
YAP1	6.5392	6.6582	6.5078	7.0661	5.1293	6.3923	6.1497	6.1497	6.9069	6.0875	6.6865	5.9307	7.5157	6.5546	5.8074	6.2854
FLNB	6.8202	7.0112	6.7944	7.4429	5.8826	6.4263	7.5157	6.6439	6.1699	6.6724	6.8704	6.9542	6.9658	6.8704	7.8009	7.6366
EZR	3.4594	3.7004	4.0000	4.3219	3.7004	2.0000	4.3219	3.1699	3.8074	3.3219	2.0000	3.4594	3.4594	4.0000	4.6439	NA
APP	5.3219	3.7004	5.6439	4.7004	4.9069	4.4594	4.5850	5.6724	4.7549	5.8074	4.8074	4.5850	5.0444	4.3219	4.2479	5.4594
MAPT	6.7415	7.4594	6.5236	6.9773	8.2668	8.2240	7.5236	7.2854	6.8455	7.4594	7.5392	7.8265	7.8826	6.5236	6.2288	6.9887
PSEN1	3.5850	4.1699	3.7004	NA	2.3219	1.0000	3.5850	4.1699	4.8074	4.8074	2.8074	4.4594	4.1699	3.3219	2.5850	4.2479
PSEN2	7.4179	7.3487	7.1396	6.8455	7.2384	6.6865	6.4263	7.3038	6.2479	7.4594	6.8074	5.9773	7.2384	6.0875	6.2288	7.3399
ACTB	7.7211	7.4512	8.6546	7.9248	6.9542	8.3174	7.4179	8.6795	8.3966	7.2946	7.7482	7.9069	7.8009	8.2479	8.0980	7.7074
GAPDH	4.1699	4.5236	2.5850	3.3219	2.3219	3.3219	1.0000	NA	4.3923	3.7004	3.5850	3.4594	3.9069	3.7004	3.8074	4.3923
TUBB	3.4594	3.4594	3.3219	3.5850	3.0000	4.6439	3.7004	3.5850	3.0000	4.3219	4.5236	4.5850	3.7004	4.3219	3.4594	4.4594
SDHA	4.5850	4.6439	4.9069	4.7004	4.8580	3.3219	5.0444	5.3219	4.0000	3.8074	4.8074	4.2479	4.0875	4.3923	4.2479	3.0000
CALM1	1.5850	3.3219	3.8074	4.5236	3.0000	2.8074	3.7004	4.0875	3.1699	3.9069	3.5850	4.5236	3.0000	3.3219	3.4594	3.0000
CALM2	6.3038	NA	3.8074	4.8074	5.6147	5.5236	NA	6.0661	5.5850	5.9307	6.3750	6.0875	5.9542	5.2854	4.9542	6.2095
CALM3	4.8074	4.3923	4.6439	3.9069	4.4594	4.6439	4.4594	3.7004	4.7004	2.5850	4.0000	3.4594	3.9069	2.3219	3.8074	5.3923
ATP1A1	5.8074	5.2854	5.0000	6.2854	6.1497	5.6147	6.4429	6.6294	4.3923	5.4263	4.4594	4.0875	5.9069	5.4919	5.0875	5.5546
ATP1A2	7.9773	7.4009	7.1189	6.1898	8.7748	8.7142	7.2192	8.0112	7.5236	8.2384	NA	8.5430	7.5546	8.5661	6.3038	8.3038
ATP1A3	6.1497	5.7814	6.8704	6.3750	6.4429	5.7279	5.4919	5.4919	5.7279	5.9773	5.5546	6.4594	5.9069	6.4429	6.5699	5.6147
ATP2B1	3.9069	3.3219	4.8074	4.4594	3.1699	5.0875	4.0875	3.9069	4.3219	3.7004	4.9069	2.5850	3.4594	3.7004	4.7004	3.3219
ATP2B2	3.5850	5.1293	4.3219	3.5850	3.3219	3.1699	4.7004	4.1699	4.9069	4.4594	3.9069	3.5850	3.7004	2.8074	3.7004	4.7549
SYN1	7.5546	7.5157	7.9189	7.9069	7.4512	7.7682	8.0444	7.3663	7.0444	NA	7.8392	6.7682	8.2527	8.1849	7.9600	8.6795
SYN2	3.5850	2.5850	2.0000	NA	3.1699	3.9069	3.8074	4.0000	3.9069	3.9069	1.5850	3.3219	3.9069	NA	1.5850	3.1699
SYP	4.9069	4.0000	4.5236	4.8580	3.5850	4.0000	2.3219	3.7004	3.9069	4.3923	2.5850	4.6439	2.3219	2.5850	4.3923	4.9542
SYT1	8.9454	8.0112	8.4221	8.7616	7.9830	8.4263	9.0196	9.1948	8.0112	8.6221	8.3399	9.6294	8.9039	7.8580	8.6073	7.5925
NEFL	6.9189	5.7549	6.5699	7.0875	6.5546	6.9189	6.7814	7.1396	6.5392	5.9069	4.9069	7.3923	6.2854	5.9307	5.8580	5.4919
NEFM	7.4512	8.1189	7.5546	6.6724	8.4594	7.0224	7.3219	7.4094	8.8329	8.0928	7.1997	8.0334	7.8826	9.0084	8.5314	7.2668
NEFH	6.3923	6.0875	4.9069	6.4919	5.9542	5.3923	5.9307	6.1699	6.0661	6.5999	4.5236	5.8580	6.1898	6.5546	6.7142	5.8826
GFAP	1.0000	3.0000	2.5850	3.7004	3.1699	4.0875	3.1699	2.3219	3.5850	0.0000	3.4594	2.8074	2.3219	3.0000	3.1699	3.1699
AIF1	3.4594	3.7004	4.2479	3.5850	2.3219	2.3219	4.4594	2.0000	4.3923	2.5850	2.3219	3.8074	3.5850	2.0000	2.8074	4.2479
CD68	4.9542	4.8580	4.7004	3.0000	5.1293	5.0000	5.0444	6.0000	5.6724	6.0224	3.5850	3.4594	3.9069	4.7549	5.0444	5.4594
TNF	5.4594	5.3923	5.6439	6.0444	6.0000	5.4919	5.4594	5.9069	6.1293	6.8704	5.9307	7.6073	7.7142	5.9542	6.6439	6.3750
IL1B	8.7649	8.8170	8.7814	9.1007	8.5736	8.1497	9.2877	7.8704	8.5118	7.7279	9.0607	9.0901	7.6073	8.0607	7.8392	7.8138
IL6	8.9366	7.9773	9.5925	9.0688	8.3576	8.1997	8.5392	8.1137	7.8948	8.5236	8.9307	8.1447	8.3880	9.6129	8.0334	8.2946
CXCL8	7.6294	8.5469	7.5392	7.5236	7.7415	7.6221	5.2854	7.0000	7.7279	7.1699	8.6511	6.2854	7.5546	7.6935	8.5887	7.1699
CCL2	8.9189	7.2946	8.6582	9.0795	NA	7.9366	9.5868	8.5850	8.8455	8.6900	8.4594	8.0928	8.2527	8.4221	9.8978	9.1972
NFKBIA	9.8218	10.0471	9.7879	10.4533	9.0196	9.4898	9.2503	10.3026	8.3663	9.0444	9.6366	8.1898	8.5314	9.2503	8.1241	8.8765
RELA	4.9542	4.7549	4.1699	4.0875	5.0444	4.0875	4.3219	4.6439	4.0875	2.8074	4.0000	4.3923	3.7004	2.0000	3.1699	3.3219
TP53	7.6073	7.5469	7.4594	6.5699	7.0334	7.8887	7.7879	7.2384	7.0000	7.3129	7.2095	7.7004	7.9600	6.0875	6.6439	6.3219
MDM2	3.4594	4.3923	1.5850	3.9069	3.7004	1.0000	2.5850	2.0000	3.5850	2.8074	2.3219	3.4594	3.7004	3.0000	3.7004	3.8074
CDKN1A	6.3923	5.4919	5.6724	5.7549	5.6147	6.7142	6.4094	6.8580	5.8329	4.9069	4.7549	4.0000	5.8580	4.0875	4.8580	5.3219
BAX	7.6865	7.6935	8.0768	7.7944	7.6073	6.9542	7.2095	6.7944	8.3129	5.9773	7.4346	7.6511	6.8948	5.5850	6.8074	6.2668
BCL2	6.4094	6.5078	6.9887	6.1898	6.9425	7.0112	5.7004	7.3219	6.3750	7.0768	5.8329	6.1699	6.9189	7.3663	6.1293	6.4429
CASP3	3.9069	3.9069	3.4594	2.5850	3.4594	3.1699	3.8074	2.0000	3.4594	4.9069	3.9069	3.4594	3.0000	3.7004	2.8074	3.3219
CASP9	4.2479	4.3219	5.3923	4.8580	5.5546	5.0000	4.0000	5.0000	4.3219	4.4594	4.1699	5.5236	4.2479	5.3923	5.3576	3.7004
PARP1	4.7549	5.6724	6.1898	4.9542	4.9069	5.2095	5.1293	4.8074	6.0000	6.5546	5.8074	5.7004	4.7004	5.6724	6.4594	5.4263
ATM	3.0000	3.4594	3.1699	3.0000	2.5850	3.1699	3.9069	1.5850	3.1699	3.5850	3.4594	4.0875	3.1699	2.5850	3.4594	3.5850
ATR	9.0607	8.1649	7.9425	9.8826	9.7549	8.8455	7.8580	6.7142	8.1085	8.1997	7.5622	8.1799	7.4429	8.0821	7.8765	8.0279
BRCA1	2.5850	2.5850	3.3219	2.3219	2.5850	2.3219	2.3219	3.5850	3.4594	2.0000	3.1699	2.3219	1.0000	1.5850	3.1699	2.0000
BRCA2	7.3309	7.6653	7.3038	6.8329	7.8329	7.2192	7.8642	7.0334	6.6294	6.2095	5.0875	5.3576	5.5236	5.5850	6.1293	6.5236
RAD51	5.9307	5.8826	5.4263	5.0875	6.0444	6.3038	6.0000	6.2479	4.5236	4.0000	5.2479	4.2479	4.5850	5.0875	4.7004	4.2479
XRCC1	5.6439	6.5546	6.2288	5.9307	4.6439	5.8329	6.5392	6.5546	6.1293	5.5850	5.9069	6.3750	5.7814	6.0661	5.8329	5.3923
ERCC1	1.5850	2.8074	2.0000	2.8074	2.0000	3.0000	2.0000	2.5850	4.7004	4.2479	4.0000	4.7549	5.2854	4.0875	4.3219	3.4594
MKI67	4.8580	5.2095	5.5546	5.4594	4.3219	5.7814	4.9069	4.8580	6.3038	7.0661	4.9542	7.0224	6.2095	7.0000	6.7549	6.7944
PCNA	7.6724	7.9069	7.9773	8.4009	7.7482	8.1137	8.4717	9.2288	8.5430	8.2946	9.1137	9.3987	8.8202	7.9189	8.4998	9.0251
CCND1	4.9069	6.0000	5.1293	5.7279	5.5546	4.9542	3.7004	5.2095	3.8074	2.5850	4.7004	3.1699	2.5850	3.4594	3.5850	3.9069
CCNE1	9.1472	9.1674	8.2192	9.2761	8.8074	8.8041	9.3837	9.1241	8.4757	8.7682	8.9801	9.2264	8.9009	8.8978	8.6689	9.6795
CDK2	9.0901	8.5275	8.9687	8.8580	9.8122	8.1189	7.8202	9.4450	9.3309	8.5736	9.3129	8.4136	8.2992	8.1799	8.0821	8.1396
CDK4	4.4594	4.9069	4.8580	4.1699	4.7004	4.3219	4.0875	4.7004	3.7004	4.0000	5.0000	4.3219	4.0000	4.3219	4.3923	3.5850
CDK6	2.0000	2.3219	3.0000	3.8074	2.3219	3.1699	3.8074	2.3219	3.1699	3.0000	2.8074	2.5850	2.5850	2.0000	1.5850	2.0000
RB1	NA	7.5236	8.3174	8.4838	6.7549	6.9658	8.2143	7.7004	7.4676	9.0000	7.2384	7.2288	8.2621	7.9658	7.4009	8.6439
E2F1	2.3219	0.0000	1.0000	2.0000	2.0000	2.0000	2.0000	1.0000	2.5850	1.0000	2.3219	3.8074	2.8074	3.5850	1.0000	0.0000
MYC	5.4263	6.5850	5.3923	6.2668	7.1997	5.1293	6.2668	6.8329	5.1699	5.6147	5.7004	7.3923	5.8074	6.5699	6.0000	6.8202
MAX	5.4263	6.5392	5.9069	5.4919	6.1699	6.0444	6.1085	5.8580	6.3219	5.7279	5.5236	5.9773	6.0875	6.1497	5.9773	5.3576
JUN	4.8580	5.4263	4.5236	4.5850	6.0661	5.3219	5.1293	5.3923	5.4594	4.9069	5.2479	5.0000	4.9069	6.2668	5.5236	5.3576
FOS	7.8074	8.0112	8.0553	7.9009	7.1898	7.6653	8.8765	7.9009	8.0607	8.3443	8.2992	7.0444	8.1599	7.2288	7.7482	7.6294
EGR1	2.5850	4.4594	4.7004	3.1699	4.6439	4.4594	4.0000	4.5236	5.2095	3.3219	4.5850	4.1699	4.0000	3.1699	5.1699	5.2854
ATF3	7.1293	6.7415	5.8329	8.1898	7.1997	6.2095	7.1898	7.5699	7.0334	6.5392	7.5699	6.2854	7.4094	7.3399	6.7004	7.2761
STAT1	5.4263	5.6147	5.1293	5.4263	5.8074	5.0444	5.7549	3.8074	4.9542	4.8580	5.4594	5.9307	6.3038	5.3576	4.4594	5.6724
STAT3	4.9542	4.3219	6.6294	6.3923	5.8580	5.1699	5.9069	6.5699	6.0000	5.7814	6.4429	6.2668	5.1293	5.5236	5.2854	5.4263
STAT5A	4.9542	4.7004	4.3219	5.6724	4.8580	4.2479	3.9069	4.8074	5.0000	4.9542	4.3923	4.0875	5.2854	4.4594	4.7549	4.0875
JAK1	1.0000	5.5236	3.8074	4.7549	4.7004	5.2095	4.2479	5.7004	3.1699	NA	4.4594	5.0000	4.7549	5.9542	4.4594	3.9069
JAK2	6.4919	6.2095	6.9887	5.9542	5.9307	4.9069	5.3219	7.3923	6.7004	6.7944	7.2095	4.3219	6.0875	6.5546	6.6439	6.7415
SOCS1	6.2095	3.7004	5.4919	5.4263	4.6439	5.0444	3.7004	5.0875	6.0224	5.2095	4.1699	6.0444	4.2479	5.6147	4.4594	6.2854
SOCS3	4.7004	3.0000	3.3219	5.0875	5.4919	4.0875	5.3576	3.9069	4.4594	4.2479	4.9069	5.4263	4.9069	3.4594	5.2479	4.6439
IRF1	5.7279	7.0334	7.9944	6.4263	7.2384	6.8948	6.7549	7.4179	6.9425	NA	5.9307	7.2761	6.7415	7.5157	7.6294	7.1085
SYNTH0001	7.0112	7.8704	6.4429	6.4429	6.8948	6.7944	6.5850	7.2288	6.7549	6.8202	6.6439	6.8329	6.5850	7.2192	7.0334	7.2095
SYNTH0002	6.9189	9.2992	9.6511	8.4429	8.3083	9.3151	9.2312	8.1997	8.9307	8.5236	8.1344	8.5774	7.6865	7.4429	7.5699	8.3443
SYNTH0003	3.1699	3.9069	4.3923	3.0000	3.1699	3.5850	4.5850	4.3219	1.5850	3.5850	4.0875	4.4594	4.0000	3.7004	2.0000	3.9069
SYNTH0004	6.9887	7.4429	7.7549	7.7074	8.4998	6.2668	7.9484	7.5546	7.8948	7.9307	NA	7.4346	7.8455	8.2143	8.0444	6.9773
SYNTH0005	5.3923	5.0444	4.8074	4.5236	5.6724	4.1699	5.6147	5.6724	5.7549	5.8329	4.3219	4.8580	4.7004	4.6439	4.5850	4.9542
SYNTH0006	3.3219	3.4594	3.8074	4.3219	3.1699	2.8074	2.8074	3.1699	1.5850	3.0000	1.0000	3.0000	4.1699	3.5850	3.0000	3.0000
SYNTH0007	6.1085	5.3576	6.4094	6.1497	7.2761	6.3399	6.9189	6.7142	7.9944	8.0928	7.6935	7.7074	5.3923	7.7944	8.5038	6.3399
SYNTH0008	3.1699	2.5850	1.0000	3.0000	3.3219	3.4594	3.7004	2.5850	3.7004	2.3219	3.8074	2.5850	NA	3.0000	3.7004	3.3219
SYNTH0009	4.1699	2.5850	3.1699	1.5850	3.3219	2.8074	4.3923	4.1699	3.4594	4.3923	4.0000	3.3219	5.4263	2.0000	4.5850	2.3219
SYNTH0010	7.8642	8.1085	8.1189	8.1599	8.5078	8.4998	8.7142	8.6184	8.6036	6.9658	8.6036	8.5157	8.1293	7.9830	8.5850	8.4878
SYNTH0011	4.5850	3.4594	4.3219	3.7004	3.8074	4.4594	4.1699	3.8074	3.0000	2.0000	2.8074	2.8074	2.3219	2.0000	2.8074	4.0000
SYNTH0012	2.5850	3.4594	2.8074	2.0000	3.0000	3.5850	2.0000	2.8074	3.7004	3.0000	4.0875	4.1699	4.3219	2.3219	4.2479	3.1699
SYNTH0013	4.1699	4.8074	4.7549	4.3219	5.1699	3.3219	4.4594	4.5850	4.5236	4.4594	4.5850	5.0000	NA	4.9542	NA	2.8074
SYNTH0014	3.4594	4.9069	5.1293	4.1699	4.3219	4.7004	3.5850	4.4594	4.7004	5.0444	5.3576	4.7004	6.3038	5.2854	5.1699	6.2668
SYNTH0015	2.3219	3.3219	4.2479	3.0000	5.1293	5.3219	2.3219	4.5850	3.3219	5.3219	3.1699	3.3219	3.5850	4.1699	4.8580	5.3576
SYNTH0016	2.3219	3.0000	3.0000	2.3219	3.7004	2.5850	2.3219	2.0000	3.0000	3.1699	1.0000	3.5850	3.3219	3.8074	3.3219	2.0000
SYNTH0017	2.5850	4.0000	NA	3.8074	4.4594	3.8074	2.8074	2.3219	2.8074	3.0000	2.8074	4.0875	2.5850	3.1699	2.8074	3.3219
SYNTH0018	8.0768	8.6147	8.7912	9.0875	8.6036	8.2854	9.4919	8.9687	9.3531	8.7074	8.7649	8.9687	8.3750	NA	7.3923	9.1497
SYNTH0019	2.5850	3.0000	3.7004	3.1699	3.5850	2.5850	2.8074	3.5850	4.3923	2.0000	3.5850	3.1699	3.7004	3.3219	3.1699	3.5850
SYNTH0020	3.8074	4.2479	4.8580	4.5850	3.4594	4.5236	4.3219	4.3923	4.0000	4.7004	4.5236	3.9069	5.1293	4.9542	4.0875	4.3923
SYNTH0021	5.5850	4.3923	NA	5.1699	4.4594	4.8074	5.4919	4.8580	5.9773	4.7549	5.4594	5.5546	4.5850	4.8580	5.4919	5.9542
SYNTH0022	7.8642	7.7748	7.6724	7.0553	7.7211	7.9773	7.9542	8.3309	7.8948	8.7142	8.1293	8.2095	8.5118	9.1163	7.3576	7.7347
SYNTH0023	6.1293	6.6582	6.1898	7.8202	6.7004	7.1293	6.0661	8.0980	6.4757	5.8580	6.5999	6.9658	6.8074	6.6865	7.5157	5.8074
SYNTH0024	5.4594	4.9542	5.6147	5.5546	4.2479	5.1699	5.6724	4.3219	6.5850	4.2479	5.3219	3.0000	4.3219	5.3576	5.4263	6.2095
SYNTH0025	6.1085	5.8329	4.9069	5.8826	4.5236	5.2854	5.2479	6.6294	4.6439	5.6439	5.0000	4.5236	5.3219	4.3923	4.8580	4.6439
SYNTH0026	6.2288	6.2479	5.9307	4.5236	6.0224	7.1497	7.2574	5.1293	6.3576	6.4757	5.3219	6.3750	6.3923	6.7142	5.8329	6.7415
SYNTH0027	5.4263	5.4919	5.5850	5.3923	4.5236	4.6439	6.0224	6.2668	6.1293	5.2854	5.0000	5.9307	6.3923	5.3923	5.8580	5.2479
SYNTH0028	7.1599	6.8074	6.4594	6.9658	6.2854	6.5078	6.6865	7.3219	6.8948	6.4919	7.5546	7.1699	6.5236	7.3663	6.5999	6.9773
SYNTH0029	4.0875	3.5850	3.7004	4.1699	4.3923	4.0000	2.3219	4.1699	4.3923	4.6439	3.9069	3.4594	3.8074	3.9069	4.2479	3.8074
SYNTH0030	3.5850	2.3219	3.9069	3.9069	4.7549	3.5850	4.3923	4.5850	4.1699	2.8074	2.5850	3.9069	3.4594	4.9542	3.3219	4.3219
SYNTH0031	2.8074	3.1699	3.8074	3.1699	4.4594	2.5850	3.3219	3.7004	2.5850	3.0000	3.0000	3.7004	4.0000	4.3219	3.3219	0.0000
SYNTH0032	4.0875	2.8074	4.3923	3.7004	3.7004	3.7004	3.7004	3.9069	3.3219	3.1699	4.7004	3.7004	4.5236	3.3219	5.0000	3.4594
SYNTH0033	5.0875	4.5236	5.2854	4.8074	4.0000	4.7004	3.1699	5.0444	3.8074	5.3923	5.2479	4.7004	4.8074	4.8074	3.7004	4.7004
SYNTH0034	4.0875	2.0000	2.8074	0.0000	3.0000	3.0000	3.1699	4.1699	3.1699	2.8074	2.0000	3.3219	2.5850	2.8074	3.5850	2.0000
SYNTH0035	5.9542	5.3576	5.4263	6.0875	6.1293	6.1898	6.3399	5.7279	6.7682	7.6073	7.6865	7.0224	7.8138	7.7549	7.8765	6.7549
SYNTH0036	2.3219	3.8074	1.5850	3.1699	3.0000	3.0000	3.4594	2.3219	2.3219	4.2479	0.0000	3.3219	3.5850	3.1699	0.0000	2.5850
SYNTH0037	5.0000	6.0875	5.8329	5.4919	4.3219	3.5850	4.7549	5.2854	4.3923	5.3219	5.2479	4.9069	4.7004	5.0444	4.3219	5.9307
SYNTH0038	5.3219	4.7549	4.9542	4.9069	4.9069	6.8704	5.6147	6.0875	5.8329	5.3576	5.9542	5.9069	5.8074	6.2668	5.0444	5.8329
SYNTH0039	7.7074	7.9307	8.0768	8.6618	8.1599	8.0928	9.2021	8.0112	6.8329	8.5157	8.4757	6.5078	8.2479	7.8138	8.1649	8.3219
SYNTH0040	6.1085	6.1898	6.1293	6.3750	5.6439	4.3923	6.1699	6.5546	5.7279	5.3576	6.0875	5.7004	5.9307	5.8826	5.6147	6.9542
SYNTH0041	8.1189	6.9307	NA	7.7879	7.4757	8.2621	8.4959	7.8887	7.9484	7.2946	7.1799	7.3129	6.9425	6.3750	7.5157	7.0000
SYNTH0042	6.3399	6.1497	4.3219	6.1699	5.7549	6.1293	6.1898	5.7549	4.7004	6.0000	6.9307	4.5850	5.0444	5.7004	6.4094	5.1293
SYNTH0043	5.8329	5.8580	5.7004	5.0875	5.8074	5.2479	6.1085	5.6439	5.9542	5.0875	6.3399	5.1699	4.5236	5.4919	5.6724	4.2479
SYNTH0044	4.0000	2.5850	4.4594	2.8074	2.5850	4.2479	1.5850	3.8074	4.3219	2.8074	3.3219	3.0000	3.5850	2.8074	2.0000	2.8074
SYNTH0045	6.7549	7.3837	4.6439	7.1599	7.5236	6.6294	6.1497	6.9307	5.7004	5.2095	5.3576	5.7549	5.3576	6.1085	5.9307	5.5546
SYNTH0046	7.4998	7.3399	7.9830	7.6147	7.0661	7.2854	8.2668	8.4919	7.8265	8.2761	7.5999	8.8455	8.4471	7.7415	7.6147	7.2574
SYNTH0047	8.1241	7.4838	8.6366	7.6865	7.7682	7.4757	8.1344	7.2479	6.7004	7.2095	6.6147	7.8765	7.5850	5.1699	7.1799	7.8392
SYNTH0048	3.5850	3.0000	3.1699	2.0000	3.4594	3.1699	3.5850	2.3219	3.0000	3.0000	2.5850	3.3219	2.5850	3.8074	2.5850	4.2479
SYNTH0049	5.8826	4.6439	5.4919	5.2095	5.6147	5.8826	4.5236	5.6439	5.3219	4.0875	6.4757	4.3923	5.9542	5.3923	4.6439	5.2854
SYNTH0050	6.8329	7.5469	5.8580	6.2854	6.9425	6.3399	6.1898	6.5850	6.3750	6.4263	5.9542	5.5850	6.3923	6.7415	6.3750	6.4594
SYNTH0051	8.1293	8.6830	9.2264	7.3399	7.8580	9.1189	8.6511	7.3487	8.4305	9.8549	8.5962	8.6402	9.5527	8.3750	9.3015	7.4009
SYNTH0052	8.5887	8.2715	8.5622	9.5078	8.7582	8.0980	7.2668	8.5157	8.8138	8.6830	8.5962	8.5078	8.3264	8.7814	8.8978	9.1111
SYNTH0053	5.2479	5.5850	4.8074	3.8074	5.1293	6.1699	4.5850	4.3923	4.9069	5.5236	5.7549	4.3219	4.6439	5.4919	5.3576	4.3219
SYNTH0054	9.2992	8.0444	7.7944	9.0634	8.3129	9.0196	7.7415	9.4574	9.3332	8.3576	8.0112	9.1241	9.3794	8.9248	8.7211	7.9830
SYNTH0055	4.9069	5.1293	3.0000	4.3923	4.5236	4.0000	5.0000	3.5850	4.3923	5.2479	4.8580	6.3038	5.0875	6.3038	5.3923	5.8580
SYNTH0056	7.8765	8.0000	8.3443	8.7649	8.5196	8.4878	8.8265	8.6830	6.7682	8.0980	8.4838	8.2046	7.9009	8.6221	8.7004	8.1799
SYNTH0057	7.2854	7.0000	6.3399	6.8074	7.1085	7.2479	7.4594	6.6294	7.6865	6.4094	6.6582	7.5157	5.2095	7.4094	5.8580	7.2574
SYNTH0058	4.3923	4.0000	4.2479	3.4594	3.1699	4.0875	3.4594	4.9069	4.8580	5.3219	4.3923	3.9069	4.1699	4.7004	4.6439	3.0000
SYNTH0059	8.0168	7.2479	7.9009	8.5392	7.1898	7.2946	6.5078	8.2432	7.8138	7.8642	8.4798	7.1699	7.4009	8.5275	8.0279	7.2946
SYNTH0060	7.9425	7.6795	7.2384	7.1599	7.9542	5.2095	6.9307	6.6439	6.1699	6.1898	7.6582	6.2854	6.5078	6.7944	6.9425	6.4919
SYNTH0061	9.6165	8.2046	8.4471	7.4757	7.9658	9.1849	9.3685	7.8580	7.2288	9.3531	8.6935	8.0607	8.4346	8.4179	7.3837	8.0553
SYNTH0062	4.1699	4.9069	5.4919	4.6439	4.1699	4.9542	5.3923	5.3576	3.4594	6.0224	4.2479	4.8074	5.4919	4.0875	5.1293	5.0875
SYNTH0063	3.0000	3.1699	4.1699	3.3219	2.5850	3.9069	4.2479	3.0000	3.3219	3.0000	3.8074	3.0000	2.5850	3.5850	3.3219	4.8580
SYNTH0064	6.1085	5.5546	6.3750	6.1699	5.9069	6.3038	6.0224	5.3219	5.9307	4.7004	4.5236	5.9069	6.3923	6.0661	6.1293	6.4757
SYNTH0065	NA	5.8074	5.3219	5.7549	5.4919	6.0444	NA	4.8580	4.9069	5.1699	4.0875	6.1699	5.3576	4.7004	4.6439	5.2854
SYNTH0066	5.0000	3.9069	5.2479	4.5850	5.3219	4.8074	5.0444	5.0444	4.4594	4.3219	4.5236	4.0875	4.0875	4.7549	4.4594	4.3923
SYNTH0067	4.1699	4.0000	4.9542	3.9069	4.2479	4.3219	5.3923	3.4594	3.9069	3.1699	3.1699	3.7004	3.1699	2.5850	1.0000	3.9069
SYNTH0068	5.2479	6.8329	6.2479	7.3837	6.7944	7.1898	7.1497	5.8826	6.2095	7.3663	6.7415	7.3129	6.9658	7.3487	7.5078	7.3487
SYNTH0069	5.9069	6.9307	6.1898	5.4594	5.2479	6.3399	6.2288	5.5236	5.6439	6.2668	4.3219	5.0000	6.8580	6.6582	5.9773	5.3219
SYNTH0070	7.2479	7.5546	8.2715	8.2384	8.4221	7.7415	7.7682	7.4009	8.9189	7.6294	8.6221	6.9542	8.3663	7.5469	7.0334	7.6439
SYNTH0071	3.1699	2.8074	0.0000	NA	4.0875	4.3923	4.3219	3.7004	2.3219	4.5850	4.3923	4.0875	4.0875	2.5850	2.8074	3.8074
SYNTH0072	7.0768	7.9248	6.8580	8.0112	8.5736	7.9307	7.1085	7.2574	8.0168	7.9887	7.0444	7.9069	6.4757	8.6724	8.4136	8.5157
SYNTH0073	6.0224	6.0224	5.9307	5.1699	5.7279	5.2095	6.1085	6.3219	4.3219	5.8580	6.7279	5.1293	4.7004	6.0661	5.2854	5.8826
SYNTH0074	7.7944	5.9307	7.1898	5.4919	6.0444	6.1497	7.0980	6.1085	7.1997	6.5236	7.3837	7.1898	7.8074	5.1699	4.7549	6.8826
SYNTH0075	6.3576	7.6221	6.6865	6.2288	6.3038	6.0661	6.5078	6.0224	6.8580	6.6294	6.8455	6.5078	6.3750	7.0112	6.4757	7.1085
SYNTH0076	6.6147	5.5546	7.0112	7.2095	5.4594	5.7004	5.6724	6.0444	6.2288	6.2854	6.9189	6.4094	7.3576	5.4919	6.5236	5.7549
SYNTH0077	8.0980	7.4512	8.4838	7.9366	6.8826	7.1997	7.9307	7.4179	7.9366	7.6653	7.1085	8.9944	7.7748	7.0334	8.6110	7.0444
SYNTH0078	4.7549	4.3219	4.3923	4.5236	4.9069	4.7549	5.1293	2.8074	3.8074	4.8580	3.9069	4.2479	3.3219	4.4594	4.0875	3.7004
SYNTH0079	5.8580	6.1497	7.3129	6.2479	6.0661	7.1189	7.4998	6.9069	5.3219	6.7279	7.5157	7.0000	7.4512	6.2095	5.9542	7.5774
SYNTH0080	8.9129	9.1972	8.0553	8.2621	9.2923	9.6439	8.5962	7.6935	NA	7.7347	7.7482	7.7549	9.1824	7.2192	8.0224	8.6582
SYNTH0081	9.1997	8.2761	9.1007	8.6221	7.9830	8.2761	8.8765	8.1241	9.5680	7.7682	9.4491	7.6582	8.9454	8.8796	7.7944	6.4263
SYNTH0082	2.5850	2.8074	3.1699	3.1699	2.5850	2.3219	3.5850	3.0000	3.1699	3.0000	2.3219	2.3219	3.1699	3.8074	3.0000	3.8074
SYNTH0083	7.2288	4.8074	4.7004	6.7415	6.7279	5.3576	5.4263	5.0875	7.4263	7.4998	6.4919	6.2668	7.5925	7.5699	7.0444	8.0168
SYNTH0084	7.3399	7.3487	7.5236	7.3129	8.2095	7.7142	7.7682	6.7415	8.2384	7.0444	7.6221	7.9425	8.8857	5.7549	7.8517	7.0224
SYNTH0085	8.0498	8.0661	8.6147	7.5078	8.2143	8.3174	8.6475	6.9069	6.9773	9.1033	7.5850	8.0056	7.5999	8.1948	8.1447	7.3750
SYNTH0086	5.5236	5.0444	6.4429	5.9069	6.1497	5.9773	5.8826	5.6147	5.9307	5.3219	4.0875	4.5850	5.6724	4.8074	5.6724	5.0000
SYNTH0087	5.0444	4.7549	3.0000	4.7004	3.7004	5.2479	4.7549	4.3923	4.1699	3.9069	3.0000	4.3219	4.5850	3.3219	NA	5.6724
SYNTH0088	8.7515	8.8918	9.0607	7.6366	7.2095	8.6618	9.5565	7.8455	6.3923	7.9307	7.7616	8.0980	7.6865	7.0112	6.1699	7.6439
SYNTH0089	5.7004	6.6865	6.1699	6.5699	4.8074	5.7814	7.4009	6.0224	6.6147	6.7944	6.4429	5.4594	7.1799	6.6294	7.2761	6.1497
SYNTH0090	2.3219	5.3576	4.7549	4.0000	5.2095	4.9542	5.3219	5.1699	4.3923	5.2095	6.4263	3.5850	4.3219	4.7549	5.0875	4.9069
SYNTH0091	6.5999	5.9069	6.1497	6.7944	5.6147	7.3129	5.9542	7.4676	7.6221	7.3129	6.2854	5.8826	6.1497	6.7549	5.8329	7.0980
SYNTH0092	6.9887	6.0444	6.0444	6.5236	7.9773	5.8329	7.4346	7.8074	7.0000	7.3038	6.0875	7.5314	7.2574	7.4512	6.6865	5.6439
SYNTH0093	5.3219	4.5236	5.3576	4.8074	4.9069	3.9069	4.0875	4.5850	5.1699	4.3219	5.6147	5.8580	3.8074	5.0875	5.5850	4.9069
SYNTH0094	NA	8.0389	7.9715	7.0334	8.5078	7.8009	8.6475	7.6511	6.8074	8.1599	8.5925	7.5925	NA	6.9189	8.4051	7.7415
SYNTH0095	7.8826	9.2021	8.6830	8.1849	8.9513	8.6073	9.4409	7.4263	8.4878	8.3707	8.7515	8.9513	8.1948	9.1447	8.3129	7.3837
SYNTH0096	3.0000	3.4594	2.0000	3.0000	2.8074	3.8074	3.7004	3.0000	3.9069	0.0000	2.5850	3.9069	2.0000	1.5850	3.4594	4.5850
SYNTH0097	7.4757	7.3399	NA	6.3576	7.6511	6.9542	7.0768	7.4009	7.0768	7.2192	6.5699	6.5392	6.8826	6.9069	5.7549	7.0000
SYNTH0098	2.8074	3.7004	4.6439	4.2479	3.4594	4.5850	4.1699	4.0000	3.4594	4.2479	4.9069	4.0000	3.1699	4.0000	4.8074	4.4594
SYNTH0099	7.7279	7.2761	8.2715	7.3837	8.5118	8.0821	7.1997	7.4998	7.6935	8.0498	7.6724	8.1948	6.9307	7.8202	7.8580	7.5925
SYNTH0100	4.1699	4.3923	4.4594	2.8074	4.2479	4.9542	4.3923	4.3219	4.7549	4.8074	4.8074	3.3219	4.9542	4.5850	4.9069	4.4594
SYNTH0101	3.3219	3.5850	2.0000	3.8074	3.8074	2.8074	3.5850	3.8074	3.9069	3.9069	4.3923	4.3219	3.3219	0.0000	3.5850	4.3219
SYNTH0102	5.0000	6.3923	5.6439	5.4263	5.1699	5.9069	4.9069	6.1497	5.2854	5.0875	5.9773	5.3923	5.8826	6.2854	4.8580	5.5236
SYNTH0103	7.5469	8.2668	8.5622	8.9944	7.9542	9.1059	8.3443	8.7448	8.0980	8.7415	6.9189	6.7279	7.2668	7.6294	7.8948	6.8826
SYNTH0104	4.3923	5.0000	4.2479	5.4263	4.0875	3.7004	4.9069	4.3219	5.2095	4.8580	5.3576	6.0444	5.2854	3.7004	5.2479	4.5236
SYNTH0105	6.0875	7.1396	7.5546	6.7549	6.7279	7.9069	6.7682	7.2384	6.7682	6.8455	6.7814	7.2479	6.3576	6.5078	7.6795	7.0000
SYNTH0106	8.7912	6.9425	7.7482	7.8392	8.0168	7.4263	8.2808	7.6724	7.1997	8.4263	6.7814	8.2715	7.7814	7.2761	8.7245	8.1085
SYNTH0107	7.1599	6.3219	6.2288	6.3576	6.2288	6.7682	7.3487	6.7279	5.0875	5.6439	4.7549	5.5236	5.8580	4.7004	3.7004	5.6439
SYNTH0108	5.0875	4.4594	6.0224	5.7814	5.0444	4.5850	4.3923	5.1293	4.5850	6.0875	5.6147	5.1293	5.5546	5.7004	6.4919	4.0000
SYNTH0109	3.3219	3.8074	4.3219	3.0000	4.1699	4.1699	4.0875	4.7549	5.0444	5.4263	5.7549	4.2479	4.7004	4.2479	4.5850	5.2095
SYNTH0110	3.7004	3.4594	3.1699	0.0000	1.0000	3.4594	2.3219	3.4594	4.2479	3.1699	2.8074	4.1699	3.1699	1.0000	2.0000	3.3219
SYNTH0111	7.0444	7.3219	7.3663	7.3038	8.0715	5.4263	7.0224	6.4094	6.6865	8.0768	6.7682	7.0444	6.9542	6.6294	7.2854	5.9069
SYNTH0112	5.5236	3.4594	5.6147	4.7549	5.0444	4.2479	4.6439	3.0000	4.5850	5.2479	4.5850	6.0875	5.7549	5.5236	5.0000	5.7279
SYNTH0113	5.5850	4.3219	5.6439	4.9069	4.9542	5.4919	4.3923	5.9773	5.5236	5.6724	5.7004	5.5850	5.8826	5.4594	6.0224	4.4594
SYNTH0114	4.3219	4.3923	4.0000	5.9307	1.5850	4.5236	4.0875	4.1699	4.8580	4.8580	4.5236	4.5850	4.9069	5.5236	4.5236	5.5236
SYNTH0115	4.0875	3.3219	5.0444	4.4594	3.8074	4.8074	4.7549	2.3219	3.0000	4.0875	3.8074	5.1293	3.4594	4.0875	4.8074	2.8074
SYNTH0116	8.0768	6.5999	8.0498	7.8202	8.2574	8.4553	8.3443	7.9715	8.1447	8.7279	8.1497	7.7814	8.5275	7.6582	7.3750	7.3750
SYNTH0117	5.0875	4.8074	6.0661	3.7004	4.7004	6.0224	6.0224	5.7549	6.3576	4.5236	4.7004	5.1699	6.0000	5.9069	6.6865	5.4594
SYNTH0118	4.0875	4.9069	4.7549	3.9069	4.7004	3.5850	4.8074	5.4594	5.8580	5.2479	3.8074	5.3576	3.8074	4.3219	5.4594	4.9542
SYNTH0119	4.1699	6.0000	6.1293	6.1497	6.4263	4.7549	5.6147	6.0224	5.0875	5.8826	6.3219	3.4594	5.4594	4.5850	5.2095	5.9307
SYNTH0120	5.4263	5.3219	5.6724	4.8580	4.6439	4.9542	5.0000	4.8580	4.3219	NA	5.0000	4.3923	4.7004	4.5236	4.7004	NA
SYNTH0121	6.1497	6.5546	7.1189	7.4263	7.0980	7.8948	7.6795	6.8580	7.8887	7.1497	6.5392	6.2479	7.6366	7.9658	7.5699	7.5999
SYNTH0122	8.7177	8.0607	6.1898	NA	7.5314	6.8202	7.3576	6.4094	8.8265	7.8826	6.8329	7.5999	8.3707	8.8549	7.0000	7.3038
SYNTH0123	5.3576	5.3576	4.8580	5.6724	6.0875	6.1293	4.8074	5.6147	6.1699	5.0444	5.7549	5.4263	5.3576	5.9307	5.9069	5.2854
SYNTH0124	4.8074	6.3923	5.4263	5.1293	5.0875	5.4919	4.9542	NA	5.6724	5.0444	5.3923	5.4919	5.4263	5.7004	4.2479	5.5850
SYNTH0125	7.2668	7.4429	6.3219	7.8517	7.6147	7.3663	7.4094	7.7482	6.3576	7.8517	7.0444	6.8948	6.9425	8.1447	7.6511	7.6935
SYNTH0126	6.9542	7.2946	8.4051	8.3576	6.2854	7.4594	8.0928	8.0980	7.5850	7.7279	6.8580	8.8948	8.5353	8.9039	7.6582	7.7748
SYNTH0127	NA	5.7814	6.2668	7.1189	6.0444	5.8329	6.5699	5.7814	6.3750	4.5850	5.3219	6.6865	6.3750	5.4263	5.9773	5.8074
SYNTH0128	4.3923	4.6439	3.1699	4.5236	4.7004	5.1293	3.9069	4.1699	4.5236	4.5236	4.0000	4.5236	4.4594	4.0000	4.7004	4.1699
SYNTH0129	3.5850	2.5850	0.0000	2.3219	3.5850	4.1699	1.0000	3.0000	4.1699	4.7004	3.8074	3.3219	3.8074	4.8580	3.3219	4.3923
SYNTH0130	5.2854	5.6439	3.5850	4.7549	4.0875	4.8074	4.5236	5.3923	5.2095	5.3923	4.8074	5.6147	4.5236	4.3923	5.5236	4.7004
SYNTH0131	7.7616	8.4919	8.1497	8.2336	7.5999	9.4051	8.4136	8.3707	7.9129	6.8826	8.0224	8.5078	7.7074	8.0168	6.7142	7.1898
SYNTH0132	8.8580	8.6689	6.5699	6.9542	7.4179	7.8704	7.5392	7.6073	7.9887	8.2668	7.9366	7.6147	NA	8.1948	6.7549	8.2808
SYNTH0133	6.3399	7.3487	7.3837	6.6147	6.8202	6.8826	7.9944	5.7279	7.9009	7.3663	7.6795	7.8580	7.7415	6.0875	6.4094	NA
SYNTH0134	9.4157	8.3707	8.4838	8.6618	8.9571	7.7616	8.1548	9.1699	7.7415	7.4594	8.3880	7.9944	9.2900	8.9337	8.8361	8.7142
SYNTH0135	3.0000	3.0000	2.8074	3.9069	4.0875	4.7549	3.3219	4.1699	4.7004	2.3219	4.3923	3.7004	3.8074	4.3219	2.5850	3.0000
SYNTH0136	8.7039	8.9248	8.2095	8.9366	8.5812	7.3837	6.4594	8.3309	7.6865	7.0768	7.4757	6.4263	6.5850	7.4838	7.2854	7.1599
SYNTH0137	5.0000	2.5850	4.3219	4.0875	3.0000	3.7004	2.3219	2.0000	2.5850	3.8074	4.2479	4.5850	3.3219	3.3219	4.2479	2.3219
SYNTH0138	6.9307	6.8826	6.1497	5.9307	6.9542	7.2761	6.2288	6.3750	7.1898	6.3576	6.6724	7.1799	7.1189	6.3399	7.1396	5.6439
SYNTH0139	4.3219	4.1699	5.0444	3.4594	4.0000	4.2479	3.8074	2.3219	3.7004	3.4594	2.5850	3.0000	4.8580	4.3219	4.3923	4.8580
SYNTH0140	7.5546	7.4594	7.4512	7.2668	7.0661	6.3923	5.6439	7.5850	7.1599	7.9484	7.1799	7.1599	7.5999	6.5999	7.6865	7.7142
SYNTH0141	4.3923	4.2479	4.4594	4.1699	3.0000	4.0000	1.0000	4.7004	4.0000	4.0875	3.1699	2.0000	4.3219	4.1699	4.6439	2.0000
SYNTH0142	5.7814	6.0444	7.0000	6.2854	5.9069	6.2668	6.5078	6.3923	8.2668	8.5078	7.5622	6.9189	NA	7.3309	7.4676	7.9069
SYNTH0143	6.7944	7.3038	8.4136	7.1396	7.4676	8.4635	7.8826	8.2240	6.8948	6.4757	6.4919	7.4838	7.5157	6.2668	8.3794	6.4429
SYNTH0144	6.1293	5.1699	6.5392	5.7004	4.9069	5.9069	3.8074	6.0444	7.0444	6.8455	6.9887	7.3399	6.3576	7.2946	5.9069	7.4094
SYNTH0145	3.4594	3.3219	3.1699	3.5850	3.1699	2.0000	3.0000	4.0000	0.0000	2.5850	3.9069	3.0000	2.5850	3.0000	3.1699	3.4594
SYNTH0146	9.8734	10.4136	8.9513	9.1241	10.7364	9.6073	10.0279	9.9773	7.9600	9.8009	7.1085	8.3966	8.2192	9.7599	8.3354	9.2095
SYNTH0147	4.5236	3.4594	4.0875	4.6439	4.3219	4.9542	1.5850	3.8074	4.4594	3.1699	5.2479	4.8580	3.9069	3.4594	5.6724	4.8074
SYNTH0148	7.5774	7.7748	7.6439	6.7004	8.0661	7.8329	7.3219	6.7814	7.0112	7.8887	8.2715	7.7347	6.6724	6.9887	7.6439	7.8704
SYNTH0149	5.3576	5.5850	5.6147	5.3219	4.8074	5.4263	4.0000	4.9542	5.2854	5.7004	4.1699	4.5850	5.3219	5.3219	5.6724	5.9307
SYNTH0150	7.6935	7.3837	8.1699	6.9425	6.1497	6.4263	8.3794	8.0000	7.0000	8.0875	8.3794	7.5546	7.6147	7.8009	7.1997	6.6294
SYNTH0151	3.0000	2.0000	4.0875	3.4594	2.0000	3.1699	3.7004	4.8580	2.3219	3.5850	3.5850	2.3219	4.2479	3.7004	4.1699	NA
SYNTH0152	5.7814	6.1085	4.8580	5.5546	6.7004	6.1293	6.3923	5.7004	6.5850	5.8074	7.0875	6.7682	5.5546	5.9773	6.4594	6.0224
SYNTH0153	4.9069	3.9069	5.4594	5.1293	3.9069	5.5850	4.3923	5.2479	4.7549	4.0000	4.7004	4.5236	5.3923	5.9773	4.9542	3.3219
SYNTH0154	7.7944	8.4798	8.3399	8.2143	8.2479	7.3750	8.7846	7.7748	8.2336	7.4429	8.2761	NA	8.2574	8.2761	7.8265	7.8009
SYNTH0155	5.4919	7.0334	6.4094	5.9542	6.3923	5.5850	6.0444	5.2479	6.5236	5.2854	6.1085	5.4919	5.7004	4.9069	6.3219	5.8826
SYNTH0156	7.6724	7.0661	6.5850	8.4179	7.9425	7.5469	6.2288	8.4305	6.5699	6.2854	6.1085	6.2288	6.4757	NA	5.9069	6.5699
SYNTH0157	3.3219	3.3219	3.5850	3.5850	3.5850	3.3219	4.9069	4.3219	3.8074	4.5850	4.3219	3.5850	2.8074	3.3219	2.8074	3.3219
SYNTH0158	3.7004	3.5850	2.5850	2.3219	2.5850	1.5850	0.0000	2.3219	2.5850	3.4594	3.0000	4.0000	1.0000	2.0000	2.3219	3.8074
SYNTH0159	7.4998	7.7279	7.1293	7.6073	6.0444	7.1497	7.1293	7.3399	6.3576	6.9189	7.5699	7.4009	8.2854	7.0224	7.0444	7.1997
SYNTH0160	5.9307	7.4919	7.0112	7.4676	7.1599	6.7279	7.5392	6.7944	8.1649	8.8978	8.4878	8.9248	8.8392	8.1344	7.8765	8.3399
SYNTH0161	4.7549	3.8074	5.4263	4.2479	4.3219	4.8580	4.4594	4.0000	5.6439	6.3219	4.7549	3.9069	5.8074	5.9307	5.9542	5.6439
SYNTH0162	5.7549	6.5078	7.8887	5.9307	6.1085	7.3576	6.9307	6.3038	6.2668	5.9542	5.9307	6.3923	6.6582	5.9069	5.8074	6.1293
SYNTH0163	6.5236	6.3219	7.3837	5.7549	6.0661	7.0768	7.0000	6.8455	5.8074	6.5850	7.2574	7.3487	6.1898	NA	6.9773	6.0224
SYNTH0164	5.3923	5.4919	6.1497	5.6439	5.8826	5.6724	4.7549	6.2668	5.7004	5.7814	5.5546	5.9307	6.2854	5.4263	5.5546	6.3750
SYNTH0165	8.3174	8.4757	8.4471	7.4838	8.0000	8.7482	8.6439	7.9542	8.3443	7.7279	7.6366	7.5850	6.2095	7.9307	9.0417	8.0056
SYNTH0166	4.0000	4.7549	4.3219	5.3219	4.1699	4.2479	5.1699	4.5236	4.8074	3.5850	4.5236	5.1699	3.5850	3.7004	5.3923	4.0875
SYNTH0167	8.0980	7.6582	8.1699	8.0498	8.7039	8.4594	7.6582	8.2288	7.6366	6.3038	7.5622	8.1085	7.9830	7.3038	7.6582	8.0607
SYNTH0168	6.6294	7.2668	6.8704	7.4179	7.2095	6.8580	7.3219	6.1085	7.5236	6.7549	6.8948	7.0000	6.9307	7.3038	7.0000	7.5699
SYNTH0169	8.0875	7.1799	6.8329	7.6511	6.7549	8.0444	7.9307	8.5850	6.6865	8.4009	8.3531	5.5236	7.3129	7.5392	7.2095	9.0471
SYNTH0170	5.7279	5.4263	6.0224	5.6147	5.9307	4.9069	5.6147	3.8074	5.4594	3.4594	5.2095	5.0000	5.3576	5.1293	6.3219	5.0000
SYNTH0171	4.0000	3.3219	3.1699	3.5850	3.4594	2.3219	3.1699	3.3219	2.5850	3.8074	2.8074	3.3219	4.7549	2.8074	3.0000	3.7004
SYNTH0172	6.5392	6.3219	7.9542	7.5850	7.2095	7.3923	8.5507	7.9658	6.5699	8.9278	7.0980	7.2384	7.6935	8.8765	8.1137	8.0553
SYNTH0173	3.9069	3.8074	4.7549	5.0444	4.3923	5.1293	4.9542	3.5850	5.8826	4.2479	4.9542	4.4594	3.3219	3.8074	4.8074	5.3219
SYNTH0174	7.2574	7.0334	7.8202	NA	8.2527	6.4757	7.5925	8.0980	8.0334	8.0389	8.3443	7.3576	8.1137	6.3399	6.3576	7.2761
SYNTH0175	4.1699	3.8074	4.7004	3.3219	3.8074	5.3576	3.9069	4.8580	3.9069	3.8074	2.5850	2.8074	4.0875	4.5236	4.7004	4.5236
SYNTH0176	8.0224	7.5078	7.8517	8.6618	8.0168	7.9189	8.8796	8.1137	8.0553	7.5699	8.4798	6.9887	7.5078	7.9307	7.9069	6.5999
SYNTH0177	7.0875	5.1699	7.0980	6.9307	6.6582	6.4263	6.5392	6.2288	7.1699	6.4429	6.5236	5.3576	6.5078	6.7814	NA	6.7549
SYNTH0178	8.4919	7.6147	8.0168	7.0875	8.5392	8.4676	7.9129	8.5038	7.3038	6.7142	7.3219	8.4919	6.2854	8.9571	7.7142	7.3487
SYNTH0179	4.0875	3.1699	4.0000	4.4594	4.8074	5.1699	3.1699	4.3219	4.0000	4.0000	3.4594	5.8826	3.5850	3.3219	4.5236	4.5850
SYNTH0180	7.1293	6.5699	5.5546	6.4263	6.4594	6.5546	5.6439	6.4757	6.6294	6.5236	5.4919	5.0000	5.7814	6.2095	5.8826	6.4263
SYNTH0181	7.3663	7.4009	7.6935	7.5469	7.3923	8.1599	7.1799	7.5774	6.7944	7.3750	7.8704	7.9307	6.3038	6.9189	7.7814	8.2715
SYNTH0182	2.0000	2.8074	3.5850	2.3219	3.7004	1.0000	3.4594	3.3219	3.7004	4.2479	3.1699	2.5850	2.8074	2.3219	2.8074	3.4594
SYNTH0183	6.8580	5.5236	5.7004	5.9069	7.2946	7.1396	6.2479	6.5999	6.7682	6.5999	6.3399	5.7004	7.3219	6.7142	6.4429	6.7944
SYNTH0184	7.5622	8.3219	8.9484	8.9972	8.3531	8.8138	8.4346	8.1548	9.2761	7.6582	8.1293	8.1396	7.9366	8.0224	7.8948	7.4757
SYNTH0185	8.1241	7.0444	8.5699	6.2854	6.4919	8.5507	8.1085	7.0224	6.1293	6.9542	5.2854	6.3576	6.6865	5.9307	5.9542	6.7549
SYNTH0186	6.4594	5.7004	6.7944	6.6147	6.7415	6.6294	5.6147	6.4263	6.6582	6.4594	5.2479	6.6865	5.9542	6.2854	6.6439	5.8826
SYNTH0187	1.5850	2.8074	2.8074	4.3923	2.3219	4.2479	2.3219	3.7004	3.1699	3.9069	3.7004	4.3219	4.4594	3.4594	3.0000	2.8074
SYNTH0188	7.7415	8.0000	8.2900	7.5236	7.3309	7.1497	7.1699	8.4051	7.7004	7.5078	6.6147	6.8704	6.9069	6.9069	7.0553	7.3487
SYNTH0189	9.9929	9.5584	7.8202	8.4221	8.7977	8.6257	9.4325	8.2900	8.9687	9.2621	7.9658	8.4051	8.7347	7.3129	8.2288	8.1749
SYNTH0190	5.6147	4.9542	5.8074	6.0224	4.8074	4.7549	5.2479	5.1293	4.5236	4.0875	2.5850	5.4919	5.0875	5.2479	4.9069	4.4594
SYNTH0191	6.2095	NA	5.9307	NA	6.1497	7.4757	6.3923	6.3750	7.1497	6.4429	6.6147	6.8202	7.1396	6.5546	6.0224	7.1085
SYNTH0192	3.4594	4.2479	2.0000	4.3219	4.0875	2.0000	4.1699	2.5850	3.7004	3.4594	5.0000	3.9069	3.9069	3.0000	3.7004	3.7004
SYNTH0193	3.5850	4.3923	3.8074	4.6439	3.9069	3.5850	4.0875	3.5850	2.3219	4.6439	3.1699	3.3219	3.4594	3.9069	3.5850	3.9069
SYNTH0194	7.2479	6.9425	6.7682	6.7415	6.6865	7.3663	7.3576	7.0768	7.8580	6.1699	6.6865	7.2854	7.0224	6.1699	6.4594	6.6294
SYNTH0195	1.5850	3.8074	3.9069	1.0000	3.3219	2.3219	4.0875	3.1699	2.0000	3.7004	3.7004	2.3219	3.4594	3.0000	2.0000	3.1699
SYNTH0196	3.3219	3.9069	4.0875	2.5850	3.8074	3.0000	3.4594	3.5850	3.3219	3.8074	2.8074	3.5850	2.0000	3.1699	3.0000	4.2479
SYNTH0197	6.8580	6.4919	8.0553	7.7482	7.0768	7.0224	6.3923	6.8580	5.7004	6.8704	7.0661	6.6147	7.0980	7.1293	6.5078	7.3750
SYNTH0198	3.4594	3.3219	4.2479	3.3219	2.0000	4.3923	4.0000	2.0000	1.5850	3.1699	3.1699	3.4594	NA	2.5850	3.3219	4.0000
SYNTH0199	5.6439	3.4594	3.7004	4.7549	4.3219	5.6724	5.5236	5.0444	4.9069	4.0000	4.0875	3.7004	4.4594	5.2854	5.4263	3.3219
SYNTH0200	7.5469	7.8265	7.5925	7.3038	7.8392	7.7211	7.6366	6.9887	5.6147	7.5236	8.0000	7.0224	7.5392	6.7814	7.9773	7.6511
SYNTH0201	7.2574	6.3923	7.0444	7.1898	7.8202	6.1699	7.2192	6.9307	8.8978	7.9069	7.4919	7.0444	7.3129	7.9773	7.5157	8.1085
SYNTH0202	9.0661	8.9629	8.9858	7.3837	8.5812	8.8978	8.4094	8.4553	8.3038	8.7279	7.4429	8.4878	7.6582	8.5887	9.0251	8.9454
SYNTH0203	6.0444	6.2668	5.3219	4.1699	5.6724	4.3219	4.9542	5.0000	4.9542	5.2854	5.7279	5.2479	4.9069	5.4919	5.4919	4.6439
SYNTH0204	5.3219	5.6724	6.4429	6.1293	7.9189	5.7549	6.7814	6.0000	6.8826	7.7279	6.8704	6.3923	7.5699	5.1699	6.4919	6.3038
SYNTH0205	4.1699	4.4594	4.7549	5.0444	5.0875	4.1699	4.1699	4.2479	5.6147	5.7814	5.5236	5.3219	5.2479	3.5850	5.3576	5.2854
SYNTH0206	5.2095	4.7004	6.2095	6.0444	4.6439	6.9189	5.8580	6.1898	3.9069	5.3923	4.3219	6.3576	5.4919	4.8580	5.1699	5.2479
SYNTH0207	6.3576	4.7004	5.9069	5.6724	5.8329	5.6147	5.7549	6.3038	6.3750	6.5078	6.1293	5.4263	5.6724	4.9542	6.3923	5.9307
SYNTH0208	6.2479	6.0000	5.9542	5.4263	6.5078	6.9542	5.6147	5.8580	5.1699	5.1699	5.6724	3.9069	3.8074	5.4594	4.0000	4.9069
SYNTH0209	4.7004	4.9542	3.5850	3.8074	4.2479	4.0875	4.3923	5.2854	3.7004	5.2854	3.8074	4.4594	4.8074	3.5850	4.8580	3.0000
SYNTH0210	8.6760	8.5038	7.7482	8.9129	6.6582	8.7515	8.5078	8.1799	8.4717	9.0224	9.1059	7.5622	8.5392	7.6865	9.6546	8.4221
SYNTH0211	6.4919	7.3487	7.2479	6.5236	6.7682	6.5078	4.5236	6.5392	7.0553	7.1085	6.4757	6.1497	7.1699	7.2574	6.3923	6.7004
SYNTH0212	3.3219	3.7004	2.8074	4.2479	3.8074	4.0000	3.1699	2.0000	4.0000	4.0000	3.1699	2.8074	3.0000	3.8074	3.0000	1.0000
SYNTH0213	3.4594	4.1699	3.5850	4.9542	3.0000	4.3923	2.5850	4.2479	3.1699	4.0875	4.0875	3.0000	4.0000	3.8074	4.1699	5.1699
SYNTH0214	6.5999	6.5236	6.0000	6.0000	5.6147	6.4094	6.2668	7.1189	6.7142	6.3576	5.8074	6.6724	5.4263	5.9069	6.1898	6.5078
SYNTH0215	6.8826	7.1898	8.2854	7.2479	7.3837	5.5546	6.0000	7.6795	6.5999	7.1293	7.3038	5.9773	7.9658	5.9542	7.1699	7.5546
SYNTH0216	7.4757	6.8074	7.2761	7.4263	6.8202	8.1599	6.8202	7.0661	6.0224	6.9542	6.8580	7.7944	6.9189	6.8074	7.3219	6.6147
SYNTH0217	8.7245	8.7039	9.5507	7.6221	NA	9.9542	9.4998	8.1137	9.1085	7.8517	9.2992	9.2691	8.0000	8.6257	8.8765	8.9218
SYNTH0218	5.3219	5.4919	4.0000	3.0000	5.0444	3.7004	4.9542	4.3219	4.0875	5.0000	3.4594	4.5850	4.0000	4.0000	4.7549	4.3923
SYNTH0219	6.7549	5.0444	5.2095	6.0224	6.0224	6.1699	6.6724	5.7279	7.1799	5.6724	5.7004	5.2854	5.4594	7.1898	6.7415	6.3219
SYNTH0220	6.3923	6.4263	6.4094	6.1898	6.3399	6.5546	6.6582	6.6439	5.9773	6.6865	7.4512	6.7944	5.8329	6.8704	6.4429	7.0768
SYNTH0221	3.3219	3.5850	3.1699	2.5850	2.8074	2.0000	3.7004	2.0000	3.4594	3.0000	2.3219	3.7004	3.7004	NA	4.1699	3.0000
SYNTH0222	7.4263	7.7074	7.8074	8.0661	8.5812	6.9887	6.9658	7.3837	7.7616	6.9542	7.9009	7.9366	8.2574	7.0112	8.0980	7.1997
SYNTH0223	NA	3.9069	4.3219	3.8074	3.3219	5.0444	5.1293	4.0875	3.5850	4.0000	3.7004	4.9542	4.2479	4.0000	5.3576	4.0875
SYNTH0224	3.7004	4.7549	4.5236	4.3923	4.2479	4.2479	4.5850	3.4594	4.5850	5.4263	3.7004	4.0000	4.1699	4.0000	4.0000	3.4594
SYNTH0225	2.5850	4.7549	4.3219	4.8074	NA	4.8580	4.1699	3.9069	4.7549	3.9069	4.2479	3.1699	4.7549	4.4594	5.2479	5.0000
SYNTH0226	8.6402	NA	8.0875	8.4051	8.3399	7.9425	9.3597	8.2432	9.1111	9.2992	9.2167	7.7482	8.3750	8.6221	8.1548	9.5058
SYNTH0227	0.0000	2.3219	5.0444	3.4594	3.8074	3.5850	3.0000	2.8074	3.8074	1.0000	4.9542	4.0000	4.0875	2.8074	3.1699	4.3219
SYNTH0228	4.0875	3.7004	4.4594	4.6439	5.5850	4.8580	6.0000	5.0000	4.8580	4.1699	3.8074	4.0000	4.6439	5.1293	5.1293	NA
SYNTH0229	6.1085	7.0000	5.1293	5.2479	5.7004	5.3219	5.2854	5.8074	6.8329	5.2854	5.4919	5.1293	4.9069	5.3576	6.0000	4.2479
SYNTH0230	5.0000	5.4594	5.6439	6.4094	5.2479	4.7549	6.7004	5.9773	3.8074	6.7279	6.2095	6.7004	5.7279	5.1293	5.0000	5.4263
SYNTH0231	7.5157	8.0661	7.7814	7.9366	7.5622	7.1189	7.2761	7.4757	7.4179	8.1948	7.0334	7.3309	6.7142	7.0224	NA	7.4757
SYNTH0232	7.4346	7.0334	7.4512	7.5392	7.7616	7.4009	8.1033	7.2574	6.4919	NA	7.4009	7.9425	6.9542	7.5925	7.7211	6.5546
SYNTH0233	4.9542	5.0000	5.1293	5.7549	4.3923	4.8580	5.7549	5.7549	5.4919	5.9307	5.9773	5.7279	5.6147	5.4263	4.3219	5.5850
SYNTH0234	5.2854	3.3219	5.0875	5.6147	4.3219	5.1293	4.9542	4.9069	4.3219	5.4263	5.1293	4.5850	4.8074	2.0000	4.9542	4.9069
SYNTH0235	7.5925	5.4263	6.0000	5.6147	6.8074	5.9069	6.7814	5.2479	5.8074	3.8074	6.7682	5.8329	6.6582	6.1497	5.3219	6.0661
SYNTH0236	6.0000	6.0224	6.4594	5.7549	5.9773	5.3576	6.7415	7.0000	5.7004	5.8329	7.0768	5.8329	5.4919	5.0000	5.8826	6.1085
SYNTH0237	3.0000	2.3219	2.3219	3.7004	3.9069	3.1699	3.0000	2.8074	3.0000	3.3219	1.0000	1.0000	3.5850	4.0000	3.9069	4.0875
SYNTH0238	5.8826	5.9773	4.0875	3.5850	5.2854	3.4594	5.2479	5.0000	3.0000	3.0000	4.0000	3.5850	4.1699	3.0000	4.4594	3.5850
SYNTH0239	1.0000	1.0000	2.8074	4.1699	2.5850	3.3219	3.1699	2.3219	3.0000	2.3219	3.8074	2.8074	3.8074	2.3219	3.0000	3.3219
SYNTH0240	4.7549	5.6439	5.0875	5.8826	4.9069	6.2479	4.9069	5.7279	4.3923	6.2288	5.0000	5.7004	5.6724	4.5850	5.8329	5.2095
SYNTH0241	8.0389	6.6439	7.2384	6.5850	7.4009	7.6439	7.3923	6.1085	5.8580	7.7211	7.4512	7.3219	6.9307	7.7211	6.0444	6.9887
SYNTH0242	5.0444	5.5850	5.7279	5.3923	6.7814	6.1293	6.5546	5.1699	6.2095	5.2095	6.4919	5.6724	6.5699	5.8329	6.6439	5.5546
SYNTH0243	3.3219	4.5236	2.3219	3.4594	2.8074	2.8074	3.8074	3.4594	3.7004	3.1699	3.0000	2.0000	4.3923	2.8074	3.1699	NA
SYNTH0244	7.0444	6.1497	6.4757	7.7482	6.8329	7.2288	7.0000	7.0000	7.0553	4.3219	6.8948	5.9542	6.5999	7.1497	7.3038	5.6439
SYNTH0245	7.4094	6.4094	7.4838	6.3038	7.2946	7.3309	5.8074	6.8580	6.6294	6.2095	7.4998	6.4757	6.9069	7.0334	7.4512	6.6439
SYNTH0246	3.5850	4.9069	3.8074	4.4594	4.4594	4.0875	4.1699	4.4594	3.1699	4.9069	3.3219	NA	3.8074	3.7004	4.2479	3.3219
SYNTH0247	5.4594	5.2479	4.3219	4.5236	5.0444	5.0875	4.5850	2.5850	4.3923	4.7549	4.7549	4.5850	4.1699	4.8074	4.7549	3.7004
SYNTH0248	9.1370	8.4388	8.2046	7.3487	8.8297	7.8826	7.5314	9.0795	8.2288	8.2946	7.4838	8.5962	9.1472	7.7748	8.2527	8.2479
SYNTH0249	4.0875	5.4594	5.3576	4.5236	5.0000	3.7004	4.2479	5.1699	4.8074	5.0000	4.3219	5.4263	4.0875	4.1699	3.4594	4.7004
SYNTH0250	7.3750	7.1396	7.7347	7.2668	6.5999	7.8517	7.1497	7.3309	7.9069	7.4512	6.9307	7.5392	4.9069	8.2336	6.9425	6.4429
SYNTH0251	5.3219	5.0875	4.0000	4.0875	5.6439	4.7549	5.7279	4.0000	5.8580	NA	5.2479	4.5236	4.4594	5.3219	4.7549	5.1293
SYNTH0252	7.4998	7.1497	5.0444	6.3576	6.8580	6.8826	7.0444	6.8455	6.3219	6.6147	6.8580	6.7682	7.4676	6.5850	6.9307	6.9773
SYNTH0253	6.0875	7.3750	5.8580	5.0444	6.0444	6.4094	6.4263	6.2668	4.2479	5.9773	5.3576	6.1293	5.7279	4.7549	5.7004	6.2479
SYNTH0254	4.4594	5.5546	5.2854	4.0000	5.0444	4.7549	5.6147	NA	5.3219	4.3923	5.5546	4.7004	4.5236	4.0000	5.8580	5.0000
SYNTH0255	7.7549	7.8138	7.3219	6.8948	6.9887	7.7682	7.2574	7.3129	6.2854	6.2854	7.9944	7.9773	6.6582	7.0000	7.7482	8.8734
SYNTH0256	5.2479	4.1699	3.8074	3.4594	4.8074	6.0224	4.2479	4.9069	5.9773	4.6439	4.6439	5.1699	4.5850	4.8074	5.0000	4.9542
SYNTH0257	8.0224	8.8455	8.5038	7.9887	8.7108	7.5236	7.9944	8.1033	8.5850	6.7142	6.6582	7.9366	8.3083	8.4512	8.7177	8.1599
SYNTH0258	7.2288	6.8580	7.1189	7.3750	NA	NA	7.1293	6.9425	7.9129	7.4512	7.7142	7.1997	7.0980	7.3837	8.0224	7.6935
SYNTH0259	7.6366	8.3038	7.9069	8.1396	7.5622	7.0112	7.7944	7.7748	7.3576	7.6511	8.0168	7.9830	9.2288	7.5999	8.3174	6.2854
SYNTH0260	4.2479	2.3219	3.5850	3.3219	2.3219	4.0000	3.8074	2.3219	4.2479	2.8074	4.1699	3.3219	3.9069	3.0000	3.9069	3.0000
SYNTH0261	4.7004	5.2095	3.7004	NA	4.0000	4.5236	4.5850	4.5850	2.5850	3.7004	5.1699	5.1293	4.0875	4.6439	4.7004	4.7004
SYNTH0262	4.7549	5.6724	4.2479	3.7004	3.4594	3.9069	4.3219	5.1699	5.0444	3.7004	4.4594	4.5236	4.5236	3.5850	4.5850	4.3923
SYNTH0263	2.5850	3.7004	2.5850	3.9069	3.3219	3.5850	3.8074	4.0875	3.0000	3.0000	2.8074	4.0875	3.0000	3.9069	2.5850	3.1699
SYNTH0264	8.6330	9.6582	8.8234	9.5641	8.6366	8.9600	8.9687	8.9542	8.5887	7.1085	7.7211	9.3509	8.6147	8.7649	8.6689	8.8918
SYNTH0265	4.2479	6.0000	5.0444	5.4263	4.0875	4.8580	5.3219	3.7004	4.8074	4.1699	5.0000	5.1699	6.1898	4.8580	4.3219	5.6147
SYNTH0266	2.0000	2.3219	2.0000	1.5850	2.3219	0.0000	3.0000	2.0000	3.0000	3.5850	3.5850	1.5850	2.0000	3.0000	2.8074	2.3219
SYNTH0267	5.5546	5.4263	6.2095	7.0553	7.4094	6.2479	5.2095	6.0875	5.0875	4.5850	5.0875	4.8580	5.4919	4.0875	NA	4.7004
SYNTH0268	5.3576	4.6439	5.3219	3.5850	4.7549	4.3219	4.5236	5.3923	4.5850	4.7004	4.1699	4.9542	4.5236	4.3923	4.7004	4.7549
SYNTH0269	4.5236	5.0444	5.8329	4.4594	4.2479	5.8826	5.7279	5.1699	6.9425	6.4094	6.5236	5.6724	6.7814	6.6147	5.8329	6.9773
SYNTH0270	4.1699	6.7814	4.6439	5.1293	5.3923	6.3576	4.0000	5.8826	5.4263	6.2288	6.1699	3.7004	5.4919	4.3219	5.2854	5.8826
SYNTH0271	5.0000	5.1699	4.5236	5.1699	5.4919	6.1293	4.9069	4.0875	5.2854	5.9069	5.4919	5.0875	4.3923	5.4263	6.0000	4.8074
SYNTH0272	5.5850	4.2479	5.5850	5.4919	5.7279	4.4594	5.8329	4.3923	5.2854	4.4594	4.4594	4.4594	5.3576	4.6439	4.4594	3.4594
SYNTH0273	3.0000	4.3923	2.5850	3.1699	3.4594	5.1293	3.5850	4.0875	3.4594	3.8074	2.8074	3.7004	3.8074	3.4594	3.8074	3.4594
SYNTH0274	3.3219	3.0000	1.5850	3.1699	4.0000	3.7004	2.3219	3.1699	3.8074	4.7549	3.7004	3.5850	3.3219	2.0000	3.1699	3.4594
SYNTH0275	7.9658	7.3487	7.5469	7.7944	6.8455	8.8549	8.9454	8.4094	8.3399	7.5392	7.8948	6.4429	8.7879	8.1293	8.3794	7.9830
SYNTH0276	5.8329	7.0444	4.7549	6.8202	6.5392	7.4998	6.2854	6.5078	5.4263	7.4346	6.5546	7.2288	NA	4.9542	5.2479	5.7004
SYNTH0277	4.0875	5.2854	5.2095	5.9307	5.3219	3.9069	5.6439	4.3923	5.3923	4.0000	5.2095	4.9069	4.7004	5.1293	4.1699	4.0875
SYNTH0278	9.1898	7.9069	9.0715	7.0875	9.0928	8.5236	8.3837	7.7616	9.0389	8.4959	8.5038	8.7347	8.2761	7.6865	8.7748	7.4512
SYNTH0279	3.9069	4.5850	5.6439	4.1699	4.9542	5.4594	4.9542	5.3219	5.1699	4.7549	4.6439	4.0000	5.3923	4.2479	4.2479	4.0000
SYNTH0280	6.1497	7.3129	8.2384	7.2854	7.9715	7.7748	7.0553	7.3129	8.1241	7.9248	8.1849	7.7142	7.7074	9.0634	8.5392	8.8009
SYNTH0281	4.0875	4.1699	4.8074	5.0875	4.3923	3.1699	3.7004	4.8074	3.9069	2.8074	3.0000	3.7004	2.5850	2.8074	0.0000	3.8074
SYNTH0282	9.5584	9.3309	10.1662	10.3987	10.4848	9.1523	10.1383	10.0334	9.4574	8.8265	7.8887	7.1699	8.3531	8.1898	8.2761	8.3707
SYNTH0283	7.2095	7.9307	6.9658	7.5392	7.7074	6.9425	4.9069	6.6147	7.7482	7.3750	7.2946	7.4919	7.1189	7.5546	NA	6.3576
SYNTH0284	7.2095	6.9773	8.0661	6.4594	6.3219	6.0661	6.6294	6.4594	7.1293	6.6147	6.6147	7.0334	6.7549	7.3923	6.8202	6.6582
SYNTH0285	3.9069	3.0000	4.1699	2.0000	4.0875	2.8074	3.7004	3.7004	2.3219	2.8074	3.0000	3.3219	3.4594	4.3923	4.5236	3.5850
SYNTH0286	4.3923	4.6439	4.3923	3.4594	2.5850	4.3923	3.1699	4.3923	4.2479	4.2479	4.7004	4.2479	4.3923	5.1699	3.4594	4.0875
SYNTH0287	4.9542	5.3219	5.4594	5.2479	4.9069	4.8074	5.2479	4.9069	4.3923	3.9069	4.3923	4.8074	4.5850	4.5236	3.9069	NA
SYNTH0288	3.3219	2.8074	3.1699	3.9069	3.5850	2.5850	3.4594	3.7004	3.3219	3.5850	2.0000	2.5850	4.0875	2.0000	4.4594	2.0000
SYNTH0289	6.9307	7.4919	6.5999	5.8580	5.4263	5.7004	7.0875	5.8580	6.0875	5.9773	4.9542	7.1898	6.5999	6.5850	5.8329	7.0875
SYNTH0290	6.1699	4.4594	5.6439	5.1293	6.3750	6.3750	5.7004	6.7279	6.0000	6.2288	6.3219	5.0444	6.1293	5.6439	5.0444	5.7549
SYNTH0291	7.7074	6.8826	5.2854	7.4998	7.9189	6.7142	6.9658	5.8826	7.4757	6.8826	7.5078	7.8580	6.9069	8.3083	7.2854	7.8009
SYNTH0292	6.0875	5.3923	NA	6.8580	6.2095	6.3399	4.9542	4.8580	6.8455	6.0000	6.3219	5.8580	6.2095	5.6724	6.4757	6.0000
SYNTH0293	2.0000	4.1699	2.5850	4.0875	3.0000	2.0000	3.1699	3.7004	0.0000	3.0000	3.1699	0.0000	2.8074	2.5850	1.5850	3.8074
SYNTH0294	5.4263	6.4094	7.4594	7.1189	7.3487	7.0661	6.5392	6.7415	7.0553	7.4919	7.0224	7.1898	7.5392	6.3576	6.7004	7.2288
SYNTH0295	6.2095	6.5392	7.8202	7.1799	6.1497	7.7279	6.7549	7.6221	9.1111	8.6366	7.8642	8.0168	8.5584	8.4136	9.2216	9.0028
SYNTH0296	3.4594	3.5850	3.0000	3.4594	3.0000	3.1699	3.3219	3.5850	3.3219	3.4594	3.7004	2.8074	3.1699	3.1699	3.7004	4.3219
SYNTH0297	7.9600	7.7004	8.4594	8.1849	9.4798	9.0444	7.6795	7.6221	8.6865	8.3619	8.4676	8.2900	7.4179	8.1699	8.2715	8.7582
SYNTH0298	5.3923	6.3038	6.1497	6.3750	6.9542	6.9773	6.4094	5.8074	6.6865	5.6724	8.0768	6.9425	5.7549	4.9069	6.6147	4.9542
SYNTH0299	4.9069	6.0875	6.2668	6.0661	6.1699	6.5699	4.5236	5.7549	5.5236	6.0444	5.8074	5.4919	4.6439	5.9069	6.4757	6.1898
SYNTH0300	3.0000	4.0000	4.0875	3.8074	3.3219	4.2479	2.8074	3.3219	2.3219	4.5850	4.5850	3.5850	5.0875	3.4594	3.3219	3.5850
SYNTH0301	7.8948	NA	8.7211	8.1898	8.3750	8.4094	9.3015	8.6073	7.6724	8.2336	9.1799	7.8265	7.8009	8.0334	8.1497	8.6724
SYNTH0302	5.4919	5.3923	3.8074	5.3923	4.9069	6.1085	5.3576	4.2479	5.3923	5.0000	3.9069	3.7004	5.0875	4.3219	5.1699	4.4594
SYNTH0303	3.8074	3.9069	4.0000	3.1699	4.8074	4.6439	4.5850	5.1699	3.7004	4.9069	5.0875	4.5236	4.8074	4.5850	4.7549	4.5236
SYNTH0304	6.4757	6.3219	5.8826	5.7549	6.4594	5.5546	5.1699	5.7279	5.0000	5.5546	5.7549	4.7549	5.4594	4.5850	3.9069	5.0000
SYNTH0305	8.5275	8.7347	9.5196	8.2715	9.8234	7.1293	8.5962	7.2946	8.5430	NA	7.1699	7.8704	7.0000	7.9773	8.2288	8.3750
SYNTH0306	7.5469	7.8948	9.1573	8.9484	7.9248	8.8234	9.5943	9.8765	7.9307	8.4136	8.9600	6.8202	8.2479	8.6900	9.0140	7.2946
SYNTH0307	2.5850	3.4594	4.0875	3.1699	4.3219	3.4594	3.9069	4.1699	1.5850	3.3219	3.5850	2.3219	3.3219	3.3219	2.5850	3.3219
SYNTH0308	4.9542	6.0875	6.5236	4.5236	6.4757	5.8329	4.9542	5.8826	5.9773	4.7549	6.1497	5.3219	6.0875	6.2288	6.0661	5.2479
SYNTH0309	7.8074	8.9744	8.9944	8.0875	8.7944	9.4858	8.3129	6.9425	8.3880	8.6221	8.1189	8.5118	8.2808	7.8265	8.8580	7.6865
SYNTH0310	7.7482	7.4009	8.1849	8.2761	8.4594	8.2240	7.9944	7.8329	8.4305	8.7846	7.8329	7.6439	7.5699	6.9887	7.7682	8.1497
SYNTH0311	5.5546	4.7549	6.1898	5.7549	5.3219	4.6439	6.5850	6.3399	5.0444	4.1699	5.9542	6.2095	6.2288	6.4429	6.4094	5.5850
SYNTH0312	7.0334	7.5236	7.2574	7.8265	6.9542	7.0768	6.8455	8.3443	6.8455	5.5850	6.7549	6.7415	7.0334	7.3750	7.2574	5.6147
SYNTH0313	8.7004	7.7482	8.7944	6.9307	8.1699	7.3923	8.2046	8.4346	7.8329	8.9658	7.4919	8.8170	9.3554	7.8009	7.8580	8.4878
SYNTH0314	6.3038	6.4594	6.5078	5.6724	7.5850	6.4757	7.2668	6.0661	8.4635	8.8918	8.1898	7.8704	NA	7.4998	9.4200	7.7004
SYNTH0315	5.3576	4.1699	5.0444	3.8074	4.7004	4.5850	5.3219	4.0000	4.1699	5.0875	4.9069	5.3219	5.2095	3.7004	4.0875	4.3923
SYNTH0316	5.1293	5.5546	5.7814	5.2854	5.9542	5.6724	5.3923	4.8074	5.3923	5.2479	5.0875	5.5236	5.9773	5.4594	5.9773	5.0000
SYNTH0317	4.5850	5.1293	4.6439	4.4594	3.7004	4.2479	5.9542	5.2854	3.9069	2.8074	4.8074	4.3923	4.0875	5.0000	4.0000	4.7004
SYNTH0318	6.1085	5.6724	6.3399	5.1699	5.6147	5.9542	6.5078	5.7549	5.1699	4.3923	6.1293	5.2479	5.3219	6.4594	5.9773	5.6439
SYNTH0319	4.5236	1.0000	4.6439	3.9069	4.8580	2.8074	4.1699	3.0000	3.3219	3.9069	3.1699	4.3923	3.8074	3.4594	3.0000	4.4594
SYNTH0320	6.2479	4.0000	5.9542	6.7682	6.7549	4.4594	6.4594	7.6795	6.0444	6.8074	6.5236	5.9069	4.2479	6.3038	6.4919	6.0000
SYNTH0321	6.9307	8.3487	8.4878	6.8329	6.8455	7.8642	7.8074	8.6511	7.8642	7.0112	8.3576	8.3531	8.7781	8.8234	8.0607	7.1189
SYNTH0322	6.6865	6.9425	7.7549	6.4263	6.2095	7.0224	6.1699	7.7004	6.8826	7.3399	6.3923	7.5925	7.0444	5.8329	6.0000	5.7549
SYNTH0323	3.1699	3.1699	4.1699	4.3219	2.8074	4.3923	4.7004	3.1699	4.5236	4.4594	4.6439	3.7004	4.2479	4.5850	4.1699	4.2479
SYNTH0324	7.7142	7.3309	7.9425	6.7944	7.7211	7.6366	7.2192	7.8887	7.3487	8.6511	7.5850	6.9069	6.8704	8.3083	7.2192	7.4094
SYNTH0325	5.4919	5.7279	5.8826	5.1293	5.4594	5.3576	4.4594	3.9069	6.3038	5.0444	6.6582	4.7004	4.2479	5.8580	5.1293	5.2479
SYNTH0326	3.7004	4.2479	2.0000	4.6439	3.9069	3.8074	4.0000	3.7004	6.1898	6.0875	3.9069	4.6439	5.8826	5.5850	5.0875	5.2479
SYNTH0327	8.8704	8.8455	9.2900	8.6036	8.9484	7.9830	9.0279	9.2761	7.7074	8.9307	8.8455	7.3923	7.7415	8.0056	8.9484	7.8202
SYNTH0328	4.9069	6.1699	5.9307	4.9542	6.4919	5.1293	5.3576	5.3576	6.2288	6.2095	5.5850	5.8074	5.7004	6.0224	5.5546	5.2479
SYNTH0329	1.5850	1.5850	2.5850	2.5850	3.1699	2.0000	3.1699	2.8074	1.0000	2.0000	3.9069	1.5850	3.5850	3.7004	2.8074	3.4594
SYNTH0330	8.5314	8.8796	8.1898	7.5774	8.1189	7.9715	7.7814	7.8392	7.4346	8.1137	8.6257	8.5999	8.7177	8.1649	7.7347	8.3309
SYNTH0331	5.0444	4.5236	4.8580	3.1699	5.2854	4.8074	5.1293	5.4919	3.9069	5.1293	5.3576	4.5850	4.5236	4.9069	4.1699	5.5236
SYNTH0332	8.9887	9.6707	8.0715	9.0140	8.4798	9.0251	9.2550	9.2288	8.7582	8.9129	8.7846	8.5774	8.9773	8.4717	8.8765	8.5812
SYNTH0333	6.9307	6.9425	NA	6.5850	7.1293	7.2192	6.8329	6.7549	7.3837	7.1497	7.3663	7.4179	8.2668	6.5999	8.0168	7.0768
SYNTH0334	8.2854	9.1649	7.7879	9.8826	7.4676	9.5812	8.6760	9.1472	7.9189	7.5236	7.9069	8.0980	7.5774	7.4346	8.0389	5.8826
SYNTH0335	5.3923	3.4594	3.9069	4.6439	5.5546	5.0875	4.7004	4.9069	4.7004	5.6439	6.0661	4.9069	4.2479	3.7004	4.1699	5.4594
SYNTH0336	2.0000	2.0000	2.3219	2.3219	1.5850	2.5850	1.0000	2.0000	3.7004	3.8074	3.5850	3.7004	3.5850	2.3219	3.8074	2.5850
SYNTH0337	5.3923	5.5850	5.1699	6.2095	5.0875	5.2479	4.9069	4.6439	4.5850	6.6439	4.7004	5.1699	6.5546	5.3219	5.3923	4.7549
SYNTH0338	5.9773	6.3576	6.9425	6.6582	5.0875	5.4919	5.6439	6.2668	5.9773	5.4263	6.5999	5.8074	6.6724	6.7814	6.1085	7.4757
SYNTH0339	5.7004	4.7549	5.3219	5.1293	3.5850	4.5236	4.5236	4.5236	4.3219	5.4919	3.8074	4.5236	4.3219	4.1699	5.5546	3.4594
SYNTH0340	6.2854	6.1898	6.7549	4.4594	6.3219	7.0224	7.4919	7.0553	7.2761	7.5469	6.1085	7.7814	7.4009	5.2479	7.0553	5.2854
SYNTH0341	6.1497	5.3576	5.0875	5.6439	NA	6.1497	6.3923	6.4919	5.8074	6.3923	5.3923	5.9069	5.4594	5.5850	5.4594	6.1699
SYNTH0342	7.4009	8.2621	7.5699	7.8948	7.4429	6.5699	7.6582	7.3923	7.0444	5.9307	8.0056	7.2574	6.6439	7.6935	8.5774	6.9887
SYNTH0343	5.2095	4.2479	4.1699	4.2479	4.6439	5.7279	5.2479	5.0444	3.1699	4.0000	3.9069	4.0875	2.8074	3.5850	4.7549	3.4594
SYNTH0344	2.5850	4.6439	4.3219	4.8074	3.4594	2.3219	3.4594	3.4594	3.5850	2.8074	2.0000	4.0875	2.5850	3.1699	3.5850	4.3219
SYNTH0345	8.4717	7.3487	8.2095	8.8549	NA	8.6865	8.8202	NA	7.0768	9.4696	8.1293	8.2095	9.3576	8.4635	8.4009	9.4051
SYNTH0346	3.7004	3.5850	4.5236	3.3219	2.0000	4.0875	3.3219	4.4594	3.7004	4.2479	3.7004	2.5850	3.7004	3.4594	4.0875	3.5850
SYNTH0347	3.4594	4.3923	3.0000	4.5850	4.3219	4.8580	5.3576	4.4594	4.0000	4.5850	4.5236	5.0444	5.2479	4.5236	5.2095	4.8074
SYNTH0348	3.7004	4.0000	3.8074	4.3219	2.0000	3.5850	4.3923	4.3219	4.8074	5.5546	4.0000	4.9542	4.6439	5.9773	5.5850	5.0000
SYNTH0349	7.5078	7.5850	8.7381	7.0112	8.4263	7.8202	7.8455	8.5314	7.6439	NA	6.9542	8.3531	8.0389	7.9307	7.8826	7.6147
SYNTH0350	8.4346	8.9009	8.1599	8.0389	8.1948	8.2808	8.7211	7.3576	8.3923	8.7415	7.9248	8.4919	8.7649	8.2574	8.2240	8.7515
SYNTH0351	3.9069	3.5850	2.8074	3.5850	4.3923	3.0000	3.1699	2.0000	3.1699	3.8074	0.0000	3.0000	2.8074	3.5850	2.3219	2.5850
SYNTH0352	7.8392	8.1497	8.1799	7.4919	7.4094	6.7142	8.0928	7.4179	8.6184	7.6073	7.2761	6.8202	6.3399	7.3309	8.3309	6.8074
SYNTH0353	7.6366	9.0553	7.7748	8.4179	9.1548	8.2192	8.8138	8.6653	9.1724	8.6330	9.2738	9.4717	9.2574	8.2946	7.6653	8.8329
SYNTH0354	4.4594	4.0875	4.1699	2.8074	3.0000	3.4594	4.4594	3.5850	4.0875	3.5850	3.3219	4.8580	3.9069	3.0000	3.8074	4.0000
SYNTH0355	5.7004	5.3576	4.9542	4.9069	6.6582	6.4094	5.1699	6.8202	NA	6.6582	6.3399	6.5236	5.0000	5.6439	5.3219	5.5850
SYNTH0356	7.9129	6.4757	8.6760	7.7814	7.6294	8.7912	7.7879	7.9773	7.9129	8.6073	7.8455	8.4388	7.7549	7.2761	7.9715	7.6366
SYNTH0357	9.2808	9.4878	8.9248	8.4346	9.3576	8.4221	8.4094	7.7074	8.3174	8.1548	7.8642	9.1472	8.8486	8.0875	9.4409	7.5774
SYNTH0358	6.7415	7.7142	8.3750	7.8202	7.2854	7.3487	7.3576	7.3129	7.6724	8.0928	6.8826	7.9307	8.1997	6.0224	8.4878	7.1997
SYNTH0359	4.9069	6.7004	6.4919	6.3923	5.0444	5.9069	6.0000	6.2668	6.0875	5.0000	5.5236	5.5546	5.7814	6.0000	6.0661	6.5392
SYNTH0360	8.4221	8.4305	9.2240	9.2877	8.3129	8.7846	9.7125	9.2992	9.4325	9.4778	6.6294	7.4346	8.3619	8.2574	9.3242	9.0661
SYNTH0361	4.7004	4.7004	5.1293	5.1293	5.0875	5.0000	5.2095	3.9069	4.9069	3.9069	5.0000	4.6439	5.4919	4.1699	4.7549	4.1699
SYNTH0362	7.2854	7.1898	6.7004	6.9425	6.2854	4.9542	5.6439	8.1497	7.1599	5.9069	7.1997	7.0768	6.2479	5.6724	6.1699	6.2288
SYNTH0363	7.7347	7.6221	7.4594	7.8074	6.4919	7.9009	7.7944	7.4512	7.3837	7.0553	NA	8.2668	5.9542	NA	6.6147	7.1189
SYNTH0364	8.0715	8.3487	7.4757	7.9248	8.5314	7.6653	7.8517	8.1085	8.2668	6.7814	8.3038	8.4553	8.8826	7.9189	8.8549	8.3264
SYNTH0365	0.0000	2.3219	0.0000	2.0000	2.5850	3.0000	0.0000	1.5850	2.0000	2.0000	3.0000	2.5850	4.0000	2.0000	2.8074	3.4594
SYNTH0366	8.6618	8.8170	8.2761	8.0224	8.1948	8.4553	9.4778	8.2046	9.0901	7.6366	6.9773	9.5078	8.2046	9.4200	8.7616	9.5098
SYNTH0367	8.0498	7.5999	8.3083	7.2288	8.4136	8.5962	7.9009	7.3487	7.8455	7.1293	7.1293	8.3443	7.6582	8.4919	8.6830	8.0768
SYNTH0368	3.5850	3.0000	4.4594	3.8074	3.0000	4.0875	2.8074	4.4594	4.3923	4.3219	2.5850	4.4594	1.0000	3.7004	4.1699	4.4594
SYNTH0369	2.5850	3.1699	2.8074	3.1699	4.3923	4.0875	1.0000	3.9069	3.4594	3.1699	4.0000	4.0875	2.5850	3.1699	3.7004	2.0000
SYNTH0370	6.2854	5.8329	6.3923	5.1293	6.1898	6.7814	5.7279	5.5546	6.7944	5.6439	5.6724	6.2095	5.1699	5.6147	5.7814	7.1799
SYNTH0371	7.0661	8.4305	7.5774	7.2946	7.4919	7.4512	6.9887	7.3837	7.4429	6.8455	7.8009	7.0000	8.0553	7.3487	7.2854	7.3129
SYNTH0372	3.9069	3.4594	2.3219	2.8074	3.0000	5.0444	3.8074	4.5850	3.8074	3.1699	2.8074	2.5850	4.7004	3.8074	2.5850	3.3219
SYNTH0373	4.5850	4.5850	5.0000	4.0875	5.5236	4.7549	4.4594	4.3219	5.3923	1.0000	3.4594	5.5546	3.3219	4.8580	4.6439	4.8580
SYNTH0374	3.7004	3.3219	2.5850	3.1699	2.0000	3.5850	3.0000	2.3219	3.0000	3.9069	3.8074	2.5850	1.0000	3.0000	3.1699	2.0000
SYNTH0375	3.9069	5.9307	5.0444	5.1293	5.1293	NA	5.0444	5.5546	4.3923	4.1699	3.9069	5.0875	4.5850	5.3576	5.0875	4.4594
SYNTH0376	3.3219	3.5850	3.8074	4.3219	4.3219	4.3923	4.0000	4.3923	4.0000	3.7004	3.9069	4.0000	4.0875	4.0000	4.6439	3.8074
SYNTH0377	8.3309	7.2761	5.9307	7.3038	7.9307	7.4346	6.6147	7.6865	7.1189	6.4919	7.8887	7.1799	8.6653	6.8074	6.5546	7.7142
SYNTH0378	4.7004	5.5850	5.4919	5.0875	4.7004	4.8580	4.3923	4.3923	4.3923	2.3219	4.2479	3.7004	3.7004	3.4594	3.1699	0.0000
SYNTH0379	5.9069	4.5850	6.0661	6.0875	5.0444	5.4594	5.2095	6.4429	6.0875	5.3576	6.4429	4.9542	6.8826	5.9069	5.6439	6.5078
SYNTH0380	5.0444	5.3219	5.3219	5.6147	4.7004	4.0875	4.1699	5.0875	5.3923	6.3219	5.8074	5.3219	5.7279	5.5546	6.4429	5.1293
SYNTH0381	7.5236	6.0000	5.6724	6.7415	7.0980	6.5546	7.7415	7.0553	6.0000	6.0444	6.4757	7.1189	7.5314	6.7004	6.0661	6.8074
SYNTH0382	3.3219	3.1699	4.4594	3.7004	3.1699	4.1699	2.5850	3.9069	3.9069	2.8074	4.3923	3.8074	2.5850	2.0000	4.3219	3.5850
SYNTH0383	7.3309	6.4429	6.9542	6.5699	5.2854	6.3923	6.0661	6.7279	5.5850	7.2192	6.3576	6.1497	6.3923	5.6724	5.9307	6.0444
SYNTH0384	6.0444	7.6582	5.7549	5.8580	6.8580	5.4263	5.8329	6.6865	6.8826	6.9542	6.4594	5.6147	6.6439	6.3923	5.0875	7.2192
SYNTH0385	5.0444	4.9542	5.2854	5.9307	5.6724	4.6439	4.9069	5.4594	4.5236	4.4594	5.5546	5.1699	5.6439	4.9069	5.7004	5.1293
SYNTH0386	8.3129	7.0000	6.4919	7.8392	7.8009	6.7142	8.0224	8.3837	8.2046	8.2668	7.7211	7.5774	8.1085	8.4471	7.7279	7.3399
SYNTH0387	5.7549	4.4594	6.0000	6.1898	5.0444	6.2288	5.0000	5.4919	6.5699	6.7944	7.6147	6.9773	7.5078	6.6582	7.0553	7.1085
SYNTH0388	2.5850	3.9069	3.9069	3.0000	4.0875	3.0000	3.4594	2.5850	4.0000	4.1699	4.0000	4.3923	3.4594	1.5850	3.1699	3.4594
SYNTH0389	2.5850	2.0000	2.5850	3.7004	3.5850	2.5850	2.0000	2.0000	3.0000	4.8074	5.2479	4.0875	4.2479	4.9542	4.0875	4.7549
SYNTH0390	5.5236	5.5546	5.0000	6.7944	5.2854	6.1085	5.8580	6.9887	5.7279	5.4263	7.0875	6.2668	6.0444	5.8329	6.5236	5.5546
SYNTH0391	4.5850	6.4263	5.0444	5.4919	3.7004	3.0000	4.9069	4.9069	6.6147	5.7549	6.6294	7.1497	6.6147	7.0553	7.1189	7.0875
SYNTH0392	4.1699	4.3219	5.0875	5.1293	5.2095	5.6147	4.4594	4.7004	5.2854	5.4919	4.3923	4.8580	5.4919	5.1699	4.9542	5.3923
SYNTH0393	4.0000	3.0000	4.4594	3.0000	4.3923	4.5850	4.0875	4.5236	4.8074	3.9069	4.3923	5.0000	4.0875	5.0444	2.3219	4.8580
SYNTH0394	8.1749	6.6439	5.8329	7.1997	7.4512	8.3399	7.9189	6.8329	5.4919	7.2192	7.1293	6.8329	6.6582	7.8009	6.7814	7.2384
SYNTH0395	NA	7.2479	7.9129	7.4512	7.2192	6.9307	6.0444	6.6724	7.7482	6.8580	7.7482	7.4346	8.1649	7.6073	7.7347	6.9189
SYNTH0396	6.3750	6.6724	8.3399	8.0928	7.1497	7.7549	7.0444	8.5430	7.8074	7.6935	7.5157	7.2946	8.3794	8.6511	7.1599	6.5546
SYNTH0397	5.3923	5.5236	5.0444	5.1699	4.5236	5.9307	5.3219	3.5850	4.2479	5.0444	4.5850	4.6439	4.5236	3.1699	4.9069	4.5850
SYNTH0398	4.0000	4.3923	4.4594	2.8074	2.5850	3.8074	3.4594	2.5850	3.4594	3.9069	3.7004	4.9542	4.3923	4.4594	2.0000	4.1699
SYNTH0399	6.1085	6.0000	6.2668	5.5850	6.2288	4.6439	6.5546	5.9069	5.2854	5.8826	5.0875	5.9069	5.4263	6.0224	6.7549	5.8826
SYNTH0400	8.1085	8.6257	7.5469	7.9009	7.9129	7.8765	8.5038	8.6582	7.4009	8.5774	7.4512	9.0607	8.1085	7.5078	8.2095	8.4094
SYNTH0401	3.1699	4.2479	2.8074	3.7004	3.4594	4.1699	3.4594	3.8074	3.1699	3.3219	4.8074	2.0000	3.8074	4.2479	3.7004	2.5850
SYNTH0402	5.5850	3.4594	5.6147	5.5236	4.8074	4.3923	5.5546	5.0000	4.6439	5.2479	5.2854	4.2479	4.7549	3.3219	5.3219	4.3923
SYNTH0403	10.3197	9.0821	9.5177	9.7108	9.2216	9.3465	10.4242	10.0154	8.6475	7.9425	8.0112	8.6760	7.8765	6.8948	7.3923	9.3707
SYNTH0404	7.3399	6.5392	6.6439	6.8329	7.3399	5.9542	8.1085	7.9600	6.8202	6.9307	7.4919	6.6439	7.3923	6.7279	6.8580	7.2668
SYNTH0405	2.0000	3.8074	3.4594	3.0000	3.8074	3.0000	4.7004	2.8074	3.1699	2.5850	3.3219	1.5850	2.0000	2.5850	3.4594	3.9069
SYNTH0406	8.2336	8.0821	8.0224	8.2808	7.5699	9.2479	6.6865	8.4179	8.0112	7.7616	7.9542	6.9069	7.3750	7.6294	7.9944	7.8765
SYNTH0407	6.1898	6.0444	6.8948	6.1497	6.7549	5.5236	5.5546	7.1699	6.8826	6.0875	6.3576	6.8826	6.6582	6.7004	6.6294	6.4594
SYNTH0408	6.5699	6.8704	6.4594	6.1293	5.7814	6.9658	6.1898	6.1699	6.2479	6.4429	5.3923	6.0444	6.0000	4.7549	6.5850	7.4094
SYNTH0409	5.9773	5.9307	6.3038	7.1293	5.8074	6.9069	7.3837	7.7482	7.9248	6.7682	6.9307	6.5999	6.2479	7.3129	7.3399	7.5699
SYNTH0410	6.5236	5.9069	5.5546	4.2479	7.2479	6.7814	5.9069	6.6724	5.9069	NA	5.9069	5.7279	6.7004	6.8329	4.8074	6.9658
SYNTH0411	6.0444	5.7814	5.1293	5.3576	5.3219	4.8580	6.6582	4.0875	5.2854	4.0875	5.5546	4.5850	5.3923	6.2668	4.4594	2.0000
SYNTH0412	8.7313	9.6239	7.2854	7.8517	8.1948	9.4533	8.5392	9.0251	8.4009	8.7381	9.0901	8.5236	7.0444	8.7039	9.1215	7.4757
SYNTH0413	7.2479	6.0444	5.1293	6.4429	5.7549	5.7279	4.4594	6.6724	6.6147	5.2479	6.8826	4.7549	5.1699	6.8580	6.3923	6.9542
SYNTH0414	6.3750	5.6439	5.4594	6.4429	7.4512	5.9542	6.0000	6.2288	7.4676	6.7415	6.6865	7.0980	7.4838	5.5850	5.5546	7.0661
SYNTH0415	5.6147	4.2479	6.8329	5.5236	5.2479	6.1898	4.7549	6.2479	6.2288	4.8580	5.7279	5.8329	5.0444	6.1293	5.7814	5.9773
SYNTH0416	8.2336	7.3576	7.8765	8.5157	7.6147	7.3399	7.6865	8.0768	7.4263	8.4094	8.0875	7.7944	6.9069	6.9773	7.4838	8.0821
SYNTH0417	6.7142	7.0661	6.9307	6.0224	6.5078	6.5850	5.9069	5.8826	6.0224	7.2288	6.9658	5.7814	5.0444	6.8202	6.2479	5.7279
SYNTH0418	6.9069	5.8074	7.0224	7.0224	5.4263	5.7814	5.4919	6.8826	6.7682	6.8074	6.6582	6.4094	6.6582	5.7004	5.1699	6.5850
SYNTH0419	3.1699	1.5850	3.0000	3.4594	4.4594	3.1699	4.3923	0.0000	4.1699	2.8074	3.4594	3.4594	3.4594	3.5850	4.0875	3.0000
SYNTH0420	2.3219	4.4594	4.8580	4.5850	4.5236	2.0000	3.3219	4.0875	4.5850	1.5850	3.9069	3.0000	3.4594	4.0875	2.0000	3.3219
SYNTH0421	7.0000	7.5314	7.9484	7.1497	6.9189	7.4346	6.5699	8.1085	7.3663	6.7415	7.2095	5.8074	6.9307	6.0000	7.5314	6.1898
SYNTH0422	5.4263	6.7279	6.6724	7.1189	4.8580	6.8202	6.3923	5.7279	7.0553	6.3399	8.1241	7.3923	7.3923	8.0279	7.8948	7.6511
SYNTH0423	2.8074	3.0000	2.8074	3.7004	2.5850	2.3219	3.0000	2.0000	5.2479	3.3219	3.9069	3.8074	4.3219	2.0000	5.5236	4.8580
SYNTH0424	5.7004	8.3487	8.4553	7.9425	9.0634	7.9129	8.7142	7.9425	8.5622	7.4346	7.8455	9.2877	7.0875	7.8009	8.4798	7.8517
SYNTH0425	4.8580	2.5850	3.5850	5.3923	4.7004	5.1699	4.9542	4.9542	5.0000	NA	4.6439	3.1699	2.3219	3.8074	4.0000	3.8074
SYNTH0426	3.8074	4.0000	3.4594	3.8074	3.5850	0.0000	3.4594	3.7004	3.7004	1.5850	3.3219	4.1699	3.5850	3.9069	4.2479	4.3219
SYNTH0427	7.3219	7.9189	8.2143	7.9129	7.6439	8.4009	7.6511	7.4757	7.7347	8.4429	5.9773	7.5699	8.0661	7.5622	7.6653	7.6865
SYNTH0428	8.1241	6.3923	7.3576	7.5392	6.3038	7.2668	7.5850	6.4757	7.1085	NA	7.3837	6.8704	6.2854	6.3923	6.5999	7.0980
SYNTH0429	6.3750	7.1799	6.3038	6.3038	6.8580	6.1898	7.4757	5.4919	6.6439	6.5999	6.5999	6.5999	6.4757	6.7004	6.5236	6.5078
SYNTH0430	4.8074	5.0000	4.1699	3.1699	5.3219	5.0875	4.8580	4.9069	3.1699	5.0000	5.2479	4.7549	4.0875	4.7004	4.3219	4.9542
SYNTH0431	4.0875	4.0875	5.1699	3.0000	3.5850	3.8074	5.0000	4.5850	4.6439	5.6439	6.2854	4.3219	5.4263	4.7549	5.9069	5.0000
SYNTH0432	7.9069	6.9189	7.6294	7.1293	6.0661	7.2095	NA	6.9773	7.9600	7.7616	7.3399	8.6830	7.9542	8.3038	7.0112	7.8580
SYNTH0433	4.0000	5.2854	2.3219	4.4594	3.9069	2.5850	4.4594	4.0000	5.0875	6.6582	5.9542	5.5850	5.9773	4.5850	5.1293	NA
SYNTH0434	5.9069	5.4594	5.6439	5.4594	5.0875	5.5850	3.8074	4.8074	4.7549	6.0661	NA	5.0000	5.7549	4.0875	5.6724	5.3219
SYNTH0435	3.0000	1.0000	2.3219	2.5850	2.5850	3.4594	3.8074	3.1699	3.1699	2.5850	2.8074	3.0000	2.5850	3.1699	2.3219	3.3219
SYNTH0436	6.0661	6.4263	4.5850	4.8074	5.9542	5.2854	3.5850	4.7004	5.9773	5.4263	5.4263	6.0661	5.8329	5.2479	6.6439	5.1293
SYNTH0437	4.1699	4.3219	2.8074	3.3219	4.0875	4.2479	3.5850	3.1699	4.1699	4.5850	3.4594	3.8074	3.4594	3.5850	3.5850	3.3219
SYNTH0438	9.0607	8.9009	8.6653	8.9915	9.4284	9.1849	9.7830	9.7616	8.4757	9.0417	8.3354	8.6402	7.8517	7.2946	8.4676	8.1293
SYNTH0439	7.2854	7.4838	6.6582	NA	6.8455	7.3663	7.3576	6.9542	7.8329	6.8580	7.1396	6.7279	6.9887	7.1396	6.8329	7.2668
SYNTH0440	3.8074	4.7549	4.5850	4.0875	3.1699	4.2479	3.4594	4.5236	5.5546	5.3576	4.6439	5.5236	5.0000	5.4919	4.0875	5.3576
SYNTH0441	8.0715	8.3264	8.6795	8.0821	7.8580	7.5699	7.7879	8.9039	7.9484	7.4676	8.4051	8.6760	8.2384	7.3038	6.1898	7.9887
SYNTH0442	5.6439	5.2479	4.9542	5.4594	5.3219	5.1699	4.3923	4.0000	5.0000	5.0875	5.2854	5.6439	5.4919	5.2095	4.5850	5.9773
SYNTH0443	8.7039	8.5038	8.4717	9.2877	9.3772	9.0140	9.2384	8.8361	7.5622	7.1497	7.4094	8.0056	6.6865	8.1548	8.0112	7.6511
SYNTH0444	4.6439	4.9069	5.5850	4.8074	5.2854	5.6439	4.7004	5.3923	3.9069	3.3219	4.6439	4.7004	3.4594	4.2479	4.0000	3.9069
SYNTH0445	4.6439	3.3219	4.9542	4.9069	4.7004	4.6439	5.0000	4.9069	3.8074	4.9542	4.3923	5.2854	5.4263	4.5236	4.4594	4.4594
SYNTH0446	8.7448	8.4221	9.1724	9.7039	8.3309	8.8234	7.8392	9.6239	7.5999	7.6511	7.4179	9.0028	6.8074	9.4094	8.5392	7.9830
SYNTH0447	8.6147	8.6294	9.2192	8.9039	8.5392	8.1799	7.1396	7.5546	9.1111	9.8611	8.8704	8.3174	8.6110	7.1898	NA	8.8106
SYNTH0448	4.2479	4.7004	4.5850	3.4594	3.5850	4.3219	4.1699	3.7004	NA	4.8580	4.9069	6.2479	4.5850	5.7549	5.3576	5.7279
SYNTH0449	7.2668	5.7814	7.0000	8.1997	7.9425	7.8704	7.1085	6.7004	7.9658	7.9830	8.4094	7.0444	7.2761	7.2668	6.5078	7.9887
SYNTH0450	5.7814	6.0000	6.3923	6.1085	5.3219	4.9542	6.7279	5.1699	6.1898	6.2288	6.1085	6.0875	5.4919	5.3576	5.2854	5.3923
SYNTH0451	4.8580	5.8329	4.0875	6.0661	5.7279	5.3219	6.1699	5.8826	3.1699	3.3219	4.9542	4.8580	5.0444	4.7549	4.3923	4.4594
SYNTH0452	5.8826	4.7004	5.4919	6.8074	4.0875	4.3219	5.3576	4.3923	5.3219	4.3219	5.0000	5.6724	5.8580	4.7004	5.8580	4.7004
SYNTH0453	5.7549	5.5850	5.7814	3.5850	4.9542	5.5546	5.1699	3.7004	6.9307	5.6147	7.3487	6.7682	6.6147	6.2668	7.2479	6.9887
SYNTH0454	3.0000	3.8074	2.8074	2.5850	2.8074	3.1699	2.5850	3.0000	2.5850	2.3219	2.3219	3.4594	3.4594	3.0000	3.4594	3.5850
SYNTH0455	9.0928	8.2808	8.1948	8.4009	7.9715	7.8765	8.3399	6.3576	8.8041	8.8611	7.8704	8.3083	7.3129	8.3038	8.0553	7.6795
SYNTH0456	5.0444	4.7004	6.2668	5.2854	7.0875	5.3923	5.7004	5.7004	5.4263	5.0875	4.1699	5.2479	6.5546	5.8580	6.0875	5.4263
SYNTH0457	3.5850	3.4594	2.3219	3.0000	3.5850	2.5850	3.0000	4.3219	3.0000	4.4594	4.2479	0.0000	3.0000	3.4594	4.0875	3.7004
SYNTH0458	6.0661	5.3219	4.5850	5.7549	5.6724	5.6147	5.4263	5.6724	4.5236	4.9542	5.2479	4.9069	5.4263	4.9542	5.9307	4.1699
SYNTH0459	6.0875	6.7415	5.4594	5.8329	5.6439	5.2095	5.1699	6.7944	5.5850	5.5850	4.8580	6.1293	5.5546	5.9773	6.5392	6.0661
SYNTH0460	6.1898	5.8826	6.4263	6.2095	6.7279	6.8455	6.5999	6.5850	7.3399	8.2946	7.8009	6.8580	8.2992	7.9248	7.5774	7.1189
SYNTH0461	7.1599	6.7814	8.1997	7.1497	6.9542	6.3219	5.6439	6.1699	7.5699	6.6294	6.3750	7.8138	6.3576	6.6294	6.9887	7.5699
SYNTH0462	6.0661	6.7549	6.7004	5.7004	5.6439	5.4919	5.4919	6.6582	6.4594	6.8580	6.3038	6.4757	5.5850	5.4263	5.6439	6.5392
SYNTH0463	3.3219	3.0000	2.8074	2.0000	3.5850	2.5850	3.1699	3.1699	4.0000	4.1699	3.5850	3.4594	4.0000	3.3219	3.3219	3.3219
SYNTH0464	5.4594	5.9069	4.9542	6.1699	4.5236	5.1699	6.9069	4.4594	5.3923	5.4919	5.5850	5.8329	5.4594	6.1898	5.9542	5.0000
SYNTH0465	5.4919	5.9773	6.5999	5.8580	NA	5.4919	6.4429	6.6582	5.7549	6.1699	5.8074	6.5392	5.9069	6.0000	5.1293	6.1898
SYNTH0466	6.4429	5.0875	5.9307	5.4263	6.3399	5.0444	6.3219	5.4263	4.6439	3.3219	5.7814	5.8074	5.5546	6.3923	5.1293	6.0000
SYNTH0467	4.7004	2.5850	2.3219	4.0000	4.0875	3.0000	3.5850	4.0000	4.1699	2.5850	3.0000	4.7549	3.8074	3.4594	3.3219	0.0000
SYNTH0468	5.1699	4.6439	4.4594	5.2095	4.8580	6.1085	5.3219	3.7004	4.9542	5.6724	6.2095	5.6724	5.6147	4.1699	5.6439	5.2479
SYNTH0469	6.4594	6.4263	6.1293	5.1293	7.0553	5.6439	5.9069	5.5546	6.0444	5.6724	6.2668	6.2854	6.2479	6.4757	5.3219	5.2479
SYNTH0470	4.5236	NA	4.0000	4.7004	3.5850	5.0000	4.0875	4.3219	3.9069	4.5850	5.0444	3.7004	4.1699	4.7549	4.7004	5.1699
SYNTH0471	4.5236	4.3219	3.9069	2.8074	2.8074	3.4594	3.4594	4.4594	4.3219	4.1699	4.0000	3.0000	5.2479	4.3219	4.4594	4.0000
SYNTH0472	6.4757	6.7814	5.8074	7.1898	7.0000	6.7004	7.3129	7.8704	6.2095	7.0444	7.4757	7.4094	6.4594	6.7549	6.7814	7.1189
SYNTH0473	6.7682	7.3923	7.5774	6.9542	6.8329	5.4919	7.8948	7.3219	8.9687	8.3399	7.3837	7.1997	8.0000	8.2336	7.9600	7.0768
SYNTH0474	7.0444	6.8329	6.6865	6.7142	7.2095	NA	7.8329	6.8455	6.2479	5.4263	4.2479	5.6724	6.5236	5.5236	5.4919	4.7004
SYNTH0475	7.7549	7.3663	8.5038	7.7004	7.4512	7.5469	7.3837	8.2240	8.2946	7.4512	6.9425	8.8796	7.8517	7.9009	7.8392	8.3619
SYNTH0476	3.3219	3.7004	3.3219	3.7004	4.3219	3.8074	3.1699	3.4594	4.5850	3.3219	2.8074	4.0875	1.5850	3.7004	2.5850	2.5850
SYNTH0477	7.3837	7.5699	7.8704	7.4179	6.7944	7.4512	7.2384	6.9425	6.5999	6.5546	7.4009	6.6147	6.0000	7.9189	7.1997	6.5392
SYNTH0478	8.4798	7.3487	8.3399	8.5196	7.2192	8.8978	8.3309	8.5736	7.7142	8.4512	7.2192	8.7313	7.5699	8.5622	7.8580	7.7347
SYNTH0479	3.0000	5.1699	4.3219	3.1699	4.1699	2.8074	3.4594	5.3923	4.7004	4.2479	4.2479	3.3219	5.0444	4.2479	4.1699	4.9542
SYNTH0480	4.1699	4.3219	4.3923	5.4263	4.5850	4.5850	4.9069	5.5236	4.3923	5.1293	5.4263	5.3219	3.7004	5.1699	4.7004	4.8074
SYNTH0481	3.8074	4.7549	4.5236	4.4594	3.5850	4.3219	5.2095	3.7004	4.2479	4.7004	2.8074	4.8074	5.2479	4.1699	4.0000	3.5850
SYNTH0482	2.8074	5.5236	5.0000	5.5236	5.3576	5.1293	5.9307	5.0444	5.1293	4.6439	4.8580	5.5236	5.2479	4.7004	5.0444	5.3923
SYNTH0483	8.2527	8.0768	8.8329	9.6165	8.3219	9.2854	8.9099	9.1137	8.3966	9.0848	8.0661	9.3083	8.8765	8.1649	8.8734	9.3083
SYNTH0484	2.3219	4.0000	4.7004	3.7004	2.8074	2.0000	4.0000	4.3923	4.0000	4.3219	4.1699	4.7004	3.8074	4.2479	3.7004	4.6439
SYNTH0485	8.8424	8.8887	9.1267	7.2479	7.7748	8.7649	8.8202	7.3309	9.5157	9.0688	9.0901	8.2854	8.3309	7.6147	8.9887	8.7448
SYNTH0486	6.3923	6.3399	5.3923	6.0444	6.2668	6.4594	7.2668	5.0875	5.3219	5.5236	5.8826	5.4594	4.9069	5.4263	4.3219	5.1699
SYNTH0487	2.5850	3.3219	3.1699	3.4594	0.0000	2.3219	3.1699	3.4594	3.5850	3.1699	2.0000	3.1699	3.8074	3.3219	3.3219	1.0000
SYNTH0488	5.6439	6.4594	4.5850	5.3923	5.7814	6.8826	5.8826	6.0661	6.7415	5.9307	NA	5.9307	5.9307	5.4919	6.0875	6.6147
SYNTH0489	4.5236	5.1699	3.7004	4.5236	4.5236	4.9542	4.4594	4.3219	4.8580	4.5236	5.0875	4.8074	3.4594	4.3923	3.9069	3.5850
SYNTH0490	0.0000	2.8074	4.5850	3.3219	3.1699	3.0000	3.1699	4.0000	4.5850	3.8074	4.0875	4.3219	4.8074	3.8074	2.3219	4.2479
SYNTH0491	3.3219	3.7004	4.0000	3.1699	3.3219	3.0000	3.0000	4.0000	3.5850	3.8074	4.1699	5.1293	3.4594	4.0875	3.4594	3.1699
SYNTH0492	3.7004	4.3219	3.8074	2.8074	5.0875	4.1699	3.1699	3.4594	4.0000	3.4594	3.8074	3.8074	3.3219	4.3923	4.7549	3.5850
SYNTH0493	6.1293	6.7682	6.7814	7.5314	7.7142	6.7549	6.4757	7.0553	6.5699	7.6511	7.2854	6.6147	6.6724	7.1293	6.1699	7.6147
SYNTH0494	4.9069	5.2854	6.6865	7.0334	6.8329	5.9307	5.8074	5.4263	6.1898	5.0444	6.7004	6.0000	5.7279	5.0000	5.9307	5.0444
SYNTH0495	7.6724	7.7142	6.9425	6.3399	7.4757	7.4594	7.3576	7.1799	7.5392	7.5999	6.9658	7.9248	7.7814	8.4263	6.9773	6.9887
SYNTH0496	7.4676	7.5314	8.4471	8.3309	8.2761	8.4346	9.2167	8.8106	8.7074	8.8765	8.9099	7.5392	7.5469	6.5546	8.7781	7.9248
SYNTH0497	7.2384	6.5392	7.4009	6.9542	6.9773	6.1293	7.9129	6.8826	6.6582	6.3399	5.8074	5.4594	6.2854	5.9773	5.5546	6.5546
SYNTH0498	8.8611	8.9744	8.4305	8.6724	8.8642	8.4757	7.3663	8.0056	9.2021	8.9744	8.2143	8.2668	8.8857	8.4998	9.3923	7.4676
SYNTH0499	8.4635	8.9425	8.4179	8.8734	8.9396	7.6366	8.6294	8.3354	7.3837	8.3663	9.1624	7.8704	8.0980	NA	8.3083	7.8455
