GeneSymbol	studyB_case01	studyB_case02	studyB_case03	studyB_case04	studyB_case05	studyB_case06	studyB_ctrl01	studyB_ctrl02	studyB_ctrl03	studyB_ctrl04	studyB_ctrl05	studyB_ctrl06	studyB_ctrl07
UBB	5.5236	6.2288	6.2854	6.0224	5.6147	5.4594	6.6865	5.2095	4.5850	5.6724	6.4429	5.1293	5.2095
ATP5F1A	8.1849	9.3264	8.5850	8.4263	8.0389	8.9944	7.1699	8.1085	8.0112	7.8074	8.9915	9.2691	8.9425
PRKACA	4.4594	4.7004	4.2479	4.6439	5.1293	3.5850	4.0875	5.0444	4.7004	4.6439	4.3219	3.3219	4.5850
PRKACB	6.1898	5.6147	4.2479	4.9542	4.9542	5.5850	5.1699	5.0000	5.4263	4.8580	4.0000	5.3219	4.0875
PSMD14	7.5999	7.9887	8.1293	7.9069	7.1189	7.9887	7.3219	8.5887	7.4594	6.8948	8.0980	7.5850	7.7074
UQCRC2	7.9248	7.5392	7.9658	7.1799	8.0553	8.1396	7.5314	7.6724	7.5157	8.0553	8.0056	8.0553	7.0224
CDC42	4.7549	4.8074	3.8074	5.4594	6.2095	4.3219	5.3576	4.4594	5.0875	4.5850	5.2095	4.3219	5.9069
NDUFS4	5.2854	7.1599	6.8329	6.9189	6.8826	7.0875	6.0875	6.9307	6.9069	7.8392	6.4919	6.3576	6.1699
SDHB	7.9887	9.0553	8.8170	9.2046	9.0334	10.1573	8.2621	9.7074	9.5774	8.4346	8.3083	8.8297	8.1396
NDUFB5	7.2384	7.3576	6.3576	7.3129	7.1799	6.7682	7.4676	7.0661	6.5999	6.4094	6.5236	6.5546	6.5850
NDUFV1	8.1699	8.7142	6.6724	7.7142	8.6330	6.4594	8.7381	8.3880	7.6511	9.1447	8.4471	8.2668	8.7582
SNAP25	8.5314	8.8978	8.6582	9.2408	8.9773	8.7211	9.7039	9.7928	8.1033	9.6618	9.2167	8.5118	9.6073
PDHB	7.3837	6.8580	5.9542	8.3576	8.0056	7.8138	7.2854	6.2095	8.0928	7.4009	7.2946	6.9658	6.7142
COX4I1	4.6439	4.2479	3.9069	3.3219	4.2479	3.8074	4.0875	4.3219	4.0000	2.8074	4.3923	1.0000	3.7004
GRB2	5.0875	5.0444	5.8580	5.3219	5.4594	3.7004	4.2479	3.7004	5.6147	4.7549	5.3576	3.7004	4.8074
HDAC1	7.6294	7.5236	8.1396	6.9542	7.4838	7.0875	6.7415	7.6724	7.8765	8.3083	7.1599	7.7347	7.1699
CREBBP	5.8074	5.6439	6.4594	6.1898	4.0875	4.6439	5.2479	6.4757	5.9069	6.0224	5.9307	5.1699	4.9069
NFKB1	4.3219	4.2479	3.4594	4.2479	3.1699	3.9069	3.4594	3.7004	4.5850	2.5850	3.9069	3.0000	4.8074
KAT2B	6.9658	5.6147	7.0875	6.2668	5.7004	6.7004	6.0000	6.4094	4.9542	5.5546	5.9773	6.2854	6.9307
SP1	6.3576	7.5774	6.6294	6.7549	7.1599	6.9189	7.7682	6.7415	8.2668	7.9248	8.0607	7.6147	8.2095
IKBKB	7.5546	7.1898	6.7549	7.6366	NA	8.0112	7.9248	7.4998	6.7142	7.3038	7.5774	7.0875	8.2574
ITGB5	9.0362	9.5078	8.6257	8.8796	8.3174	8.7715	8.8486	8.3966	8.4136	7.7482	8.8642	8.8361	8.9744
ITGB8	8.8361	8.7482	9.8345	6.5392	8.8704	9.4757	9.8611	9.3376	9.9944	8.6618	9.8041	8.5353	9.0634
YY1	4.0000	4.7549	4.5236	4.3923	5.5546	4.0000	4.7004	4.2479	3.8074	4.1699	5.2095	5.0000	3.4594
HDAC4	7.7616	7.2288	8.1749	8.0607	8.1599	6.5699	8.0389	7.6865	8.2384	8.3354	7.9307	7.2761	7.2288
GSN	6.8329	7.1396	7.7004	6.4594	7.0000	6.1898	7.6582	5.7814	7.7879	6.8826	6.9887	6.1699	7.3129
ITGA6	4.9069	5.0000	3.7004	4.7549	5.0000	3.5850	3.0000	3.9069	2.8074	3.1699	3.9069	3.9069	3.9069
YAP1	6.5850	7.9944	6.4263	6.8704	6.9773	7.0112	7.0334	6.7004	7.2668	7.1189	6.6582	5.8580	5.8826
FLNB	6.2288	6.9425	7.7004	6.2668	7.3837	7.2095	8.1849	8.6546	8.2668	6.2095	7.5469	8.4179	7.9129
EZR	4.0000	4.0875	4.5236	4.4594	3.7004	NA	4.6439	4.2479	4.5236	4.3219	3.5850	4.0000	3.4594
APP	5.4919	6.4094	4.4594	6.5236	4.9069	6.0000	5.9069	5.9069	5.6724	6.8704	6.5078	5.2854	5.3576
MAPT	8.1749	8.2668	7.7944	8.8041	8.2946	7.9009	7.9715	7.7004	7.8948	7.7211	8.6935	7.3219	8.0112
PSEN1	4.6439	4.7004	3.4594	3.8074	4.3923	4.5236	5.4919	4.8580	4.0875	3.5850	4.7549	4.3923	3.5850
PSEN2	7.7347	7.9715	7.5699	8.1948	7.9069	8.2854	7.4009	7.7004	7.1497	7.3219	7.3399	7.4009	7.4594
ACTB	9.7448	9.1898	7.7616	8.8265	7.2574	8.8424	8.6511	8.3264	8.7879	9.2384	8.7582	8.7682	8.7649
GAPDH	5.0000	4.6439	5.3923	3.5850	3.7004	4.3923	4.4594	5.2095	4.5850	3.9069	4.4594	3.7004	4.5236
TUBB	4.3219	4.0875	4.3219	4.6439	3.4594	3.1699	5.0000	4.1699	4.0875	5.1293	3.7004	4.2479	2.5850
SDHA	5.0000	4.7549	4.9069	3.5850	5.4919	5.9069	3.1699	6.1293	5.2854	5.2095	5.8329	5.5236	5.3576
CALM1	4.7549	4.3923	2.5850	3.4594	4.3923	3.4594	4.1699	3.4594	4.4594	4.9542	3.4594	3.9069	4.3219
CALM2	5.4263	6.7004	4.9542	6.7944	6.0224	7.5469	7.1699	6.5699	5.7814	6.3038	5.6147	6.8948	6.6147
CALM3	4.7549	4.5236	5.0000	5.8074	4.1699	4.2479	4.9542	5.2479	5.0875	4.8074	3.3219	4.6439	4.2479
ATP1A1	6.2288	6.7004	6.1085	6.5078	6.2854	5.8329	4.5236	4.9069	5.3576	5.8580	5.0444	5.3923	5.0000
ATP1A2	7.7616	8.6294	7.8202	8.2192	7.8826	9.5177	7.0768	7.3219	8.8611	9.3083	7.4346	7.7415	8.6110
ATP1A3	6.3219	6.4757	6.2854	7.2946	6.3219	7.2095	7.4179	5.8329	6.8455	5.9542	7.8887	6.2854	7.1997
ATP2B1	5.4919	3.9069	5.3219	5.6724	4.3923	4.0875	4.5236	5.4263	3.5850	4.4594	4.9542	4.6439	5.0000
ATP2B2	4.5236	5.0875	1.5850	4.6439	4.8580	3.8074	5.6439	2.8074	4.0000	5.2095	4.5236	3.9069	4.3219
SYN1	8.6724	9.6165	7.6935	8.2046	7.7748	8.7515	8.3880	8.6970	8.3038	8.5353	8.7616	7.9069	7.8009
SYN2	3.5850	3.5850	4.0000	2.3219	3.3219	3.8074	4.2479	4.1699	3.8074	4.0000	2.5850	4.0875	3.5850
SYP	5.5236	4.9069	5.6439	4.2479	5.3923	3.8074	4.7004	4.0875	4.4594	5.2854	5.4919	5.1699	5.2479
SYT1	8.5157	9.7022	8.3264	8.5196	7.7142	8.3083	8.9972	8.3354	9.0389	8.3038	8.3531	7.2946	9.7649
NEFL	6.7415	7.4263	7.8455	6.7549	6.0444	7.0661	7.2668	6.8202	6.6724	7.0980	6.8704	7.4429	7.8138
NEFM	8.7313	8.0553	8.1033	9.1241	8.6110	8.1189	7.6653	7.1799	8.9337	8.7582	8.1948	9.1189	9.1849
NEFH	6.8455	7.4346	7.0444	5.0875	6.5078	5.8580	6.5236	7.4594	5.4263	6.8580	7.2574	6.9069	6.2854
GFAP	4.2479	3.9069	2.8074	3.4594	5.0444	5.0000	3.0000	4.5236	3.9069	5.2095	3.8074	3.9069	3.5850
AIF1	4.7549	4.4594	4.3219	1.5850	3.4594	3.0000	3.3219	4.7549	3.0000	4.7004	3.7004	4.7004	3.7004
CD68	5.8074	5.0000	4.8580	5.0000	4.8074	5.1293	4.0875	5.7549	5.2854	4.8580	5.6724	5.8074	4.7549
TNF	5.3219	5.9773	6.5236	5.7004	5.8329	6.8455	6.7944	6.8948	7.5078	7.1293	7.2668	6.5546	5.9307
IL1B	9.7056	10.0728	9.4919	8.1497	8.8580	9.4615	8.2854	8.2854	8.9366	8.6582	9.5038	8.2479	8.3354
IL6	NA	9.7515	9.7465	9.5999	9.6689	9.4594	9.5603	9.7781	9.1624	9.0875	8.4429	9.4030	8.3443
CXCL8	8.6795	8.7142	7.9307	8.4388	8.6935	9.1396	9.1874	8.9069	8.2527	8.2761	8.5812	9.5118	7.9484
CCL2	9.7432	9.7977	9.0901	10.0182	9.4325	9.9513	10.2574	9.2691	9.8857	8.4471	9.8074	10.0835	9.7748
NFKBIA	11.0761	9.5255	8.9039	10.0875	10.2420	11.0566	8.4221	9.4009	10.1344	9.4094	9.7781	8.8734	9.0928
RELA	5.3576	6.1898	5.0875	4.5236	5.6147	5.2854	3.4594	3.9069	4.7004	3.9069	4.0875	3.1699	4.9069
TP53	7.8948	7.7616	7.1898	7.6294	8.2192	7.7279	7.4757	8.4512	6.9773	6.3576	8.3487	6.5850	7.7211
MDM2	4.2479	4.3923	3.8074	3.7004	NA	1.5850	3.0000	3.4594	4.0000	3.9069	NA	3.7004	4.8074
CDKN1A	7.1699	7.0553	6.7682	6.0661	7.1189	7.0661	5.9542	5.2095	6.6147	5.9542	5.5236	4.4594	5.4919
BAX	7.1699	7.3750	7.7415	8.4798	8.4959	7.6439	7.7944	8.9009	7.5469	6.6724	7.8642	7.9887	6.3038
BCL2	7.2095	6.6439	7.1293	NA	NA	6.7279	7.0000	7.2479	6.2668	7.7616	7.2761	7.5469	6.9307
CASP3	3.5850	4.8580	3.8074	2.0000	4.1699	4.4594	3.3219	3.8074	3.4594	3.0000	3.1699	3.7004	NA
CASP9	6.1898	4.2479	4.3923	4.3923	6.2288	4.3923	5.5546	4.5850	4.9069	3.7004	4.9542	5.2095	4.0000
PARP1	5.5236	6.1898	5.4594	6.1293	5.6724	5.8826	6.0224	6.5850	5.6439	6.9425	5.9542	5.5546	4.7004
ATM	3.3219	4.1699	4.8580	4.1699	4.3923	4.0875	4.8580	4.5236	4.8580	5.3219	4.3923	4.5850	3.7004
ATR	9.0954	10.4378	9.5981	7.9009	9.5831	8.7912	7.6221	8.2900	8.2288	8.0112	8.5584	8.5118	8.4878
BRCA1	2.0000	3.0000	3.9069	2.0000	3.7004	3.0000	4.0000	3.9069	2.8074	3.7004	4.2479	4.4594	4.5850
BRCA2	7.9658	8.1997	7.8765	8.0224	7.1189	7.5314	7.4094	6.0661	7.3576	6.2668	7.1599	6.3576	7.0000
RAD51	6.1699	6.8202	7.2668	7.4757	7.4009	7.0224	5.3576	4.5236	5.6439	5.9773	4.5850	5.0000	5.3923
XRCC1	6.8455	6.5392	6.1085	6.3576	5.8329	7.2192	7.0768	6.3038	5.1293	5.4263	5.2854	7.1085	5.5236
ERCC1	2.8074	3.0000	3.4594	4.1699	3.5850	3.0000	4.5850	4.3923	4.3219	4.5236	4.1699	5.9542	4.3219
MKI67	6.2854	6.7814	6.0444	6.2288	5.2854	6.4429	7.2095	6.2095	7.2384	7.6366	7.0553	6.4094	6.8704
PCNA	8.5118	9.0980	8.8455	9.7432	8.8009	6.7142	8.2432	9.2644	9.2668	8.9773	9.1472	8.3399	9.6036
CCND1	5.1293	6.6865	5.9307	5.5850	6.1898	5.7004	NA	5.0444	6.1293	4.1699	5.7004	4.2479	3.8074
CCNE1	9.3287	9.9958	9.6036	9.1699	8.8234	9.8948	8.9366	10.1874	9.2854	9.0417	9.1674	9.0901	9.7313
CDK2	7.7482	9.0848	8.8948	9.4939	9.3197	9.5411	9.0307	9.9322	9.1849	9.3772	9.3531	8.9009	8.3750
CDK4	5.9307	NA	4.9542	5.0444	5.5546	5.3219	3.0000	5.3576	3.8074	3.7004	5.7814	5.1293	5.3219
CDK6	3.1699	3.1699	3.0000	3.8074	3.5850	3.4594	3.3219	3.4594	2.3219	1.0000	3.8074	3.5850	3.9069
RB1	9.3772	9.2408	8.1749	8.0928	8.4717	9.3597	9.0768	8.6475	NA	8.6511	8.4594	8.3399	9.2738
E2F1	1.0000	2.8074	2.8074	3.8074	1.0000	0.0000	4.5850	3.1699	3.7004	3.9069	4.5236	3.0000	3.1699
MYC	7.6935	7.4998	7.2668	6.9189	7.0980	6.3038	6.5999	6.3750	6.8202	7.0875	7.6511	7.0875	5.8826
MAX	5.6147	6.2288	6.0000	7.0553	6.7944	7.2479	6.1898	5.6147	5.8580	5.5236	5.9307	6.6582	3.9069
JUN	5.8580	4.3923	5.0875	5.9307	5.7549	6.9887	6.3576	5.6147	5.7004	6.1898	4.8074	5.7549	6.1497
FOS	7.9425	7.8517	NA	8.3794	8.4305	8.9887	8.8826	8.0498	9.4200	8.2192	9.3707	8.5038	7.7748
EGR1	5.0444	5.6724	4.7549	4.7549	4.0000	4.9069	3.0000	5.4919	5.5236	4.0000	4.0875	5.6439	3.8074
ATF3	7.7549	7.6439	7.7616	7.9069	7.3399	6.4094	7.2288	6.9307	7.5699	NA	6.9425	7.2288	7.9944
STAT1	6.3399	5.5236	5.3576	5.5546	5.7549	6.3399	6.2668	5.8580	6.6582	6.8202	5.8580	5.1699	5.7549
STAT3	6.6439	7.0875	6.6724	5.8329	5.9542	6.3038	7.8265	6.3038	6.8580	7.2384	5.5850	6.6865	5.5546
STAT5A	4.3923	5.2479	5.6439	5.1293	5.6439	6.1085	5.8580	4.5236	4.5236	6.1497	6.1699	6.3219	4.7004
JAK1	4.5236	4.8580	5.1699	5.4919	5.2854	5.6439	5.0000	5.5546	5.1293	6.4429	5.9069	5.8580	4.4594
JAK2	6.8948	6.5546	7.2192	8.1497	6.4263	6.8202	7.7279	7.4094	6.6582	6.8580	6.7944	6.5392	7.7879
SOCS1	6.2095	6.2479	5.0875	6.1497	6.0444	5.8580	5.8580	6.1497	5.0000	NA	6.2095	4.8580	5.4263
SOCS3	5.4263	5.2095	5.5546	6.7004	4.9069	4.9069	4.3923	5.2479	5.4263	6.1293	5.4263	5.2479	5.3576
IRF1	7.6366	6.7549	6.1497	7.8517	6.5546	7.6795	7.5469	7.7074	7.5392	7.3399	7.3219	7.1085	8.0000
SYNTH0001	7.0661	7.6147	7.6865	7.2668	7.6935	7.4998	6.9887	7.1997	7.5314	6.8704	6.4919	7.6294	7.3663
SYNTH0002	9.2360	8.4512	9.9801	9.1749	8.3880	8.2527	9.0661	8.1447	8.9009	8.5196	8.9915	9.6724	9.2167
SYNTH0003	5.4919	4.3219	3.3219	4.9542	4.3923	4.6439	5.8580	3.4594	4.6439	5.5546	4.4594	4.7549	4.0875
SYNTH0004	8.2479	8.6582	7.7879	8.9129	8.0112	9.0279	8.2574	8.3576	8.5622	7.9542	7.2192	8.5812	8.3750
SYNTH0005	5.1293	5.3923	6.2095	6.3038	5.3923	5.3576	5.0444	6.1085	6.2288	5.8074	5.3923	5.9542	5.7004
SYNTH0006	NA	4.0000	4.6439	NA	4.5850	4.0875	3.9069	4.0875	3.4594	3.9069	4.5850	3.9069	3.9069
SYNTH0007	8.6366	6.7814	7.5850	6.5546	6.9658	7.2854	8.2715	8.8978	7.9189	8.2574	9.1421	7.6795	9.2456
SYNTH0008	2.8074	3.5850	3.9069	3.7004	3.4594	NA	5.3219	1.5850	4.7004	4.8074	3.7004	4.3219	4.3923
SYNTH0009	4.2479	NA	5.1293	3.5850	2.3219	3.5850	4.2479	3.9069	3.8074	3.0000	3.4594	5.0000	3.5850
SYNTH0010	9.1824	9.3242	9.5469	9.3197	8.9307	8.4388	9.4533	8.6511	8.3923	7.9658	8.4263	8.4136	9.6546
SYNTH0011	5.3576	5.5546	3.7004	4.7549	4.6439	5.1293	3.3219	3.4594	3.4594	3.0000	3.4594	4.7549	2.8074
SYNTH0012	4.0000	3.0000	2.0000	4.5850	3.8074	3.5850	4.7549	3.7004	4.8074	5.0875	5.3576	3.3219	3.4594
SYNTH0013	5.1293	5.1293	2.0000	4.3219	4.7549	4.1699	4.1699	4.7004	4.7549	4.0000	3.4594	5.3219	5.7279
SYNTH0014	5.2095	5.8074	6.4263	6.2479	6.0661	6.2854	5.3923	6.1699	5.4594	6.0000	4.6439	6.4757	6.2854
SYNTH0015	4.8074	5.0000	5.1293	5.0875	5.1293	4.7549	5.4594	4.9069	5.4919	5.2854	5.0000	NA	5.3219
SYNTH0016	3.4594	3.4594	1.0000	3.4594	4.3219	3.0000	4.5236	4.1699	3.5850	3.4594	4.0875	4.3219	2.5850
SYNTH0017	3.8074	4.7004	3.4594	4.7004	4.5236	3.5850	3.3219	2.5850	NA	3.8074	3.5850	3.8074	4.4594
SYNTH0018	9.0471	8.5622	8.9887	9.0553	9.1824	8.4263	8.9484	9.9366	9.3332	8.2621	8.8041	8.7279	8.2992
SYNTH0019	2.3219	2.3219	2.3219	3.0000	3.8074	2.5850	3.4594	4.4594	3.7004	3.3219	2.8074	3.7004	4.3923
SYNTH0020	3.7004	NA	4.7549	3.3219	5.0000	6.1898	4.3923	4.5236	5.3923	5.5236	5.9307	5.0000	5.3219
SYNTH0021	5.7549	6.0000	6.9425	5.2479	6.1898	5.4263	4.1699	5.9773	4.5236	5.2479	5.9542	6.2668	5.8074
SYNTH0022	8.3264	9.1447	8.8041	8.9248	8.7004	7.5850	9.2621	8.3619	7.7748	8.3750	8.3264	7.9542	7.8138
SYNTH0023	7.2479	5.5236	8.2240	7.6582	7.6221	7.4757	7.7682	8.6689	6.9887	7.4757	7.2479	8.2095	7.2095
SYNTH0024	4.3219	6.0444	5.9307	5.8826	5.5546	6.4757	6.4429	5.5850	6.8074	6.3576	6.1085	6.8202	6.6724
SYNTH0025	6.5699	6.2668	6.3399	5.4263	6.0224	5.9069	5.0000	4.0000	6.0000	5.8074	4.5236	6.0224	5.1699
SYNTH0026	8.5736	6.1293	6.9069	7.0553	6.5850	5.9307	6.3399	8.3219	6.3923	7.6653	6.3038	7.1799	7.2946
SYNTH0027	6.6724	6.7004	6.4919	5.2095	7.1293	5.9069	5.9773	6.3038	5.1699	6.6439	6.0875	6.6582	6.8202
SYNTH0028	7.2574	7.0553	8.0000	6.6724	6.6439	6.6582	7.4838	7.2946	6.7415	7.9366	6.7004	7.1085	6.0444
SYNTH0029	4.1699	4.8580	4.0875	5.7549	4.3923	5.4263	5.1293	4.8580	5.0875	4.3923	4.6439	4.0875	4.0875
SYNTH0030	2.5850	4.6439	4.8074	3.5850	4.1699	4.3219	4.5850	5.1293	3.4594	3.1699	4.0875	5.1293	4.0000
SYNTH0031	3.1699	4.6439	3.1699	3.9069	3.1699	4.8074	4.2479	3.7004	4.6439	4.4594	4.3923	3.8074	5.1293
SYNTH0032	5.0444	3.7004	5.0000	4.2479	2.8074	4.8074	4.6439	4.7549	4.5236	4.1699	5.0000	4.1699	4.7549
SYNTH0033	4.2479	4.0000	4.6439	4.9542	4.5850	5.2479	4.8580	4.3923	5.7814	3.4594	4.3923	4.8074	4.7004
SYNTH0034	1.5850	2.3219	4.4594	4.0000	4.9069	3.3219	4.0000	4.0000	3.8074	3.0000	3.7004	2.0000	3.1699
SYNTH0035	6.9069	6.2668	6.5999	6.3750	7.0224	7.6653	6.9658	8.5430	8.5275	8.1497	8.1849	8.3309	8.9396
SYNTH0036	3.3219	4.0875	5.0000	3.3219	3.5850	4.0875	3.3219	4.3923	4.0000	2.3219	4.1699	3.7004	1.0000
SYNTH0037	5.7549	5.9069	4.2479	5.1293	5.7279	5.0000	5.5236	5.8329	5.9307	5.7814	4.0875	6.4094	5.8329
SYNTH0038	6.3219	5.3576	5.8074	5.9307	5.9542	6.2288	6.3399	6.8580	6.3576	6.9773	5.6147	5.1699	4.8074
SYNTH0039	8.9069	9.5641	8.4471	8.0875	8.3966	9.0661	9.0580	8.4471	8.7515	9.8250	9.8796	8.5157	9.2336
SYNTH0040	6.3923	6.2095	6.1293	5.6439	6.6582	6.6294	7.0224	7.4429	6.6294	6.4594	6.8455	5.6439	6.0000
SYNTH0041	8.2715	8.1396	8.8009	NA	8.4998	7.8074	8.1189	7.4998	7.2192	8.1997	8.4838	7.5157	7.4838
SYNTH0042	6.0444	7.1396	4.2479	5.5546	6.3576	5.3576	6.2854	5.7004	5.9307	6.8948	6.3399	7.3399	6.9658
SYNTH0043	6.7004	5.8074	4.5236	4.5850	5.3576	6.5078	5.7004	6.4757	6.2854	6.4263	4.2479	5.3219	6.4757
SYNTH0044	4.6439	4.0000	4.7004	4.2479	4.2479	3.7004	5.2095	4.7004	5.0000	3.3219	4.5236	2.5850	4.7004
SYNTH0045	8.3750	6.8202	8.1548	7.6795	7.3399	6.7944	6.2854	6.2479	6.0661	7.2192	5.1699	5.5236	7.0000
SYNTH0046	8.5157	7.4512	7.1599	7.4757	7.7682	8.3663	7.1699	8.0056	7.6439	9.0168	8.1749	8.8392	7.1497
SYNTH0047	8.7347	7.9542	9.2046	9.5118	10.1137	9.1007	7.7415	7.2761	7.0768	7.1189	7.7279	7.2095	7.9248
SYNTH0048	4.0875	3.4594	4.2479	3.3219	4.7549	4.8074	3.8074	2.3219	3.1699	3.5850	4.3219	4.8580	4.3219
SYNTH0049	6.4429	6.3576	4.0875	6.4094	6.1898	5.9542	5.9773	5.3219	5.6724	5.9069	5.4919	5.5236	5.4919
SYNTH0050	6.5236	7.1396	6.6439	7.6147	7.2288	6.9307	6.7944	7.8392	7.3219	6.5850	7.3129	7.1396	7.5774
SYNTH0051	7.9944	8.4998	9.2877	9.0389	8.3354	8.8580	8.6184	8.8297	9.7616	8.7748	8.9278	9.4136	8.1241
SYNTH0052	8.8041	9.1624	8.1849	9.0251	9.7091	9.5392	9.0389	9.7715	9.6671	8.9425	8.9248	9.2046	8.4635
SYNTH0053	5.3219	5.1699	4.0000	6.6147	4.9542	5.8826	5.6147	5.3219	5.6147	5.7004	6.4757	6.1497	5.2095
SYNTH0054	8.7482	9.0875	10.0293	9.6777	10.4083	9.6165	10.0154	10.1997	8.4512	9.2216	9.6564	8.8918	9.3015
SYNTH0055	3.7004	5.6439	5.0444	5.0875	5.0444	4.1699	6.4594	7.3923	5.8826	5.6439	6.0661	5.6724	5.9773
SYNTH0056	8.3794	9.1849	8.2854	9.1293	9.0553	7.8392	8.5622	9.1085	8.4221	8.9513	9.0661	7.4094	7.4757
SYNTH0057	7.1497	7.5236	6.3923	7.9189	7.7074	7.6511	7.8948	NA	6.8580	NA	8.1189	7.7211	6.9069
SYNTH0058	4.2479	5.2854	4.2479	4.8580	3.1699	5.0875	4.8580	4.2479	4.7549	5.4263	5.3576	4.6439	4.5850
SYNTH0059	7.7004	8.1849	7.2479	7.9425	8.2761	8.0389	7.3129	7.6366	7.8517	7.4346	7.9887	8.6036	8.0334
SYNTH0060	7.5925	7.5774	8.6935	7.7347	7.7074	8.0715	7.0334	8.1799	7.6511	8.2900	6.7142	6.6724	5.7814
SYNTH0061	9.6294	8.7814	9.0980	8.1749	9.3332	8.8106	7.8765	8.5157	8.8009	8.0389	8.5118	9.0580	8.7814
SYNTH0062	5.9307	5.6724	7.2095	6.3399	5.2479	5.6147	5.4263	4.8580	6.4429	5.4263	4.3219	5.6439	6.0444
SYNTH0063	3.7004	3.1699	3.4594	4.1699	3.0000	3.8074	3.8074	2.0000	2.8074	4.6439	4.1699	4.3219	3.3219
SYNTH0064	6.3750	5.9542	6.7549	NA	5.9069	6.9542	5.4919	6.1497	6.5699	6.4263	6.3038	6.1699	6.1085
SYNTH0065	6.2854	5.9069	5.5546	4.8074	5.2854	5.9069	6.0875	5.3576	5.0875	6.3399	5.1699	6.6865	6.6439
SYNTH0066	5.1293	3.3219	4.2479	5.0875	5.9069	3.5850	5.0875	5.3923	5.4919	4.8580	4.9069	4.9069	4.4594
SYNTH0067	2.8074	4.9069	3.7004	5.4263	4.8580	5.2479	2.8074	2.3219	2.8074	4.1699	4.0875	3.7004	2.8074
SYNTH0068	7.9307	8.3174	7.6795	7.2095	6.7279	8.0821	7.0000	8.3264	7.4179	7.4094	7.7748	6.7004	7.1699
SYNTH0069	6.8826	5.4594	5.4919	5.7004	6.5078	6.2668	6.5546	5.0444	5.3923	5.9069	7.1599	5.8826	5.8580
SYNTH0070	8.0821	8.9830	7.7415	7.7549	8.0875	7.6935	8.5353	9.0196	8.7582	7.9658	8.4263	8.4553	7.4838
SYNTH0071	5.0000	3.5850	4.5850	3.8074	4.4594	5.0000	4.9542	3.4594	4.9542	4.8580	3.1699	5.0875	4.3923
SYNTH0072	7.2095	8.4838	7.6653	7.9307	6.5236	6.7549	9.0279	7.9773	8.4305	7.2761	7.7004	6.7814	8.2946
SYNTH0073	7.1898	7.1497	5.7279	6.5546	6.7944	7.0000	6.3399	7.1599	6.6865	7.0224	4.9069	5.5236	6.2668
SYNTH0074	7.0112	7.5622	8.3129	7.1085	8.0334	7.6147	7.8265	7.2946	7.4512	7.7415	7.0768	6.7682	7.7074
SYNTH0075	6.9542	8.2808	5.7549	7.0000	7.4094	8.3531	6.8580	7.3309	8.1241	7.8329	7.1396	8.0607	5.7004
SYNTH0076	7.7142	7.0768	5.6439	7.0112	7.4346	6.9069	6.5392	7.1599	6.6147	6.1497	5.5236	4.9069	7.0000
SYNTH0077	7.6294	7.3399	8.3966	7.1293	6.3219	7.5546	8.7381	8.9773	7.7944	7.9542	9.5622	6.4594	9.0196
SYNTH0078	5.0444	4.0875	4.5850	5.4263	4.7549	3.0000	5.8329	4.3219	4.9542	5.3219	4.5236	5.8329	5.1293
SYNTH0079	6.7549	6.7279	7.2574	6.7944	7.1085	6.7814	7.8642	7.3487	7.0000	7.9009	7.7347	7.5850	8.0444
SYNTH0080	9.0168	8.6073	9.1573	9.3837	9.5812	8.8611	10.1163	8.1447	8.9484	9.3174	9.4959	9.1874	9.1548
SYNTH0081	9.5565	9.0196	8.6475	9.0389	9.3287	9.3399	9.4838	8.8138	8.2668	8.6970	9.0196	9.0056	9.5906
SYNTH0082	3.8074	4.0875	1.0000	2.3219	2.3219	3.4594	2.3219	4.2479	3.7004	3.3219	NA	3.3219	2.5850
SYNTH0083	7.0661	5.2095	7.8202	6.4919	7.0661	6.6439	7.6724	7.6366	8.3129	7.3038	9.3597	8.0980	7.5774
SYNTH0084	8.9600	7.3487	8.1898	8.8486	7.5314	7.8074	8.4757	7.9715	8.7912	9.0000	8.3794	NA	7.5774
SYNTH0085	8.4346	8.9658	8.2192	8.6330	8.3354	8.3619	7.3923	8.5430	7.3837	9.5488	8.2527	8.4717	9.3531
SYNTH0086	6.2479	6.3038	5.1699	5.4263	7.0444	5.5236	5.1699	5.2854	6.7682	6.7549	6.3219	5.8074	5.3219
SYNTH0087	5.2095	3.4594	5.4594	5.5850	5.5236	4.8074	5.4594	5.5546	4.0000	4.9069	4.0000	4.3923	4.5236
SYNTH0088	8.9773	8.9366	9.8734	9.0553	9.5999	9.2738	8.4263	7.7814	8.3219	5.7004	7.9248	7.9189	8.0112
SYNTH0089	7.7616	7.6294	6.6294	7.9009	7.0444	7.2095	7.5078	7.2854	6.2479	7.7279	7.5078	8.0607	6.8704
SYNTH0090	5.8329	6.0224	5.6724	6.0661	5.4919	5.9069	5.4263	5.1293	4.9542	6.0224	5.2479	5.4594	5.0875
SYNTH0091	7.7814	8.1497	7.8580	7.1293	7.7347	7.9542	7.8704	6.7814	7.2192	7.2668	7.0768	7.4179	7.3219
SYNTH0092	8.2900	7.7879	7.3129	7.5236	8.4838	7.7748	8.2992	7.4919	6.7549	8.3174	7.4429	7.8074	6.9069
SYNTH0093	5.9307	4.7004	5.9069	5.3576	6.3038	4.8580	3.5850	4.3923	5.9069	5.8329	5.0875	5.5236	5.4919
SYNTH0094	7.9307	9.3399	7.8704	8.2621	8.4798	7.8265	8.3966	8.3219	9.8471	8.1849	8.3923	8.8517	8.1599
SYNTH0095	9.9454	8.9629	9.1824	8.6221	9.3837	NA	9.1749	9.2761	7.1997	9.4305	8.0056	9.5018	8.2384
SYNTH0096	4.5236	4.0875	3.0000	3.7004	2.8074	2.5850	2.8074	5.0444	2.8074	3.0000	3.8074	4.2479	2.5850
SYNTH0097	7.8887	8.8297	7.0444	7.4757	6.4263	7.3837	8.5546	7.5236	8.5962	7.5469	6.4263	7.8202	7.9009
SYNTH0098	5.4263	4.0875	5.0875	5.2854	4.7004	4.6439	4.3923	5.3576	5.3219	5.0875	5.2095	5.4594	4.1699
SYNTH0099	7.9009	9.0688	9.0980	8.6073	8.1085	8.6689	8.6618	8.1997	8.8265	7.9307	8.9658	8.1599	8.9972
SYNTH0100	4.2479	5.4919	4.1699	4.5850	4.9069	6.3219	5.7814	4.7549	4.9542	4.6439	5.3576	4.7549	4.9069
SYNTH0101	5.0875	4.1699	4.0875	4.1699	2.8074	4.3923	4.2479	4.2479	3.8074	4.4594	4.3219	3.9069	4.0000
SYNTH0102	5.8329	5.3923	5.2854	6.4757	6.0224	5.8580	5.2479	6.8948	5.0444	4.5236	5.4594	6.2854	5.8826
SYNTH0103	10.1098	9.6257	9.9658	9.7731	9.2923	9.3707	8.5962	8.5118	8.5275	8.1085	6.8074	8.0715	7.6865
SYNTH0104	4.7004	4.3923	3.7004	3.7004	5.5850	4.8074	5.3923	5.6147	5.1699	5.1293	4.3923	5.7549	4.0000
SYNTH0105	7.1898	6.4594	6.8074	7.2946	7.9307	7.1699	6.8202	NA	6.5999	6.8948	7.6366	7.2854	6.0444
SYNTH0106	9.2644	NA	8.3794	9.0056	7.8138	7.3309	8.3576	NA	9.3332	8.5736	8.5850	8.8517	9.1447
SYNTH0107	7.8826	7.5546	6.0444	7.1396	6.9542	7.0553	5.4594	7.1085	5.6724	5.4594	5.9069	6.4757	5.2095
SYNTH0108	6.5392	7.3663	5.2095	6.9307	5.6147	6.1293	6.7279	5.0444	5.5850	6.3750	4.9542	5.5850	4.6439
SYNTH0109	4.5236	4.0875	4.3219	3.9069	5.6147	4.0000	NA	5.5236	4.7549	4.7549	4.2479	NA	5.2095
SYNTH0110	4.0875	1.0000	2.3219	1.0000	4.2479	2.5850	3.4594	2.3219	3.5850	3.3219	4.1699	2.5850	4.0875
SYNTH0111	7.1085	6.1085	7.7616	5.4594	7.8887	7.4512	7.0112	6.9069	7.7879	6.5236	7.7211	7.3923	7.0768
SYNTH0112	6.0000	6.4429	5.4263	6.3219	5.9542	3.8074	5.6439	4.7549	5.6724	5.5236	4.8074	5.1293	6.1293
SYNTH0113	6.2288	5.2095	6.1497	6.4594	5.9307	5.5546	6.2854	6.6294	3.5850	6.4094	6.2288	5.3576	5.8580
SYNTH0114	4.9069	5.6147	4.8074	5.5546	5.0000	4.8074	4.5850	6.0661	6.0224	5.2095	2.5850	4.9542	4.9542
SYNTH0115	5.2854	4.4594	5.4919	5.1699	4.5236	5.2479	4.9069	4.4594	4.2479	4.3219	5.0000	4.0000	5.2479
SYNTH0116	8.5887	9.1241	8.7879	9.1344	7.7482	8.4635	7.9658	8.4998	8.4094	8.6147	9.7482	8.3966	8.9278
SYNTH0117	6.2095	6.3038	7.2761	5.9542	6.7549	6.5850	6.9069	5.6439	5.5850	6.6582	5.9307	5.5850	7.0768
SYNTH0118	5.2095	5.5546	5.9069	5.4263	4.7549	NA	5.0000	NA	6.1898	5.1293	5.2095	4.9542	5.2095
SYNTH0119	6.1497	7.5314	6.9542	6.6439	5.6439	6.3219	6.4094	6.0661	6.0000	5.2095	6.0000	5.6724	6.6865
SYNTH0120	4.3219	5.9307	5.8074	4.7004	5.7549	6.2288	5.4919	6.0000	6.3399	4.8580	4.7004	4.3923	5.3219
SYNTH0121	7.7415	7.6294	7.4757	8.2240	7.7074	6.4757	8.4009	7.6439	8.4838	8.0715	7.0444	8.6511	7.6366
SYNTH0122	9.1447	8.5546	8.2288	7.7814	8.9801	8.5157	8.8796	9.0168	9.0741	7.6073	7.8074	8.5699	7.3309
SYNTH0123	5.8826	5.1293	6.1898	6.5078	6.3038	5.9542	NA	6.5078	5.7004	5.7549	5.8329	6.0000	6.5236
SYNTH0124	6.0000	6.1293	5.1699	6.2095	6.3219	6.1497	7.2384	7.0553	6.0000	5.5850	6.6147	6.1293	6.0661
SYNTH0125	7.1799	7.6073	7.9069	7.9248	7.9542	8.7846	8.1396	7.0112	8.4305	8.1497	6.4757	8.2715	8.1447
SYNTH0126	8.5392	8.6618	9.0028	8.4346	8.5736	8.3309	8.6147	7.9830	8.8265	7.7347	8.2946	9.3707	8.7313
SYNTH0127	6.7549	6.6582	7.1599	6.5078	7.8009	7.1189	7.0768	6.9773	7.0553	6.5999	5.5546	6.5546	6.5078
SYNTH0128	4.3219	4.9542	5.1699	5.5236	5.7004	4.5850	4.9069	5.0444	4.9069	4.6439	4.3923	5.0875	4.9542
SYNTH0129	3.9069	1.0000	3.8074	2.5850	2.5850	NA	5.6147	4.7549	5.9307	3.1699	4.9069	4.7549	4.3219
SYNTH0130	5.5546	5.2854	4.0875	5.0444	4.9542	6.1085	5.1293	5.7004	4.1699	5.0000	5.3576	5.6147	6.7279
SYNTH0131	8.2432	8.0661	7.5392	9.3287	9.1523	9.0307	9.1319	9.1674	8.2384	9.3399	9.5546	9.1997	8.8580
SYNTH0132	7.3663	9.1573	8.0498	8.3619	7.1599	8.2621	9.2288	9.2550	8.1599	8.7977	8.3750	8.7846	9.3772
SYNTH0133	8.0875	8.1447	8.2288	8.1396	7.9069	7.1898	7.0334	7.7004	7.1799	7.9069	7.3399	8.3966	8.4594
SYNTH0134	9.6900	9.4919	9.7682	9.3663	9.9009	8.7245	9.3576	9.2046	10.0580	8.5392	9.3663	8.3880	9.6129
SYNTH0135	3.9069	2.3219	3.5850	4.8580	3.5850	4.0875	5.4263	3.7004	5.2854	3.8074	3.7004	5.2854	4.1699
SYNTH0136	8.6900	9.5507	10.2288	8.3354	9.6055	10.0768	7.9715	7.8202	8.6689	8.3399	7.3129	7.8329	7.3837
SYNTH0137	3.9069	4.0875	3.1699	3.3219	2.5850	4.1699	4.2479	4.0000	3.5850	3.3219	3.9069	4.0875	4.7549
SYNTH0138	7.4094	7.2946	7.3487	7.2574	7.1497	7.4429	6.8329	7.3038	7.0112	7.2288	7.4429	6.3038	6.0224
SYNTH0139	4.3923	4.9542	5.5236	5.0444	4.2479	3.5850	2.5850	5.2095	3.9069	4.7004	5.7279	3.7004	5.1293
SYNTH0140	8.3264	8.3531	8.2288	8.1497	7.2384	6.9887	NA	7.7279	6.7944	8.8297	8.3619	7.5314	7.7482
SYNTH0141	4.3923	3.7004	4.5236	5.0000	3.5850	3.8074	4.6439	3.8074	4.3219	4.1699	3.8074	4.8580	5.1699
SYNTH0142	6.4919	5.8580	6.6724	6.2479	7.3750	6.2854	8.1137	8.4051	7.9658	6.5699	7.2384	7.8826	7.0980
SYNTH0143	7.9773	8.0607	9.1344	8.8329	7.5999	8.3576	8.3129	8.5236	7.5925	9.0498	8.6935	8.6402	8.9744
SYNTH0144	5.6147	6.1293	6.7004	5.5546	7.0661	6.5699	7.7549	7.7814	7.9658	5.9773	6.2288	7.9944	7.1699
SYNTH0145	2.8074	3.4594	3.1699	3.4594	2.3219	3.1699	4.5236	3.0000	3.3219	4.3923	2.0000	4.2479	2.3219
SYNTH0146	9.8424	10.5048	10.3432	9.5333	10.9440	9.9233	9.3106	9.7912	8.8517	8.7682	8.3576	9.0056	8.1649
SYNTH0147	4.2479	4.3923	5.4594	5.2095	3.4594	3.5850	4.5236	4.7549	5.5546	5.5850	5.3576	4.5850	NA
SYNTH0148	9.4656	7.6582	7.0000	8.3219	8.7108	8.5887	7.8074	8.6511	7.4009	8.8826	7.2288	8.6724	8.1241
SYNTH0149	5.6439	4.3219	5.9069	5.4919	5.5546	6.2288	5.9542	5.5850	6.1293	6.3923	5.1293	5.8074	6.2288
SYNTH0150	8.7482	8.6935	8.6402	8.1548	8.4717	7.7549	7.3129	8.1497	8.4553	8.5584	8.7482	8.2668	8.0553
SYNTH0151	4.4594	5.0875	3.8074	4.5236	3.3219	4.3923	3.3219	4.3923	4.8580	3.8074	4.8580	3.7004	4.2479
SYNTH0152	6.8202	7.1699	6.3750	5.6147	6.6147	6.7944	7.1997	6.5236	7.4676	6.5546	5.6439	6.6865	7.0444
SYNTH0153	5.0875	5.5236	4.2479	4.9069	5.8580	6.1293	5.3923	4.8580	5.4263	6.2668	4.5236	4.4594	3.9069
SYNTH0154	8.9218	7.9600	8.7814	8.6689	8.1898	8.4798	8.7582	8.0821	8.5275	9.6457	8.6402	8.5353	9.3509
SYNTH0155	7.1189	6.1898	7.1599	6.9887	7.2384	6.7549	6.9189	6.4594	6.1699	6.7549	6.9307	5.9773	6.9887
SYNTH0156	7.7211	7.6366	7.0112	8.3966	7.8765	7.6439	6.3576	6.8826	5.3923	5.8329	5.9307	6.9189	7.0334
SYNTH0157	3.1699	4.2479	4.7549	4.6439	4.0875	3.1699	3.9069	4.7549	4.0875	5.0444	3.5850	4.5236	4.3219
SYNTH0158	1.5850	2.8074	2.8074	3.1699	1.5850	3.0000	4.0000	3.4594	4.3923	4.4594	3.0000	4.2479	3.5850
SYNTH0159	8.6511	8.1293	6.9425	8.4838	7.2095	7.1497	8.2761	8.2946	7.8826	7.0224	7.5699	6.1497	5.8580
SYNTH0160	7.3129	7.2192	6.4919	7.0334	7.6724	6.5999	9.1344	9.5699	7.9944	8.1997	7.0875	8.9009	9.2336
SYNTH0161	5.3923	6.5392	5.8580	3.8074	5.1699	5.1699	5.0875	6.0661	5.9069	6.4429	5.7549	NA	5.6147
SYNTH0162	7.5236	7.7682	7.7879	6.7004	7.1293	6.9773	8.1548	7.4998	6.8455	7.1799	5.9307	8.3354	7.1699
SYNTH0163	7.8765	7.0112	5.3576	6.9658	6.1898	6.9189	7.6073	6.3399	8.1599	6.4757	7.7347	6.5236	6.8455
SYNTH0164	6.6865	5.2854	7.1293	5.9773	5.7004	5.6147	6.0661	6.8329	6.5078	6.2288	7.0444	5.6439	6.6865
SYNTH0165	8.6970	8.6257	7.7415	8.7912	8.6184	9.4073	8.9069	7.6221	9.2021	7.7549	8.1396	9.1007	8.4553
SYNTH0166	4.1699	4.9069	5.7549	4.5850	3.9069	5.1293	4.2479	4.9069	5.8074	4.1699	4.7004	4.4594	4.6439
SYNTH0167	7.9887	7.9129	8.9366	8.7582	7.6865	8.7108	9.4737	8.7814	8.9248	8.3443	8.8948	8.9337	8.3576
SYNTH0168	8.7142	8.2900	7.0980	7.1599	8.1137	7.6221	8.1137	7.5078	6.9773	7.7074	6.9189	8.2046	8.5038
SYNTH0169	6.7415	7.6221	7.7814	8.6582	6.8202	9.4696	9.1649	7.2479	8.6073	8.2192	7.6294	7.4998	7.2854
SYNTH0170	4.9069	5.7549	5.6724	7.0000	5.2854	6.3750	6.6147	6.2095	5.7814	6.9773	7.2946	6.9887	5.7004
SYNTH0171	4.3219	3.0000	4.7549	3.9069	4.2479	3.5850	4.0000	3.9069	3.3219	3.4594	4.6439	4.3923	5.0444
SYNTH0172	8.9129	8.4512	8.4798	7.5925	8.7781	8.4512	9.3129	8.2574	6.6724	9.0307	7.7279	8.1898	NA
SYNTH0173	4.8580	5.4594	5.4919	4.7004	6.3219	3.5850	5.7279	5.6147	3.5850	6.1699	4.7549	5.2854	4.8074
SYNTH0174	8.1948	8.6366	8.2288	7.1799	8.0279	8.1849	7.9009	7.6221	7.9542	8.3619	7.2854	7.5392	7.8948
SYNTH0175	5.0444	5.3219	4.7549	4.0875	5.2854	5.1699	5.7549	4.7004	NA	4.3923	4.9069	5.7549	3.8074
SYNTH0176	9.0307	8.2479	8.3219	8.7142	9.1447	8.5584	9.7074	8.6900	8.8009	9.6865	8.1293	9.9758	9.2360
SYNTH0177	7.1396	6.9542	7.3487	7.7482	6.5236	6.8948	7.6795	6.9658	8.3443	8.1849	8.1137	6.8704	6.5392
SYNTH0178	8.8517	9.1649	9.0526	9.0553	7.4676	9.5831	9.6073	8.3309	8.6970	9.0000	8.7814	9.3685	9.2216
SYNTH0179	4.5236	5.5236	4.2479	3.7004	4.6439	5.0000	4.9069	4.7004	4.8580	5.0444	5.4594	5.2095	4.9542
SYNTH0180	5.9307	6.9189	6.1898	6.6439	6.9542	7.3038	6.5546	6.6147	7.3129	6.7814	7.0661	7.4757	6.3399
SYNTH0181	8.9278	8.5469	8.8918	8.4136	8.2761	8.0607	8.4717	8.8041	8.7616	8.6257	8.9484	8.6653	8.8170
SYNTH0182	3.0000	3.1699	1.5850	4.4594	3.0000	4.2479	4.0875	3.0000	3.0000	4.6439	3.0000	3.9069	3.5850
SYNTH0183	5.8580	7.4179	6.9189	5.2479	6.8826	6.4263	7.1997	6.7415	7.4429	6.7279	6.7004	7.2854	8.3487
SYNTH0184	9.0848	8.6073	9.1997	8.8202	8.0875	8.6221	8.5887	9.5137	8.1799	9.4838	9.5680	8.0279	9.2527
SYNTH0185	8.1344	8.4998	8.1997	7.2761	8.4512	8.5157	6.9307	5.4594	7.5699	6.0661	7.1189	6.8580	6.7814
SYNTH0186	7.7879	6.3923	7.1699	6.9425	7.2854	7.9658	NA	6.7944	7.4094	7.7074	6.2479	6.4594	7.0875
SYNTH0187	4.7004	4.2479	4.0000	3.3219	4.5850	4.4594	3.5850	4.6439	4.7549	4.5850	NA	3.0000	3.3219
SYNTH0188	8.9944	8.2192	8.1033	8.5314	8.2240	8.3619	8.9887	8.1548	8.8329	8.6546	7.7074	7.9830	7.9484
SYNTH0189	9.1548	9.3219	10.1485	8.7448	9.0901	10.3750	9.1189	8.6221	9.7039	10.3309	10.4491	8.7039	8.8009
SYNTH0190	4.7549	5.8580	5.8580	6.3399	6.2668	5.8074	5.8329	5.0875	NA	5.2854	4.5850	5.4594	5.8329
SYNTH0191	7.9307	7.1997	7.3837	7.9069	6.9307	7.7279	7.9887	7.7748	7.0875	7.6582	7.0444	6.4263	7.1799
SYNTH0192	4.5850	3.9069	4.3923	4.3923	4.0000	2.8074	4.6439	3.7004	4.3923	2.5850	3.1699	4.6439	5.0000
SYNTH0193	4.3923	4.7004	3.9069	4.1699	3.3219	3.8074	4.2479	4.4594	5.5850	4.0875	5.3576	3.3219	3.9069
SYNTH0194	7.8704	7.1085	7.7549	6.1699	7.6724	8.6582	7.0444	6.7814	7.7279	7.2095	9.1370	6.3750	7.2479
SYNTH0195	2.5850	3.0000	3.3219	3.0000	3.3219	3.0000	3.5850	4.3219	4.0000	4.2479	2.8074	3.4594	2.8074
SYNTH0196	3.9069	4.6439	4.2479	4.0875	4.0000	4.0000	2.8074	3.8074	2.5850	3.3219	4.5236	4.0875	0.0000
SYNTH0197	6.5999	6.7004	7.5925	7.3923	6.3219	8.0000	8.1497	7.0661	7.9830	6.9542	8.0000	7.6582	8.1749
SYNTH0198	2.5850	4.1699	3.8074	2.3219	3.1699	4.2479	4.4594	3.8074	2.5850	NA	3.8074	3.5850	4.6439
SYNTH0199	4.8580	3.9069	4.7004	5.6724	4.8074	4.7004	5.4594	4.0875	4.5850	5.4594	4.6439	6.3219	5.0875
SYNTH0200	8.3309	8.7748	7.2668	6.8329	8.1948	7.1085	8.5196	8.2143	6.9542	NA	8.4136	7.6073	8.0444
SYNTH0201	6.9887	7.5546	7.6795	7.7682	5.8329	7.4676	8.4136	8.3619	9.3015	8.1344	8.2432	7.7944	8.9915
SYNTH0202	9.4778	9.4858	9.1163	9.8611	9.3061	10.1787	9.9381	9.1189	9.6511	9.9816	8.8486	7.7004	8.6511
SYNTH0203	5.7279	6.7549	5.6439	6.7004	6.4757	4.7004	5.0000	6.3038	6.6147	5.1293	5.5546	5.3923	4.7549
SYNTH0204	7.9425	7.1396	5.7549	7.2479	7.5699	7.0224	6.8948	7.1085	6.2668	5.4919	7.8517	7.3309	7.4179
SYNTH0205	5.4919	5.4919	4.3219	6.0661	4.0875	5.6724	5.6439	5.9542	5.6439	4.7549	5.3576	4.6439	5.0000
SYNTH0206	5.4919	5.3576	6.1497	4.7549	6.5078	NA	5.9542	5.7004	6.0875	5.4919	6.6582	4.3923	5.7004
SYNTH0207	6.7682	6.6865	7.4009	5.9773	5.6439	6.4094	6.0224	7.2384	6.0000	6.3038	6.5546	5.5236	7.1599
SYNTH0208	6.0444	6.0000	7.7879	6.7944	6.6582	7.6582	4.9542	4.8580	5.5546	4.7549	5.5850	6.0224	5.6724
SYNTH0209	4.3923	4.3923	4.4594	5.9542	4.5850	4.4594	3.5850	4.8580	4.0000	5.0875	4.5236	5.5236	3.7004
SYNTH0210	9.3332	8.3966	9.6165	9.2046	8.7245	9.5411	9.2264	8.8202	8.6970	9.8439	9.9099	9.7313	9.2021
SYNTH0211	6.8580	7.9189	6.3399	8.3399	6.8948	6.9542	7.6221	7.8009	7.1799	6.8455	7.5546	5.6147	7.2574
SYNTH0212	4.1699	2.0000	3.5850	3.5850	3.4594	4.5236	4.6439	4.0000	4.2479	4.0875	4.0875	2.5850	2.3219
SYNTH0213	4.8580	3.9069	5.4919	3.5850	5.7814	3.0000	2.3219	3.4594	3.9069	5.0000	3.7004	5.3576	3.7004
SYNTH0214	6.2479	6.6582	6.7549	6.6439	7.2095	6.4263	6.0661	6.5546	6.9189	7.4009	6.0000	6.8202	4.8074
SYNTH0215	7.5622	8.1997	8.5507	8.4009	8.3083	8.5078	7.5078	7.5774	7.9830	7.3923	7.8517	8.1649	7.2095
SYNTH0216	7.8138	7.3399	8.2946	7.8455	6.8704	7.6865	7.1898	7.2479	7.1497	6.2854	8.0444	7.6653	7.5078
SYNTH0217	9.2831	9.9396	9.6970	9.9278	10.5943	9.9009	9.9542	10.0112	9.9643	9.6600	9.0444	9.0715	NA
SYNTH0218	4.3923	5.0875	4.8074	4.2479	5.5236	4.5850	6.2668	4.8074	5.0444	4.3923	3.3219	5.2854	4.0875
SYNTH0219	7.7415	7.3663	7.1396	6.7944	7.9830	6.0444	6.6294	6.6724	7.6511	6.0224	7.1699	7.3399	5.0875
SYNTH0220	7.4429	6.6865	7.0875	6.6582	6.0000	6.7142	6.7004	7.2192	6.1293	6.2288	7.3837	6.6439	6.6582
SYNTH0221	4.8580	4.5236	4.5236	3.1699	2.0000	3.1699	3.8074	3.8074	4.5850	3.1699	3.7004	5.0444	3.1699
SYNTH0222	8.2432	7.6439	8.2621	7.6366	8.7211	8.8455	6.5850	8.3309	9.1699	8.8765	7.4757	8.2574	7.7944
SYNTH0223	5.8329	4.9542	5.0444	4.5850	NA	5.1699	5.5850	4.7549	3.9069	4.8580	4.2479	5.2479	4.5850
SYNTH0224	5.0875	4.4594	4.0875	4.5236	3.5850	3.4594	4.8580	4.8074	5.1699	4.4594	4.9542	4.0875	5.0000
SYNTH0225	5.1293	4.3923	5.6147	3.3219	5.0444	5.0875	5.8329	4.8074	5.5850	5.5546	4.9069	4.7004	5.5850
SYNTH0226	8.2095	9.2288	8.8734	5.6439	7.8765	9.3443	8.9687	9.4136	10.1687	8.7515	9.2946	10.0967	10.3597
SYNTH0227	4.8580	4.5236	4.3923	4.0000	3.4594	4.5236	4.9069	4.3219	5.1293	4.6439	3.7004	4.5850	5.0000
SYNTH0228	5.2095	5.1293	5.0444	5.1293	5.8580	4.7004	NA	4.5236	5.1699	5.0444	4.4594	5.7279	4.8580
SYNTH0229	6.7142	5.6724	6.3219	6.1497	5.6724	6.0661	6.1699	6.2288	4.9542	6.6724	6.7279	6.6147	5.4594
SYNTH0230	6.4094	6.7682	5.5236	5.9542	6.1898	5.4919	5.9307	6.5699	6.7682	6.4919	6.0000	7.0661	6.7142
SYNTH0231	6.8074	7.6935	6.7279	8.2854	8.1344	7.5850	7.1898	6.9069	7.9009	6.6147	7.7211	7.6865	8.5507
SYNTH0232	7.9600	7.4998	8.3083	7.9009	7.4676	8.3264	7.6865	7.7347	7.2192	7.8009	7.5314	7.4838	8.2992
SYNTH0233	5.4263	5.6439	4.8074	5.3576	4.7549	6.4429	4.8074	6.4594	5.9773	5.8826	5.6439	4.3923	5.3219
SYNTH0234	5.4594	4.4594	5.5850	5.2854	5.7814	4.2479	6.0875	4.0875	5.7004	4.5236	5.1293	3.5850	4.9542
SYNTH0235	7.0112	6.0875	5.6439	7.0112	6.7944	7.1799	6.1293	7.1599	6.8704	7.7279	7.4919	7.1497	6.7944
SYNTH0236	6.2668	6.7415	6.6147	7.1396	7.2854	6.6294	7.8642	7.3837	6.5078	7.0875	6.5546	5.4263	6.8826
SYNTH0237	0.0000	4.5850	3.3219	2.3219	4.5236	3.4594	3.8074	3.7004	3.7004	3.5850	3.7004	3.1699	3.5850
SYNTH0238	5.2479	5.4919	4.9542	4.9069	4.0875	5.5236	4.0000	4.4594	4.2479	3.7004	4.7549	4.8074	4.5236
SYNTH0239	4.0875	3.3219	3.9069	3.4594	3.8074	3.3219	3.9069	4.5850	4.2479	3.1699	3.1699	3.0000	2.5850
SYNTH0240	5.3923	5.6147	5.9773	5.9773	5.6147	4.8074	5.9069	6.4263	6.4263	5.0875	6.7279	5.7279	6.9425
SYNTH0241	6.7279	7.7004	7.2479	7.5774	7.7549	7.9366	7.9009	8.2574	6.1699	8.9366	7.0112	6.8455	7.6795
SYNTH0242	7.4094	6.8580	7.1997	6.2668	7.2095	5.9542	5.9773	6.6294	6.1898	7.1293	7.0553	6.9887	6.2095
SYNTH0243	3.4594	3.8074	3.8074	4.0000	4.2479	4.5850	4.2479	3.9069	2.8074	5.5850	4.6439	3.7004	5.0000
SYNTH0244	7.7682	7.6511	7.9189	8.3083	7.6795	6.8948	6.8202	8.2046	6.2288	6.6294	7.2288	6.5392	6.6582
SYNTH0245	8.3966	6.9542	8.2288	8.1749	7.2288	6.5699	7.6294	6.0224	8.4635	7.4998	7.5546	7.1599	6.3923
SYNTH0246	4.3219	3.9069	5.0875	5.0000	5.2479	4.0875	4.5850	4.8074	5.6724	3.1699	3.9069	5.0000	2.8074
SYNTH0247	5.0000	6.2095	6.1293	4.8074	4.2479	4.5236	5.2095	5.4919	4.7549	5.4263	5.2479	5.8074	4.3923
SYNTH0248	8.5392	9.1137	9.4553	8.1849	7.9944	8.4878	9.9454	9.5137	8.8978	8.9658	8.8486	8.9887	8.8138
SYNTH0249	5.1293	3.4594	3.5850	5.2479	4.0875	5.4263	4.8074	5.1699	4.9069	4.0000	5.2095	5.3923	4.3923
SYNTH0250	7.1599	8.1293	8.3083	7.5622	6.7682	8.1447	7.4919	6.0444	6.9307	7.7944	8.1033	7.8517	8.2240
SYNTH0251	5.5546	6.5078	4.7549	6.0444	6.0444	5.2854	5.0875	5.0875	5.1293	5.4594	4.3923	6.1085	5.9069
SYNTH0252	7.6724	7.9069	7.2946	7.8517	6.7004	6.0661	7.2095	6.8074	7.9715	7.7879	7.8009	6.7004	8.1137
SYNTH0253	6.7004	7.2288	6.9189	6.7814	6.8455	7.0224	6.1898	5.8826	7.0444	5.9069	6.9189	6.3923	6.4094
SYNTH0254	5.4263	NA	5.3219	5.8074	5.9773	6.0224	5.6147	4.8074	5.1699	6.3576	5.5546	5.8580	5.7279
SYNTH0255	8.3083	7.4346	7.4919	7.9189	7.4429	8.5236	7.8948	7.5774	8.1548	7.0980	8.9396	7.5850	8.1085
SYNTH0256	5.4594	6.1699	5.2479	4.9069	5.0000	5.6147	4.7004	5.2854	5.6439	6.3750	4.8580	5.9307	5.4919
SYNTH0257	8.0661	8.7944	8.4179	9.0251	8.6184	8.9944	8.4305	8.8580	8.2668	7.8887	8.8329	8.6439	8.8734
SYNTH0258	7.5546	7.6439	6.3923	7.8138	6.2668	8.1293	7.9307	9.0417	6.9307	8.0000	8.1447	8.6935	8.2288
SYNTH0259	7.9600	9.2808	8.6760	8.7649	7.2946	9.5603	7.7944	9.2992	7.4346	8.7748	8.1749	8.7715	8.6257
SYNTH0260	5.0875	4.5850	5.1699	4.0875	4.1699	4.5236	4.4594	4.1699	4.3923	3.4594	4.3219	4.5236	3.4594
SYNTH0261	5.2854	5.2854	4.1699	4.6439	4.3219	4.6439	5.1293	5.4919	5.4594	5.2479	5.5236	5.1699	3.7004
SYNTH0262	4.7004	4.7004	5.4263	5.2479	5.1293	3.5850	5.6724	6.1497	5.2854	6.4263	4.1699	4.8074	4.5236
SYNTH0263	3.4594	3.5850	1.0000	3.4594	3.8074	4.5236	3.4594	3.9069	2.8074	3.9069	4.0000	2.3219	4.9069
SYNTH0264	9.7549	9.2119	8.1241	8.4471	8.6830	9.2336	9.2095	9.6618	9.6600	8.7039	8.5999	9.8281	8.4798
SYNTH0265	6.0875	6.1898	3.9069	5.2479	6.6582	5.5236	5.6147	5.7279	6.1293	5.7004	NA	6.1497	NA
SYNTH0266	3.0000	3.8074	3.1699	1.0000	2.8074	0.0000	3.9069	3.4594	4.3923	3.4594	3.1699	4.0000	4.3923
SYNTH0267	7.0444	7.7482	6.4594	6.6439	6.1293	6.7415	5.5236	4.6439	3.3219	5.8329	5.9069	5.5236	4.0875
SYNTH0268	5.7004	4.7004	5.7279	5.3576	4.0875	6.0875	5.1699	5.9307	5.0875	4.3923	5.9773	5.8074	6.0875
SYNTH0269	6.0000	6.4094	6.0875	6.1699	6.0224	6.0000	7.9307	7.9009	7.8948	7.6073	7.7814	7.8642	8.5038
SYNTH0270	7.0553	5.7004	7.0768	6.1293	5.4263	6.5699	5.7814	6.9307	5.9773	5.2854	6.7415	5.2854	5.4919
SYNTH0271	5.4919	5.7279	6.5078	5.3576	6.7415	5.4594	5.7549	5.2479	5.9307	5.8074	5.7279	5.7814	5.3219
SYNTH0272	5.4594	5.1293	5.4919	5.8329	3.3219	5.3576	5.4594	6.0224	5.3219	5.2854	5.3219	5.2479	5.3219
SYNTH0273	5.0444	4.3219	4.0000	4.0875	4.0000	4.0875	3.4594	4.3219	4.7004	4.4594	4.0000	4.6439	4.3219
SYNTH0274	4.7004	3.7004	3.1699	4.5850	4.3219	4.3923	4.6439	3.0000	3.5850	4.5236	3.9069	4.4594	3.3219
SYNTH0275	8.8673	8.4919	7.3837	8.1948	8.3880	9.3685	7.7004	7.9944	8.6900	9.4778	7.6366	8.7108	8.6073
SYNTH0276	7.4346	6.8948	6.8329	6.7682	7.0112	7.5925	7.5236	7.3837	7.2946	7.6147	7.1189	6.6865	7.8826
SYNTH0277	4.5850	4.9542	4.4594	5.0444	5.9773	5.6147	4.0000	4.3219	5.2095	5.0000	5.1293	5.5546	5.4594
SYNTH0278	8.0389	9.8439	8.0444	9.5661	9.4388	8.9571	8.7781	9.7715	8.5118	9.0168	9.8154	NA	9.1033
SYNTH0279	4.8074	4.3219	6.1085	5.5546	4.8074	5.4919	5.9773	5.3576	5.6147	5.4594	5.0444	4.0000	5.6724
SYNTH0280	10.0251	8.9366	7.3219	9.0928	8.0768	8.3837	9.3966	8.0112	9.2808	8.5314	8.2432	8.1548	7.7879
SYNTH0281	5.8580	5.0000	4.0875	5.7279	5.0444	3.8074	4.2479	4.0000	4.5236	3.4594	4.0875	4.6439	3.9069
SYNTH0282	10.8750	9.9944	9.5450	10.9564	10.5603	9.5450	10.2070	8.9248	9.4030	9.0553	7.7142	9.0607	8.9687
SYNTH0283	7.7682	7.9887	6.8580	7.1085	7.9307	7.9887	6.7415	7.3837	8.4471	7.6653	6.9773	7.5469	7.2668
SYNTH0284	7.8642	7.5392	6.2288	6.9425	7.5699	6.3576	6.1085	7.2384	6.8948	7.6795	7.9600	6.8948	7.4676
SYNTH0285	4.8580	4.3923	3.5850	3.9069	4.3219	4.0000	4.8580	3.4594	3.5850	2.0000	4.5850	4.0000	4.8580
SYNTH0286	4.9542	5.0875	5.0000	3.8074	3.9069	3.7004	5.3576	4.9542	4.2479	4.7004	5.4594	5.3923	5.1293
SYNTH0287	6.0224	5.5236	6.3576	5.0875	5.5236	4.7549	5.8074	5.1699	4.5236	5.5850	5.5546	5.4594	4.5236
SYNTH0288	2.3219	4.3923	4.0875	3.5850	2.8074	3.9069	1.5850	3.5850	2.5850	NA	NA	1.0000	4.3923
SYNTH0289	6.7549	6.8455	7.6935	6.9542	6.2479	7.2854	7.5157	6.5546	6.3219	7.3487	6.8948	6.0224	6.8455
SYNTH0290	6.3923	7.0661	7.5157	7.1599	6.5546	7.1599	6.0875	6.0000	6.5236	6.1497	6.5236	5.9542	6.7142
SYNTH0291	8.1599	6.7415	7.5699	8.7748	7.1293	8.5314	7.5078	8.3219	8.0279	8.1799	7.9189	8.5196	8.0553
SYNTH0292	5.2854	6.8329	7.2479	6.1898	6.3576	7.2854	6.3219	5.9542	6.8329	5.2479	6.7415	7.3129	6.0875
SYNTH0293	3.3219	2.5850	4.0875	2.8074	3.3219	4.0875	4.6439	3.4594	4.0000	4.0000	4.3219	3.4594	3.9069
SYNTH0294	7.8265	6.7814	7.8826	7.3129	8.0056	8.6257	7.8517	8.1085	7.1396	7.7004	7.7415	5.6724	8.5546
SYNTH0295	7.9425	8.1447	8.3083	6.8948	7.9484	7.6366	8.6511	8.3219	9.0279	9.8281	10.0768	8.8765	8.8918
SYNTH0296	4.3923	3.0000	4.0875	3.4594	3.1699	3.4594	3.3219	5.0875	2.8074	3.3219	4.3219	3.8074	3.0000
SYNTH0297	8.3837	8.6546	9.5774	7.6366	9.1573	7.7549	8.6036	8.8455	9.1674	9.3264	9.4179	9.3487	9.5137
SYNTH0298	6.8704	7.1085	7.0661	7.1898	7.5622	7.0000	6.0875	7.2288	7.5850	6.9307	6.4919	7.6439	7.8826
SYNTH0299	5.0875	6.6724	NA	5.8329	6.0875	5.9307	6.4263	6.4094	6.3219	6.4594	6.6147	7.1396	5.7004
SYNTH0300	4.0875	4.0875	4.5236	5.2095	2.5850	3.9069	4.3923	5.0000	5.2854	5.1699	4.6439	1.5850	3.9069
SYNTH0301	8.8918	8.1898	9.7262	8.6653	9.6330	9.7296	8.5812	8.9189	NA	9.2597	8.6402	8.9396	8.6511
SYNTH0302	4.2479	6.0444	5.6147	4.5236	4.7549	3.8074	6.0875	5.8074	4.3219	4.9542	4.8580	5.0444	5.2095
SYNTH0303	5.0444	6.1293	4.9542	4.7549	3.9069	5.8826	4.3923	4.0000	4.4594	3.9069	5.4594	4.0000	4.8580
SYNTH0304	6.2095	6.6439	NA	6.7944	7.2668	5.9069	5.4263	6.9425	5.4594	4.9069	5.9773	6.0661	4.5850
SYNTH0305	9.6546	9.6294	8.6439	8.7448	9.0168	9.4533	8.1033	7.2288	9.4388	9.3038	8.1293	8.2621	8.8704
SYNTH0306	NA	10.6961	9.3772	9.1396	8.7582	9.7665	8.6110	8.7515	8.0980	9.7415	9.3038	9.8122	10.5028
SYNTH0307	3.4594	3.4594	4.0000	4.0875	3.1699	3.1699	3.7004	4.0000	4.0875	2.3219	3.4594	1.5850	3.1699
SYNTH0308	6.2668	5.5236	5.9773	5.9542	6.4094	6.3750	5.4594	7.1396	6.3038	6.5078	7.0768	6.2288	6.0000
SYNTH0309	9.4073	7.8948	8.4051	10.3129	8.4594	8.7004	9.7279	7.5622	10.3608	8.3129	9.4798	9.1849	8.4263
SYNTH0310	8.5546	9.1624	8.4919	8.3174	8.5314	6.7415	9.3151	8.9129	7.8265	8.7879	8.2479	9.4200	8.7039
SYNTH0311	5.5236	NA	4.9069	6.3576	5.6724	NA	6.3038	5.9773	5.1699	7.2095	6.4094	6.3399	5.7549
SYNTH0312	7.9944	8.0768	7.3487	7.3923	7.1396	7.6147	8.3966	8.0768	7.8948	8.4094	8.3038	6.9658	8.5661
SYNTH0313	9.6689	9.0821	7.7279	9.8642	7.8580	9.2946	7.6221	7.5392	9.4242	6.9425	8.6294	10.0140	8.4717
SYNTH0314	8.8297	7.1599	7.2288	6.2288	5.6724	7.4594	8.7715	8.6110	8.9484	9.0417	8.6653	8.7347	9.6294
SYNTH0315	5.4594	4.7549	3.8074	3.0000	5.7279	5.0444	6.0661	5.3219	5.7004	4.9542	4.6439	4.9069	5.4919
SYNTH0316	5.4594	4.3219	5.2095	6.5850	6.2668	7.1497	5.0000	6.4263	6.6439	6.3576	5.0875	5.2479	6.5999
SYNTH0317	4.8074	3.5850	4.4594	5.0444	4.8074	5.3576	4.8074	5.4594	5.0000	4.0000	5.0444	5.0875	4.7004
SYNTH0318	4.0875	6.8704	5.2479	6.1699	6.4757	6.2288	6.1497	6.3399	6.4919	6.7279	6.9887	NA	5.0000
SYNTH0319	3.7004	4.6439	5.4263	4.1699	4.2479	4.7004	4.1699	4.0000	5.4594	3.7004	3.0000	2.8074	3.5850
SYNTH0320	6.8948	8.0980	7.3576	6.6865	7.5078	7.4009	5.2095	6.3576	7.8455	7.7074	7.4838	6.8202	8.2095
SYNTH0321	8.2046	9.2621	7.8948	8.5661	8.8361	8.4388	9.0112	9.2715	8.6402	8.5430	8.7482	8.5118	8.8106
SYNTH0322	7.7616	7.4998	7.2668	7.9307	6.9542	7.7549	6.8704	6.5999	7.7549	8.0389	6.0661	6.7944	6.5999
SYNTH0323	4.1699	3.8074	5.7549	4.1699	4.5236	4.9069	5.4263	3.9069	4.0000	4.6439	3.8074	5.0875	4.0000
SYNTH0324	7.9773	7.6724	8.2479	8.8549	7.8455	6.2479	8.1948	8.1799	7.8265	7.7211	8.6795	7.8074	7.5236
SYNTH0325	4.4594	6.2095	6.2479	4.9542	6.6439	5.7279	6.4919	6.4594	6.3399	6.2479	6.8329	6.0000	5.5546
SYNTH0326	3.4594	5.2095	4.3923	4.8074	4.9542	5.0875	5.0000	6.9069	6.4594	6.5236	5.7279	7.0000	6.8455
SYNTH0327	9.8439	9.2070	9.1396	9.9084	8.0715	9.6742	9.9410	9.5157	9.2831	8.7245	8.9858	9.7313	9.2432
SYNTH0328	6.1497	6.5699	5.2854	5.9069	5.8580	5.8329	6.3399	6.3399	6.3399	6.1085	6.3576	5.5546	4.7004
SYNTH0329	4.1699	5.2479	4.3219	3.3219	4.0875	4.1699	3.4594	3.8074	3.7004	4.2479	3.3219	4.1699	4.2479
SYNTH0330	9.1874	8.8611	8.1849	7.6439	7.9484	8.2479	9.2644	8.8887	8.8826	8.1997	8.4798	9.0334	8.7582
SYNTH0331	6.4094	3.8074	4.9542	6.4429	5.8329	5.8329	6.2479	5.5546	5.6439	5.1699	6.4757	5.9773	5.7279
SYNTH0332	8.3174	8.2143	8.4009	10.0458	9.3663	8.4305	9.7381	9.4409	9.5216	10.6357	8.9513	10.3443	9.9366
SYNTH0333	7.8642	7.1898	6.8704	7.7616	7.0224	7.9425	7.9425	7.2384	8.1085	7.6795	8.0056	8.1293	6.2288
SYNTH0334	10.5078	9.7177	9.9527	8.6221	9.0498	10.6147	8.5850	7.7549	8.7649	7.9542	8.1649	7.0334	7.6795
SYNTH0335	5.4263	4.1699	5.3923	6.2095	5.7549	6.2288	5.4263	5.2479	6.4594	5.2479	4.3219	5.2095	5.4263
SYNTH0336	2.0000	1.0000	1.5850	2.5850	3.1699	2.0000	3.0000	3.4594	4.0000	2.0000	4.5236	4.0875	4.2479
SYNTH0337	5.1699	6.0000	6.4429	6.5392	4.4594	5.6724	5.8329	6.4757	6.1085	6.4429	6.7004	6.5392	5.6724
SYNTH0338	6.7142	6.5699	7.3487	6.4919	7.1997	6.3219	6.8455	7.5774	7.0980	7.1699	6.8580	6.8455	7.4179
SYNTH0339	6.4594	5.5850	4.6439	5.5236	NA	6.1497	5.2854	6.0224	6.0661	6.1085	5.5236	6.5392	5.3576
SYNTH0340	7.5850	8.0112	7.1497	7.9715	7.4009	8.0279	8.2574	7.3837	7.5925	7.6294	6.9069	7.4429	6.4757
SYNTH0341	6.0000	5.2095	5.5546	6.6294	6.1085	5.5236	5.0875	6.1898	5.9307	7.0553	6.1085	6.3399	6.8329
SYNTH0342	7.7549	8.8106	8.4221	7.3038	8.3264	7.2095	7.2854	8.2668	7.9307	8.6511	7.5925	7.8948	8.6439
SYNTH0343	6.4594	5.0875	5.8826	5.2095	6.2479	4.9069	4.9069	3.0000	5.2479	3.9069	3.3219	3.4594	4.6439
SYNTH0344	3.8074	4.3923	4.0000	3.5850	3.4594	3.3219	3.5850	4.5236	4.3219	4.1699	3.5850	3.4594	4.9542
SYNTH0345	8.8826	9.1137	9.7846	9.5177	7.9189	9.3061	8.3923	8.6653	6.9887	8.9009	8.8170	8.9189	9.3597
SYNTH0346	4.7549	3.1699	5.0000	3.0000	3.8074	3.4594	5.6439	4.7004	4.3219	3.3219	2.3219	4.6439	4.8074
SYNTH0347	5.5850	5.0444	4.5236	4.5236	4.3219	4.5850	5.8329	3.9069	3.8074	5.6439	4.3923	5.0875	3.9069
SYNTH0348	5.2854	5.3576	5.3219	4.4594	4.8074	4.5236	6.4263	5.7814	5.7549	4.6439	6.4263	6.8455	5.4263
SYNTH0349	8.0821	9.2946	8.0768	9.4998	9.7912	8.3750	8.6795	8.4263	8.6475	7.4346	8.7515	8.7279	8.5546
SYNTH0350	9.4898	8.7682	7.6221	8.6653	8.5469	9.6582	8.6795	8.9687	8.4553	10.2432	8.4757	8.7977	9.4263
SYNTH0351	5.0000	3.3219	4.4594	3.8074	2.5850	3.8074	4.5236	2.3219	4.0000	3.7004	4.1699	5.2095	3.0000
SYNTH0352	8.2854	7.5392	9.3554	8.6402	7.7814	7.4512	7.5850	7.4009	8.7616	8.0112	7.3399	7.8826	8.0980
SYNTH0353	9.6421	10.1611	9.4367	9.8796	8.5546	9.9009	8.6366	9.1997	9.0741	8.3038	9.1923	8.9571	10.0224
SYNTH0354	2.3219	5.2479	4.3923	4.6439	4.5850	3.1699	3.3219	4.0875	4.8580	3.7004	4.4594	4.7004	4.7004
SYNTH0355	6.7814	7.0553	7.0553	8.0224	6.5850	5.5850	6.7142	7.3837	6.6439	6.2288	6.9658	5.1699	6.5236
SYNTH0356	8.8202	9.0279	7.8517	7.6147	9.2900	8.3794	7.2854	8.4136	8.1447	7.8887	7.3487	8.5236	7.5699
SYNTH0357	7.5157	9.4939	8.8765	8.3837	8.8642	9.0661	9.6653	10.2586	9.0875	9.7160	9.9322	8.9454	9.1370
SYNTH0358	8.5812	8.9773	7.9944	7.3399	7.6653	8.1241	8.0928	8.4919	8.3174	8.0553	7.3219	7.7004	7.5078
SYNTH0359	7.2668	6.8455	6.6439	6.2095	6.0661	5.9307	5.9307	7.1799	6.9542	5.4594	6.9887	6.2288	7.0768
SYNTH0360	8.7142	9.3880	8.6402	9.9687	9.5999	8.3750	9.5137	9.2192	9.0901	9.0661	9.3750	9.7993	9.8918
SYNTH0361	6.4594	5.8580	5.8580	5.5546	5.4919	5.7004	5.3576	4.3923	4.4594	5.1293	5.2854	5.7549	6.1293
SYNTH0362	7.1497	7.6221	5.8580	7.0661	7.4346	7.9600	7.0980	7.5546	7.0000	5.2479	7.2095	6.4919	6.6147
SYNTH0363	8.1599	8.4094	6.3750	8.1447	8.1293	8.0875	8.0661	8.4998	NA	7.7415	9.0795	8.3487	7.9069
SYNTH0364	8.1699	8.3837	8.8297	8.7944	8.9513	9.1370	8.7004	8.5157	9.0741	8.6294	8.2046	8.9248	9.1370
SYNTH0365	3.0000	3.0000	3.0000	3.8074	2.5850	2.5850	2.0000	3.0000	3.4594	3.5850	3.5850	4.0000	3.9069
SYNTH0366	9.8057	9.7830	9.0928	9.2456	8.8234	8.2479	8.7582	9.7532	8.7582	8.0000	10.1344	9.6073	8.7211
SYNTH0367	7.9069	9.0000	8.4838	9.4574	8.1799	8.0715	9.4491	8.4838	8.4798	8.4717	7.9600	9.7482	9.1774
SYNTH0368	5.0444	4.6439	5.3576	4.2479	4.0000	4.0000	4.5236	4.8580	4.0875	3.0000	3.9069	4.5850	4.7549
SYNTH0369	3.4594	4.8580	3.9069	3.5850	4.4594	3.0000	3.1699	5.0000	3.3219	3.5850	4.0000	3.9069	3.0000
SYNTH0370	6.4757	6.8202	5.7004	6.3923	6.2668	6.3923	5.6147	7.1085	5.0000	7.4757	6.7142	7.0112	6.2854
SYNTH0371	7.7814	7.5546	8.5999	8.5430	8.0279	7.0224	7.2761	NA	6.8455	8.4757	8.0224	7.1085	7.7482
SYNTH0372	5.9069	4.4594	3.9069	4.0875	4.3219	4.4594	4.7549	3.9069	4.5236	4.4594	4.0875	4.0875	4.7004
SYNTH0373	5.2854	5.3219	5.4263	4.7549	5.2854	4.7004	5.5546	5.5236	5.1293	5.3576	4.4594	4.5236	4.7549
SYNTH0374	2.8074	4.0875	1.5850	3.7004	2.8074	2.5850	1.5850	3.9069	3.5850	3.8074	2.8074	4.0875	4.4594
SYNTH0375	5.1699	3.7004	5.3576	4.8580	5.3576	6.3219	4.5236	5.7549	4.7004	4.7004	4.2479	6.1497	5.2854
SYNTH0376	4.8580	5.6439	5.5236	4.6439	4.7549	4.3219	4.0000	4.2479	4.6439	5.0444	5.1699	4.6439	NA
SYNTH0377	7.3399	7.4179	8.6653	8.6582	7.5236	8.4136	7.2946	8.0821	7.9658	7.7415	8.5699	8.0875	7.8948
SYNTH0378	6.1085	5.1699	4.2479	6.1293	5.2854	4.9542	5.3923	4.3923	5.2854	4.2479	4.3219	3.0000	4.5236
SYNTH0379	6.0661	5.8580	6.5999	7.1799	6.1085	5.5236	7.1293	5.5850	6.6724	6.0224	7.0553	6.9307	5.8074
SYNTH0380	6.1898	5.7549	4.8074	6.5078	6.0224	5.8074	5.9069	NA	5.9542	5.9773	6.6294	6.0000	6.1293
SYNTH0381	6.9658	6.9887	8.3707	7.1396	7.6147	8.0168	7.3923	6.2854	7.9189	6.9773	7.0875	7.2854	7.3038
SYNTH0382	3.9069	4.7549	4.5236	4.8074	4.4594	4.6439	4.0000	5.1699	4.5236	3.7004	4.3923	4.5850	3.1699
SYNTH0383	7.3309	6.5999	6.6147	7.1293	7.6865	6.5078	7.3219	6.9307	6.1699	5.0444	7.6294	7.4838	8.3966
SYNTH0384	5.0444	8.2715	8.2854	6.8704	8.1344	6.3576	6.2288	7.0112	7.6795	5.9773	6.5999	7.5925	6.6582
SYNTH0385	4.8074	5.1699	6.1898	5.3923	5.3923	6.1497	5.7814	5.0875	5.0875	5.9307	6.3923	5.8580	5.1293
SYNTH0386	8.8297	7.7814	8.4179	8.2336	9.2621	8.2854	9.3376	8.0224	8.7039	8.5925	8.5774	8.3309	9.4656
SYNTH0387	6.0444	6.6724	6.4757	6.8704	4.7004	6.2854	8.1033	7.4998	6.4594	7.2192	8.0389	7.2854	7.5925
SYNTH0388	4.1699	4.0000	4.4594	4.6439	4.2479	4.7549	2.0000	4.3923	3.8074	3.8074	3.9069	4.2479	3.9069
SYNTH0389	3.4594	2.3219	3.4594	4.5850	3.1699	NA	4.8580	4.9542	4.9542	5.9069	4.2479	3.1699	3.8074
SYNTH0390	7.3219	7.7415	7.0661	7.2288	6.2095	7.0334	6.9307	6.5078	6.1497	6.7142	7.0553	7.5236	6.4263
SYNTH0391	4.7004	6.2854	5.9069	6.4263	6.2668	6.1699	6.9425	7.0875	7.8074	7.8580	7.2574	8.0334	6.8202
SYNTH0392	5.7004	6.0875	4.7549	5.9069	6.1293	5.6147	5.0444	5.2479	5.9069	6.3038	5.6724	6.7279	NA
SYNTH0393	4.1699	4.2479	3.5850	4.0875	4.5236	5.2095	4.3923	4.0000	5.0875	5.6439	4.4594	5.2479	3.8074
SYNTH0394	8.7177	8.3531	6.7944	8.2992	8.4676	8.3880	8.7814	7.6147	8.1849	8.4998	8.4305	NA	8.3443
SYNTH0395	7.1085	6.3038	7.3923	7.9129	7.4429	7.4512	7.9366	8.1241	8.1599	7.7616	8.6184	8.3966	8.0768
SYNTH0396	8.6257	8.4676	8.7381	8.4838	9.4696	7.9425	9.4388	8.3794	8.2288	8.6653	7.6221	8.9396	8.9773
SYNTH0397	4.2479	4.0875	6.0444	5.0875	5.4594	5.8580	6.0224	5.0000	5.7549	5.8826	4.1699	5.4919	6.3219
SYNTH0398	4.7004	4.6439	3.0000	3.8074	4.2479	5.3923	4.3923	4.5850	4.9069	2.5850	4.0000	4.4594	4.9069
SYNTH0399	5.8329	6.1898	6.2668	6.7142	6.7682	6.2479	6.8455	5.7814	6.6865	6.3750	4.8074	6.2854	6.6147
SYNTH0400	8.0279	8.6221	8.1497	8.9629	8.9801	9.7125	7.7004	9.0688	8.7142	8.6865	7.9600	6.9542	8.2095
SYNTH0401	3.8074	4.7549	5.2854	4.0000	4.8580	4.3923	5.3219	5.4594	4.8580	4.3219	3.7004	5.0000	4.2479
SYNTH0402	5.9307	5.7814	6.6582	5.4263	5.4594	5.5850	6.1497	5.4263	6.1898	6.3399	4.9542	5.4919	5.2095
SYNTH0403	10.4522	9.1874	9.4656	10.7296	10.5915	10.9196	7.9009	9.5831	9.0661	8.3880	8.8265	8.2574	8.2946
SYNTH0404	9.0875	9.1674	8.0224	7.7879	7.7879	7.1396	7.7211	8.0661	6.7142	6.9069	6.9189	8.1033	8.3174
SYNTH0405	4.3219	3.3219	4.8580	4.0875	4.2479	5.6147	3.4594	3.5850	3.1699	3.7004	3.5850	4.3219	4.5850
SYNTH0406	7.5469	8.6795	8.6546	7.8580	8.0768	9.0661	8.5196	8.4717	7.8580	NA	7.8009	8.3966	8.5736
SYNTH0407	6.5546	7.3038	7.9830	7.0444	7.0224	6.2668	6.9887	6.8074	7.5699	6.3576	7.8455	7.6511	6.8826
SYNTH0408	6.2668	6.1699	4.9069	6.4757	7.9773	7.1293	6.1085	5.7004	5.6724	7.2761	6.8202	6.6294	6.8455
SYNTH0409	7.5925	6.7279	7.5314	7.0980	6.8580	6.8580	6.0661	7.4346	8.3219	6.1497	7.6147	7.2288	7.4179
SYNTH0410	6.5850	6.9189	7.5925	6.9773	7.2574	6.2288	5.6147	6.5999	6.5236	7.0334	6.2095	6.3219	6.9542
SYNTH0411	7.0000	7.6147	6.1898	5.7814	5.7004	6.3399	6.9307	5.7004	6.9542	6.4429	6.5236	6.2854	6.3576
SYNTH0412	8.6724	9.6777	8.1189	7.6439	8.5430	10.1662	8.9099	8.3354	9.3880	10.2444	8.7748	NA	9.1799
SYNTH0413	6.1497	6.7004	6.7944	6.5078	6.2668	6.3399	7.1497	7.1293	6.2095	6.8202	7.1396	7.3837	6.9307
SYNTH0414	6.8826	7.2761	7.4838	6.7944	7.9830	7.2384	7.6073	7.4594	7.1898	8.3794	7.0875	7.9069	7.2946
SYNTH0415	5.6147	6.1293	6.4919	6.9887	5.2854	6.0224	5.8580	5.7814	6.9425	6.1497	6.5699	7.3399	6.5392
SYNTH0416	8.5661	6.6865	8.0607	7.8887	8.2143	8.5430	8.5774	6.6724	7.7682	7.8765	8.1599	8.2854	8.2992
SYNTH0417	7.3487	7.3309	6.7814	6.9189	6.8074	6.0444	6.1898	7.7074	7.3038	6.7682	6.6865	6.5392	7.3219
SYNTH0418	6.7004	6.6582	7.6582	7.0553	5.6147	7.5314	6.6439	7.1997	8.1799	6.6147	NA	6.6865	7.5999
SYNTH0419	NA	4.7004	3.8074	4.3923	4.4594	3.7004	4.0875	3.5850	4.0000	1.5850	4.4594	4.0000	4.1699
SYNTH0420	3.5850	2.5850	3.1699	5.0444	5.4263	3.4594	3.4594	4.8580	4.3923	2.5850	5.4594	5.2479	4.5236
SYNTH0421	8.6582	8.1749	7.3399	6.9307	7.6147	7.4594	7.5850	6.3038	7.1396	7.3923	6.7142	8.4676	7.4512
SYNTH0422	6.3219	7.6511	6.3399	5.6147	7.2574	5.8329	7.4919	7.8202	7.7616	5.7549	8.3794	7.7682	8.8074
SYNTH0423	3.5850	4.1699	4.4594	3.9069	3.4594	3.5850	4.2479	5.3576	5.0875	5.1293	4.6439	5.6147	5.0000
SYNTH0424	8.7879	8.0056	9.1241	7.7482	7.9944	8.3619	8.6073	9.4635	8.6900	8.6760	9.0821	8.3531	8.8611
SYNTH0425	4.5850	4.3219	5.1293	4.7004	5.4263	4.1699	5.2479	4.7004	4.7549	5.1699	4.8074	5.0000	4.3923
SYNTH0426	4.7549	NA	2.5850	4.2479	4.0875	5.0875	3.4594	3.7004	4.1699	4.7004	5.0000	3.4594	4.0875
SYNTH0427	8.1241	7.9830	9.1599	9.2288	7.5314	8.0000	8.2527	7.4838	8.8765	8.9039	8.2808	9.2167	7.6439
SYNTH0428	7.9484	8.7448	8.0498	7.4346	7.5078	7.3923	7.7074	7.2574	7.8948	7.5699	7.6653	6.7944	6.1497
SYNTH0429	7.1599	6.6865	8.0928	6.7549	7.1293	8.4959	7.0444	6.3399	7.0224	7.5774	7.2668	8.4919	6.4594
SYNTH0430	5.1293	4.6439	5.8074	6.1085	5.5236	5.0875	5.3219	4.9069	4.3923	4.9542	5.2095	6.1699	4.5236
SYNTH0431	4.0875	4.7549	4.6439	5.0000	5.0444	4.3923	5.1699	5.2854	5.0444	5.2854	5.7814	6.5999	6.2479
SYNTH0432	8.0498	8.4878	7.9887	7.2668	7.4676	7.6795	9.6865	8.8796	9.4242	8.7781	8.2900	8.3399	8.4512
SYNTH0433	4.3923	5.1699	4.9069	5.8826	3.4594	4.3923	6.1293	5.5236	4.9542	5.8329	5.6724	6.2854	5.5546
SYNTH0434	6.4594	6.5699	6.7415	7.3750	4.3923	6.3038	5.0875	6.2854	6.5078	6.7549	6.7944	5.4594	6.1898
SYNTH0435	3.4594	4.1699	3.5850	3.8074	3.3219	2.0000	3.1699	3.7004	3.4594	3.1699	2.5850	3.9069	3.9069
SYNTH0436	5.7004	6.5078	6.0661	5.8580	6.1085	5.8826	6.2095	5.8074	5.3923	6.9425	5.2854	5.7279	6.6294
SYNTH0437	4.8074	5.4919	4.5850	4.7549	5.0875	4.1699	3.8074	4.0875	5.3219	NA	4.3219	4.5850	3.8074
SYNTH0438	8.5925	9.6952	9.1649	9.5058	10.4157	10.5765	8.4878	8.8796	9.5755	9.1370	9.1849	8.7039	8.6582
SYNTH0439	7.7004	7.5314	7.5157	7.2095	7.1699	7.5392	7.2384	7.1189	8.4471	7.4594	7.8642	8.0056	6.7549
SYNTH0440	4.7549	4.8074	4.3923	4.3219	5.9773	4.8074	5.9542	5.6439	5.7004	6.8455	5.8580	5.0444	6.0661
SYNTH0441	9.2456	8.5078	7.2479	9.4898	9.0848	9.0444	7.8704	8.1849	8.5584	8.3531	8.1599	8.1649	7.8265
SYNTH0442	5.6147	5.8826	5.4594	4.7004	4.7004	5.2095	6.0000	6.0444	5.2854	5.6724	5.4594	5.8580	5.6724
SYNTH0443	10.4030	9.8313	10.3309	9.2854	9.7549	9.2854	8.1447	9.2574	8.6546	8.1699	8.1799	7.0334	8.5622
SYNTH0444	5.9542	6.0000	6.3038	6.8074	7.3487	5.2479	5.2854	4.5850	4.5236	4.3219	5.2095	5.0000	5.6147
SYNTH0445	4.9542	6.2288	5.6439	5.0000	3.5850	6.0661	3.5850	5.0875	5.8580	5.5850	4.0875	4.3219	5.2854
SYNTH0446	8.4429	8.8265	9.2503	8.4838	8.5661	9.6366	9.0084	9.5981	9.3487	9.1085	8.9513	9.5430	9.2360
SYNTH0447	8.5196	9.9114	9.6724	8.6511	8.3083	8.8765	8.4051	9.5058	9.3129	8.5430	8.9129	8.8948	8.9773
SYNTH0448	5.0444	4.5236	5.0875	5.4594	4.4594	4.8074	5.7814	5.8826	5.9542	5.7279	6.9069	5.0444	4.9069
SYNTH0449	8.5236	7.5392	7.6865	9.0251	8.8580	8.3354	7.3129	7.0224	7.9484	7.9189	7.2668	8.6618	7.8517
SYNTH0450	5.7279	7.5850	6.9307	5.7549	5.0444	7.4179	6.2095	5.4263	6.5392	5.9307	5.4919	7.3923	7.2761
SYNTH0451	6.4919	6.3750	5.9069	6.6147	6.2479	6.5546	5.0875	4.7549	5.0444	5.5236	4.3219	4.8580	4.4594
SYNTH0452	5.8329	5.6439	6.4757	6.0444	6.3750	4.4594	4.9069	5.4263	4.8580	7.0334	5.8826	5.3219	5.5546
SYNTH0453	6.1898	6.0661	5.8826	5.8826	6.1085	5.9069	7.5314	6.3576	6.4429	6.9542	7.4009	7.3038	7.4009
SYNTH0454	4.5236	3.1699	3.1699	3.8074	2.5850	4.2479	3.3219	3.7004	2.5850	3.1699	3.7004	4.2479	3.1699
SYNTH0455	8.4838	9.1699	8.7381	9.8948	8.9542	8.0553	NA	9.7879	9.8688	8.0821	9.4858	9.4491	9.0607
SYNTH0456	6.5078	6.7142	7.1599	6.3038	6.4757	5.7814	6.9189	6.1085	6.1898	7.0224	6.0224	7.5392	6.1293
SYNTH0457	4.3923	3.0000	4.0875	5.2854	4.7549	1.5850	4.7549	4.0875	4.3923	4.4594	4.3923	3.4594	3.8074
SYNTH0458	5.6724	5.4594	6.0000	3.4594	6.4263	5.6439	5.4594	6.4263	5.5236	5.2854	6.3038	5.7814	5.8580
SYNTH0459	4.9542	7.0875	7.6511	6.3399	7.0224	6.7279	5.9773	5.7814	6.4263	6.7944	5.5850	6.9307	6.9658
SYNTH0460	7.9944	7.2479	8.0768	6.5999	7.1189	7.1599	8.3531	8.5353	8.0928	8.2479	7.8202	7.3129	7.8138
SYNTH0461	7.6653	7.9484	7.3576	7.5699	6.9307	6.4429	7.7814	6.9887	8.2240	6.4919	7.7074	7.4919	7.9658
SYNTH0462	8.1849	6.5699	8.1241	6.9887	7.0980	6.8704	7.1898	7.0768	7.5999	5.7279	6.3399	6.3923	7.3576
SYNTH0463	3.3219	3.3219	4.0875	3.8074	3.4594	4.3923	4.8580	4.7004	4.8074	4.5236	5.0875	3.8074	4.7549
SYNTH0464	6.7279	6.7279	7.0444	6.1898	5.8826	5.8074	6.3399	6.4919	5.6724	6.6147	6.0224	6.4094	6.2095
SYNTH0465	6.6724	6.4919	7.2479	6.7415	7.3219	7.2192	7.5622	6.5850	6.2854	7.2288	7.1997	5.4594	6.8826
SYNTH0466	5.7814	6.1497	6.9542	6.0000	5.9069	6.4263	6.2479	5.5546	6.4263	6.1293	6.9425	5.9069	7.1599
SYNTH0467	4.5236	4.0000	4.3219	2.3219	4.7004	4.0875	3.3219	3.7004	3.4594	3.3219	3.4594	4.0000	4.1699
SYNTH0468	5.4594	NA	5.7004	6.1497	4.9069	5.7004	6.5999	4.8580	6.5392	5.2095	5.4919	4.8074	6.0661
SYNTH0469	5.8580	6.7415	7.0980	6.4263	5.2854	6.2095	7.0334	5.9773	5.5236	5.9069	7.2479	6.7279	6.8948
SYNTH0470	3.9069	4.4594	2.5850	4.0875	4.5236	4.2479	5.3923	4.5236	5.0000	4.9542	4.7004	5.5850	3.5850
SYNTH0471	4.7004	4.8580	4.3219	5.5236	4.9069	4.5850	4.4594	5.0875	NA	5.0000	5.8580	5.0000	4.3219
SYNTH0472	7.8580	8.1649	6.9307	6.7279	7.2384	7.8642	8.2240	7.2668	7.2384	7.2574	8.5196	7.9887	8.0607
SYNTH0473	7.6653	7.3837	8.0112	7.5236	6.6147	7.8826	9.1085	9.0768	7.8074	8.6546	9.3554	8.0334	8.4051
SYNTH0474	7.8009	6.1898	7.2479	6.2668	7.0444	6.2854	5.5546	5.9542	6.9773	5.9773	7.0661	6.1293	7.6511
SYNTH0475	8.7381	8.5507	9.3685	9.0715	8.0607	9.3554	7.7415	8.3531	9.1997	8.2288	9.0688	8.9542	8.9454
SYNTH0476	2.8074	3.3219	4.1699	4.5236	3.5850	2.3219	3.0000	4.7004	3.5850	3.1699	4.5236	4.0875	3.3219
SYNTH0477	7.5850	6.1085	8.2192	7.8455	7.4429	7.2479	7.0334	8.0715	7.2574	8.2192	6.6582	8.2668	7.5078
SYNTH0478	7.9189	9.0741	8.9944	9.4157	9.1497	8.5546	9.4838	9.2336	9.5098	8.5925	9.0417	9.2854	8.2046
SYNTH0479	5.4919	5.6439	4.7549	4.8580	4.3219	4.7549	4.7004	4.9542	4.8580	4.9542	3.3219	4.7004	5.5850
SYNTH0480	5.8826	6.0444	5.4263	5.1699	5.5236	5.7279	4.6439	5.2479	5.7549	5.9069	6.2095	4.0000	4.8074
SYNTH0481	4.5236	4.1699	5.6147	5.2479	NA	4.5236	4.7004	4.3923	4.0000	6.1898	5.3923	4.2479	6.4263
SYNTH0482	6.2854	5.2854	5.5850	5.3576	5.3923	4.9542	5.5236	4.0875	4.9542	4.5236	5.9542	6.4263	5.7814
SYNTH0483	9.0084	10.1724	9.6653	9.6475	9.0362	9.3554	9.2621	8.8486	9.1649	10.1948	9.8734	8.6073	9.7039
SYNTH0484	4.4594	4.5850	4.0000	4.8074	5.2479	4.3219	4.8074	4.4594	4.8580	5.5850	4.6439	5.1699	3.4594
SYNTH0485	8.7142	8.8796	8.5275	8.4051	9.2360	7.7074	7.3750	9.0362	8.3576	8.7748	9.7381	9.6564	8.9858
SYNTH0486	4.5236	6.7814	6.7004	7.1396	7.0224	7.2095	5.8580	5.6724	6.2479	4.8580	5.7279	6.0224	5.5546
SYNTH0487	4.7004	4.4594	1.0000	4.1699	0.0000	4.8580	3.5850	4.9069	3.5850	4.3923	3.4594	3.4594	3.5850
SYNTH0488	6.7142	6.9425	5.5546	6.9773	5.5546	6.6582	6.2668	6.7004	7.1799	6.4263	5.3923	6.6865	6.9658
SYNTH0489	6.2479	6.7814	NA	5.6439	5.1293	4.9069	5.5850	4.8074	5.5850	5.0444	5.5850	5.9069	4.3923
SYNTH0490	3.1699	4.4594	4.2479	4.0875	4.2479	NA	3.4594	4.2479	4.7549	4.0000	3.4594	4.5850	5.1699
SYNTH0491	4.4594	4.4594	5.1293	3.3219	5.0875	4.5850	3.3219	3.7004	4.3923	4.3219	3.4594	4.3219	4.4594
SYNTH0492	4.8580	4.5236	5.0444	4.2479	4.8580	4.9069	4.3219	4.5236	4.4594	3.8074	4.7549	4.3923	3.7004
SYNTH0493	7.0224	8.4512	7.5157	8.2479	8.2288	7.0875	7.6439	8.8918	8.5622	7.6073	7.2946	7.3399	7.4676
SYNTH0494	6.7682	5.4594	6.0000	6.2479	6.5850	6.0875	5.5850	6.0224	6.3923	6.7279	7.2095	6.1898	5.4263
SYNTH0495	7.5699	7.4346	7.8826	7.2288	7.4512	6.2668	6.5078	7.9484	6.9069	7.3837	7.9248	7.0112	7.5236
SYNTH0496	9.0526	9.6330	9.2621	8.6546	9.0417	9.3129	9.1421	8.8041	8.7211	9.7482	9.7108	8.6294	10.1762
SYNTH0497	6.8704	8.0661	8.2992	7.7004	6.8074	7.3309	6.2095	NA	7.3219	5.1699	6.7004	7.4676	6.5850
SYNTH0498	9.1472	8.0768	9.7074	9.4284	8.5314	8.2336	9.6018	8.8392	8.3707	8.7879	8.9744	9.3641	8.4838
SYNTH0499	8.7944	8.9972	8.8796	8.9801	NA	7.8948	7.5236	8.6184	10.2969	9.3815	9.5527	9.6312	7.8704
